rs,G,D,L,top_F2,top_edge,hom_F2,hom_med,hom_lat,inter_frac,v1_top2,S_inf,Ratio_w,idx,age,sex,referred,MCth
4.56386640879784,0.3363850643576014,0.07034007550695999,2.1004931441407058,0.12264787846772439,Frontal_Sup_R--Frontal_Mid_R,0.2721783876347775,0.05768990581540922,0.0494102768104497,0.2822095663693055,0.5744644607871638,0.6101680892260359,2.2597173717211607,626,10.0,1,0,10.012593169147529
5.235838521877096,0.32819904893571616,0.08652375825916188,2.00789699762069,0.15708163191343683,Supp_Motor_Area_L--Supp_Motor_Area_R,0.32720624755353195,0.1004903308032649,0.020706065176823742,0.3251499734012076,0.42496192650061515,0.6226386125336816,2.1020585765301765,627,11.0,1,1,10.944082860793728
7.908697434159368,0.5117053435691333,0.0951587310738993,1.7687410133774482,0.0697817996812487,Precentral_R--Postcentral_R,0.1951585378945757,0.07891622527223993,0.007236229090487032,0.23481785768134775,0.38593618847395383,0.6624577979933345,1.8528654840492875,628,9.0,1,1,11.369920681916454
5.211532804203499,0.32946025156735204,0.07878364308548758,2.1865241094884524,0.24693541714358372,Supp_Motor_Area_L--Supp_Motor_Area_R,0.4336813852365387,0.10214990641401199,0.0074762056776469694,0.272408483188968,0.6944571350525055,0.6486970915933136,2.2391878368317197,629,12.0,1,1,10.491179120510312
6.906019196991459,0.4540667349784417,0.08102604345033888,2.044143319366083,0.12395337437454122,Supp_Motor_Area_L--Supp_Motor_Area_R,0.281369048728118,0.08841156692833875,0.012081919942554314,0.23614627706323887,0.31275588036677404,0.6623638036057362,2.161334859341973,630,14.0,0,1,11.89290014127402
6.811645536431404,0.41757582734989795,0.08495543591978628,2.0909969384746185,0.1713870753674421,Precuneus_L--Precuneus_R,0.2840317822888839,0.08510841899558218,0.012592045677359555,0.2743259052585066,0.3164054644104306,0.6600190336458658,2.302003478361954,631,15.0,0,1,11.903076938172608
6.555921247825927,0.4793399321539089,0.0698107584309566,2.133514709552271,0.17924724436813272,Precuneus_L--Precuneus_R,0.336253857227268,0.08313435008917847,0.013432278964801805,0.22837422196338222,0.26242986645465316,0.6563235960330956,2.2316816902082057,632,10.0,1,1,11.588858844287763
5.50034490703716,0.3143420449237312,0.08006489035355775,2.379979497582352,0.17245293967681016,Precuneus_L--Precuneus_R,0.48712706021292773,0.11752373337765211,0.036944789437159044,0.3571359590710126,0.46097198503981324,0.6648762006214411,2.5329516870250175,633,11.0,0,1,10.592380167796835
7.066956582916095,0.4914878715164679,0.0811709884004497,1.9290641202988092,0.09604502216052016,Precuneus_L--Precuneus_R,0.243209004615368,0.07724746973605874,0.012324278788713342,0.226968421820008,0.3949243970702414,0.6571539312398713,2.0030574331386144,634,9.0,0,1,11.603965091293944
5.524944264937497,0.39770595263208713,0.0776734422938384,1.94769584275381,0.11669784015303551,Parietal_Sup_L--Precuneus_R,0.2750016699730304,0.08497832597572988,0.028076535027376667,0.3053505130383114,0.5134777664010836,0.6290209189307756,2.01474271328514,635,11.0,1,1,10.409888280222866
5.827263179185514,0.4282440564267036,0.08435718433160394,1.7566251361410203,0.07002940902314081,Supp_Motor_Area_L--Supp_Motor_Area_R,0.2680708309354688,0.0755059967094351,0.036601411959578146,0.29172037768026304,0.3688371341305557,0.6272853574383899,1.8350764207184644,636,8.0,0,1,11.141735853423677
5.254180805086903,0.3246704196369907,0.08618462912730102,2.044844811254048,0.17789138460516346,Frontal_Sup_R--Frontal_Mid_R,0.21882240775950174,0.08245182714925411,0.009356833034874557,0.2334154846963842,0.5492923615770684,0.6189325347200128,2.1668896389299532,637,12.0,1,1,11.144684931589357
6.437283780116351,0.3924674750739813,0.08412373941623197,2.1232850109467574,0.16427857140935154,Supp_Motor_Area_L--Supp_Motor_Area_R,0.35319603510350356,0.10365264038243605,0.004313292720947381,0.2610789170250355,0.3381208250178167,0.6608161445679699,2.3131228372248747,638,10.0,1,1,11.697333913119468
6.317790731631198,0.3725839858439919,0.08435607620411603,2.189034273179865,0.17871892149947088,Supp_Motor_Area_L--Supp_Motor_Area_R,0.38285955511216946,0.10986742399709848,0.01275809251175503,0.3153019390940532,0.432573420637701,0.6709053364580088,2.2233680850609634,639,11.0,1,1,10.92691440474443
5.199069685922992,0.28983704650248776,0.08848516942600933,2.207644481534153,0.11693177961405567,Frontal_Sup_L--Frontal_Sup_Medial_L,0.23671746167294985,0.08646519330329389,0.005698692238709074,0.24538707423484685,0.5956759565393396,0.6114677309093223,2.3773902623096634,640,10.0,1,1,10.279626545655905
6.382019505695229,0.38325340193134133,0.0856442037829886,2.1173956292102787,0.20258236707149843,Precuneus_L--Precuneus_R,0.47358633213415186,0.11407395550172657,0.008115491466487436,0.2915858669333259,0.46878189725816444,0.6924069986380202,2.3067831451829166,641,13.0,1,1,11.028992580377418
5.558852439633579,0.3721762358356569,0.08971357882918651,1.8130350690915376,0.15474291968078582,Supp_Motor_Area_L--Supp_Motor_Area_R,0.339196633698914,0.0914001334046086,0.02905003618954808,0.2725796761390246,0.3125456265159252,0.6262674903808518,1.906408168402572,642,10.0,0,1,11.145368873401559
5.277933711062129,0.3825232292710123,0.07262029045774478,2.069073964908116,0.08651527140377002,Frontal_Sup_L--Frontal_Sup_Medial_R,0.23079078309241544,0.06705604186997198,0.021400100014079652,0.27487073422957603,0.40196632728460413,0.6208953920213418,2.21819387229326,643,14.0,1,1,10.684276512242315
7.059199140560868,0.3847437209104805,0.08501369283647707,2.3502977833358414,0.20544801586199193,Precuneus_L--Precuneus_R,0.4719256184446243,0.12807701965848758,0.02471839575261874,0.32033828382838286,0.6825530198337557,0.6984421538750958,2.5057952347699204,644,12.0,0,1,11.51866087566507
4.628772465784388,0.25174860989917824,0.0879176717575135,2.2774584003355636,0.295065565622939,Supp_Motor_Area_L--Supp_Motor_Area_R,0.4809482948814562,0.1261183738346554,0.02720358631159276,0.36829868143677924,0.7064561487301233,0.6212618486979503,2.334492491087739,645,12.0,1,1,10.340813726918428
5.2740676522874494,0.40711960599941377,0.0726595794015923,1.9415951521351453,0.1278945956816344,Frontal_Sup_Medial_L--Frontal_Sup_Medial_R,0.2904591062801208,0.09031782218050154,0.017376067229895847,0.2878557060480086,0.4005341738329546,0.6165774423125385,1.9868688615737247,646,12.0,1,1,10.61739745974791
6.084201946853979,0.4073638002068352,0.07548085412788544,2.1548262681997703,0.12835611908678285,Precuneus_L--Precuneus_R,0.303880952895545,0.09343236602234986,0.015504877700672347,0.27444154281151517,0.3335866267865809,0.6519489792748225,2.333065965742269,647,10.0,1,1,11.191084940840444
7.100512339202831,0.4521835367863677,0.08854402300603995,1.931272558051196,0.1479268631992366,Supp_Motor_Area_L--Supp_Motor_Area_R,0.35243275801261215,0.10381446544886716,0.013537812510806045,0.28802044185119596,0.26109252592881893,0.672694934902403,2.0681956008004607,648,10.0,1,1,11.810667143879611
4.6157841883835635,0.27660068729261655,0.0869722806913717,2.089485016298917,0.11829840487599189,Frontal_Sup_Medial_L--Frontal_Sup_Medial_R,0.3058440635676591,0.09590233600329667,0.033574574394107194,0.32131592276852017,0.4127693000148565,0.6100008671360233,2.2235332636507037,649,9.0,0,1,9.993616992605512
5.7318956692816005,0.377229349616262,0.08875298658362281,1.8643940384573543,0.12990613347225707,Frontal_Sup_R--Frontal_Mid_R,0.21320976417240306,0.0684062761634185,0.016698239451550648,0.2315959919491864,0.5746335715439183,0.6345487306764575,1.8971110753392535,650,10.0,1,1,10.985594730044223
6.12928720664684,0.3798119048123459,0.08328033729790581,2.110215473271283,0.14573852173234417,Paracentral_Lobule_L--Paracentral_Lobule_R,0.4005137754313681,0.11571714213298037,0.019026745040839572,0.2950082591980081,0.3819239429085268,0.659959703498341,2.2055101948319287,651,10.0,0,1,11.363867354900654
5.808590523335937,0.38180144687027723,0.0759637471329456,2.180995112888219,0.13799561437047475,Precuneus_L--Precuneus_R,0.32009972691696864,0.08884867364731233,0.023721990634450456,0.31081279805046114,0.4957796524265157,0.6604996494460162,2.398182997072337,652,11.0,1,1,10.759196923328762
5.506123164245352,0.34612832704675406,0.08410874164822128,2.0596599424695334,0.20179743379959686,Supp_Motor_Area_L--Supp_Motor_Area_R,0.3814018600526069,0.09502448768606699,0.02803404425987417,0.30665338850972157,0.338040187229672,0.639318393902196,2.1383005163749544,653,11.0,0,1,10.807990735899503
5.024566903270548,0.2496405792664673,0.0846171874205401,2.590315985274699,0.31254525473275124,Supp_Motor_Area_L--Supp_Motor_Area_R,0.5243019918977697,0.124010201445637,0.016811240341391358,0.32043690274216213,0.7770875578968852,0.6693296308409961,2.722077659578543,654,12.0,1,1,10.709606337736437
5.472621313966304,0.3500332339634648,0.07817862171771617,2.1778400856666056,0.13232441849403095,Angular_R--Temporal_Mid_R,0.31052904467513626,0.07835992189499827,0.03497166260839396,0.28068932106613753,0.5128046167892424,0.6263129910100195,2.2658134295575385,655,9.0,1,1,11.390741133247754
5.985548238411784,0.3517562710601169,0.09413541069601185,1.9685069141649956,0.2582456786067278,Precuneus_L--Precuneus_R,0.40975891078878685,0.10489109513530727,0.006980512609665698,0.26018759812724346,0.7903619299735225,0.6576520766232561,2.260231301223819,656,10.0,0,1,10.95419240052482
5.173886814199849,0.30956656680289363,0.07692385344245517,2.3660816148568555,0.16595995520655513,Supp_Motor_Area_L--Supp_Motor_Area_R,0.41161523500259106,0.11004762829371924,0.03197491804963851,0.33382541622407763,0.5334092655915434,0.6406468072597027,2.640085904071873,657,9.0,1,1,10.828898497333315
5.287942697001382,0.36058256554715706,0.091342537878305,1.7483839926178006,0.13599429027811366,Supp_Motor_Area_L--Supp_Motor_Area_R,0.28058820114914945,0.07835767528730797,0.019918056233278927,0.24609210681294275,0.5094026904753701,0.6170879772599788,1.7675051410257907,658,7.0,1,1,11.097173435073946
5.258659295365568,0.36419253482795555,0.08500946096471924,1.8497141210364088,0.0967825158199114,Supp_Motor_Area_L--Supp_Motor_Area_R,0.26110914150220266,0.08214783077049984,0.016587169496377743,0.2383614687001121,0.351430324053725,0.6097799494872399,1.8863802140245738,659,7.0,0,1,10.433269188676515
5.77295917841412,0.3143893657505091,0.08076687349398565,2.4758552326382874,0.2307305818202697,Precuneus_L--Precuneus_R,0.5446661987719681,0.13431033241427007,0.017067400565228985,0.3180827643692789,0.6561933552126408,0.6690653244000168,2.80886238053658,660,13.0,1,1,10.77639653651241
5.715590300601987,0.29886175387886105,0.09855719070675495,2.113149939663882,0.29399340772988,Supp_Motor_Area_L--Supp_Motor_Area_R,0.5119059495771626,0.1229707890806223,0.020168449408328012,0.2925105414500798,0.8314809375752947,0.6979968486346079,2.1301557440442322,661,8.0,1,1,10.31853003100803
6.863454567011304,0.445235107389404,0.086719444187475,1.9358190331121612,0.12933633656693064,Supp_Motor_Area_L--Supp_Motor_Area_R,0.25608333438184433,0.09321954320610555,0.01296706641439135,0.290539351819372,0.3945589740771861,0.6569121791452147,1.982812065722964,662,10.0,1,1,11.476003717228007
5.391647333643641,0.36435137323504624,0.07911619804492773,2.0368710587721566,0.1338547551311085,Precuneus_L--Precuneus_R,0.2976547349362821,0.08913651258907887,0.016929120834507018,0.31361376784208844,0.4684219396958659,0.6366486974548137,2.1825882662801597,663,8.0,1,1,10.8106962537596
5.927702045818408,0.27501905349279754,0.08663310811514414,2.709365315342784,0.24926383631330679,Supp_Motor_Area_L--Supp_Motor_Area_R,0.42586849629319634,0.12053084674138108,0.005789379114019912,0.2795675557700467,0.7351755106148998,0.7070913790335914,2.8691160120240364,664,11.0,0,1,10.377059472449153
6.261625936658778,0.40510893059677805,0.08033214640056462,2.095336658424441,0.16812968213218402,Precuneus_L--Precuneus_R,0.3367751550148237,0.09531294403386174,0.012496050580807322,0.2981630567357234,0.3588069794088984,0.6535140032625772,2.1978242627856406,665,10.0,1,1,11.152178448691974
6.0173296927265225,0.34345488027447685,0.08570421981703771,2.2261775025984907,0.16264873501391341,Supp_Motor_Area_L--Supp_Motor_Area_R,0.3797469232016075,0.1007247391241837,0.02286872592715908,0.3244073067929868,0.3237949962932457,0.6698059968849285,2.3332271101255535,666,7.0,1,1,11.4576021880086
6.210284014771688,0.34340359878793764,0.08648981173035065,2.2770341711864477,0.21945372424174356,Supp_Motor_Area_L--Supp_Motor_Area_R,0.4622386202480727,0.11019130764197403,0.008095274993973207,0.26885310121569034,0.4258575137160264,0.6854237693523468,2.4514178456051643,667,10.0,1,1,11.315168504115361
5.3856872637427555,0.33235482411423634,0.09255294828636239,1.9066754126505117,0.2037816699922632,Frontal_Sup_R--Frontal_Mid_R,0.08790988059491206,0.05193555603186444,0.010501674932913766,0.2294494295681116,0.6315887890000587,0.6248508269716755,1.9942693704084395,668,13.0,1,1,10.962033569413407
6.169439277412134,0.32705343254260244,0.08132900983634064,2.525860593000129,0.18596927854404804,Supp_Motor_Area_L--Supp_Motor_Area_R,0.3923340399327445,0.09298761029987869,0.04058433640541996,0.3337570813482036,0.4504836184744294,0.6553572047760454,2.647373436870283,669,8.0,1,1,11.50933040816317
5.695150694833027,0.39296924721716797,0.0821735567101166,1.9206244357970872,0.13086215909295912,Precuneus_L--Precuneus_R,0.21608979067575282,0.0727283854910441,0.006338116981146073,0.2565087407594242,0.34600526866207143,0.6292902514647881,2.096017227644574,670,10.0,1,1,11.023264681850153
5.927481487640833,0.3281031152292813,0.09245020702261698,2.1280402801616334,0.12721704561873898,Supp_Motor_Area_R--Paracentral_Lobule_L,0.3282805544009929,0.11164644171868407,0.03161148456938321,0.34957603998428566,0.37104537541883603,0.6487653617722835,2.2082752931453458,671,8.0,1,1,11.147712174591781
5.084615415687741,0.4007889099580509,0.08168354209718968,1.6913587387850073,0.06601266596994218,Frontal_Sup_R--Frontal_Mid_R,0.17526579900101003,0.05730721028572459,0.02189480754839466,0.23205317777316947,0.45765204666277437,0.6080365091633138,1.7289182945747257,672,7.0,1,1,9.822787590196578
5.3257105233061,0.30578065220643696,0.09008392222420858,2.1054655849197093,0.1697610532147175,Supp_Motor_Area_L--Supp_Motor_Area_R,0.31517243087532537,0.08449559593843599,0.03428000922229166,0.3467279121420233,0.4198462864047026,0.6356740679122459,2.15173911633224,673,7.0,0,1,10.76157467828544
7.598150842186266,0.5668418889217948,0.08109808000778508,1.7999617732468676,0.11478002123012387,Postcentral_R--Parietal_Sup_R,0.15121627330027426,0.06370164811665124,0.01446702274739156,0.21740717532499826,0.17162639430817478,0.6690226068724382,1.8431265172025986,674,8.0,1,1,11.487101902175958
6.005884088093677,0.3959390577404966,0.08207177005015319,2.012716842149683,0.14637737204567303,Supp_Motor_Area_L--Supp_Motor_Area_R,0.3734679119314309,0.0874328354628756,0.028524938832296547,0.29226768266355363,0.36931567530955856,0.645393550830106,2.07665003422105,675,8.0,1,1,11.460266423905566
5.291194630263046,0.36032670210495,0.07952405311919787,2.010882353742324,0.22247164646719456,Supp_Motor_Area_L--Supp_Motor_Area_R,0.33955748078194564,0.09029996441202431,0.01399994772387752,0.2806534113185848,0.47662356919011145,0.632676703948667,2.04655632391164,676,9.0,1,1,10.699387390213788
6.354102656047625,0.38835515346538385,0.07636145456446523,2.3333443816943493,0.2275419688162727,Supp_Motor_Area_L--Supp_Motor_Area_R,0.495817060525876,0.1167018246970177,0.00641217771409052,0.2623616871667956,0.5188423718055684,0.6717916397654006,2.5033403075854253,677,9.0,1,1,11.275873216103568
5.454498786438915,0.4422396213813737,0.07047905997339668,1.9057458236739342,0.10654514927387929,Precuneus_L--Precuneus_R,0.24944226453960955,0.06658594631478527,0.027384039435538524,0.26148573039093437,0.37854699427252336,0.6170159625305048,2.000198026942449,678,11.0,0,1,10.62352290524413
5.758785013930271,0.31207154050586067,0.08490451607180896,2.366866647010381,0.23600569883767678,Precuneus_L--Precuneus_R,0.3531840336283613,0.09495394648962432,0.016910249442494037,0.3325998488845292,0.38118421321602114,0.6989299390835525,2.5985403708822212,679,8.0,1,1,10.550297159274391
5.309173224317149,0.2926637336130282,0.08967582060787051,2.202979759419416,0.1841510183152843,Supp_Motor_Area_L--Supp_Motor_Area_R,0.3965244080066751,0.11145852973361131,0.021598693000316645,0.34363861567010345,0.4508522762362829,0.6451132289621445,2.3202827287624213,680,14.0,0,1,10.785737566569518
3.665004472051657,0.21081305015410984,0.09610039111201864,1.9700613081519158,0.29187170116579625,Supp_Motor_Area_L--Supp_Motor_Area_R,0.4325922939234946,0.11144095346891408,0.01564851583890914,0.3192217792663857,0.585042630306765,0.6108492978411173,1.9258893445073226,681,14.0,1,1,9.194137176200067
5.173786252550181,0.30001160164753776,0.09215594929742381,2.0378627719903033,0.22660362393314779,Supp_Motor_Area_L--Supp_Motor_Area_R,0.4049526997707192,0.11391882601007604,0.03051095326896501,0.3756774654915117,0.5520700290473547,0.6259175749741139,2.1174330023069046,682,8.0,0,1,10.682267407137692
6.006674398873406,0.3997417199554922,0.08462617319289893,1.93364966184997,0.16441466284923428,Supp_Motor_Area_L--Supp_Motor_Area_R,0.29715317092502014,0.0792019668031539,0.015617838618556992,0.27931812000836476,0.31883028483523806,0.6291653988092771,1.9591709802571269,683,9.0,0,1,10.899341556981902
5.641775602189661,0.3372269949183565,0.08576143220786425,2.12436594404224,0.17932749348361524,Supp_Motor_Area_L--Supp_Motor_Area_R,0.2701224139168547,0.08959611045791097,0.01611296271026762,0.2729034923257809,0.4274230372599289,0.638297521774551,2.174882582366553,684,9.0,0,1,10.530457554962297
5.494225496057031,0.37471027171420007,0.08290112561422833,1.9260977947912716,0.1519326314736607,Frontal_Sup_R--Frontal_Mid_R,0.22951623313637423,0.08770781820889142,0.006114132499207371,0.23961807943712704,0.5225088519211645,0.618986569434539,1.9844806813605207,685,10.0,1,1,10.419260673474549
6.262856708457283,0.4372312177882378,0.08284574669580497,1.8828641044013774,0.14268777317542303,Supp_Motor_Area_L--Supp_Motor_Area_R,0.37296831955498044,0.0955499426329697,0.02094469235238141,0.314206825323119,0.2863672906810677,0.6412360192083176,2.029601390897365,686,10.0,1,1,11.53520326405913
6.285937505617387,0.3871284803362512,0.08360629845903393,2.1149680928867243,0.19279056869218875,Supp_Motor_Area_L--Supp_Motor_Area_R,0.36601482390185447,0.10450291262135922,0.015431067961165048,0.2960592233009709,0.623537046145928,0.6853314479079113,2.386220183577212,687,15.0,1,1,11.11062415470714
6.5907295237909285,0.42715180881881126,0.0810745576965873,2.0724999606638916,0.13868733655421073,Precuneus_L--Precuneus_R,0.27113429993615235,0.08618153269610365,0.007761376552461729,0.27000557123241414,0.4230973889289835,0.6537583417853916,2.2468666567987596,688,11.0,1,1,11.752586706243125
5.075696863752943,0.30466122051494915,0.08227971216459733,2.2050254947839587,0.18603438631656632,Supp_Motor_Area_L--Supp_Motor_Area_R,0.41140211650532627,0.08731328400773787,0.04507009951538599,0.36082105179187524,0.4684867623639983,0.6300559645132651,2.210976350401083,689,10.0,1,1,10.258936253386283
5.879080554875995,0.44617090466091797,0.08288787818693387,1.731191145726697,0.12966025900860337,Frontal_Sup_R--Frontal_Mid_R,0.17685268252586694,0.0651213447210144,0.0045847783517445635,0.17924734142697082,0.4165412017087835,0.6285235678369846,1.8086335870473778,690,10.0,0,1,11.114709546607479
6.1690246136889995,0.29853812949866315,0.08812403758089647,2.553584234323105,0.17848895328123346,Supp_Motor_Area_L--Supp_Motor_Area_R,0.37816767389946887,0.10668570701756415,0.0212363508820616,0.33983942894364594,0.512954663118223,0.6940790280598823,2.6070862946069466,691,8.0,1,1,10.774597325135185
5.927092216279907,0.3619352489935086,0.08548574467995038,2.086147364239597,0.27639873545180615,Supp_Motor_Area_L--Supp_Motor_Area_R,0.3597121257217413,0.09156301959534442,0.012385809023151152,0.24358821744957165,0.6676525202637849,0.6971242995787705,2.0900601058371655,692,7.0,1,1,10.481061362073214
4.610357480586795,0.27475492929164047,0.08457103105049238,2.160704433165977,0.3308331430295496,Supp_Motor_Area_L--Supp_Motor_Area_R,0.46078134586893627,0.1036500819332649,0.0180847424054166,0.2929006176507662,0.7595212698315489,0.6813392848194463,2.175284371575151,693,11.0,1,1,9.941514714641967
4.971911568154262,0.31491870968276575,0.08804647967566781,1.9527237820517116,0.3357312091118352,Supp_Motor_Area_L--Supp_Motor_Area_R,0.41823327640194313,0.0818439377818129,0.024600370696662117,0.24468760821704955,0.8344808491909259,0.6845073666066803,1.9538081172761308,694,8.0,0,1,10.17475700590268
5.3451772263483415,0.33225783504471734,0.09602020515510416,1.82453470522191,0.2238896001990317,Supp_Motor_Area_L--Supp_Motor_Area_R,0.3179778531106471,0.08237299876924122,0.02229340371184074,0.25887359119044223,0.36623556738724883,0.6382169724216185,1.8451057405681919,695,6.0,0,1,11.000648773632204
6.300866144491879,0.3511994846953803,0.0888901507823864,2.197964230305877,0.24562751802997668,Supp_Motor_Area_L--Supp_Motor_Area_R,0.48306360700063405,0.12002222193795035,0.011526716580745494,0.28345945866920563,0.5931080878447405,0.686774657480485,2.229607354109,696,11.0,1,1,11.218255146772421
5.791779635791259,0.34189955088583507,0.09468062864562274,1.9484095348252017,0.30088435697526866,Supp_Motor_Area_L--Supp_Motor_Area_R,0.4279636756760401,0.08974337153045203,0.031239229135905433,0.2605442770276883,0.837669984371039,0.7328803091540946,1.9106308589862389,697,9.0,1,1,10.357024478701728
5.498918982371828,0.31352092447707924,0.07560467193313006,2.5263297512561804,0.24963703291380637,Supp_Motor_Area_L--Supp_Motor_Area_R,0.3871752152585231,0.10724033253674604,0.008972217865084564,0.2576975244281641,0.3829441363294213,0.6510619035607854,2.5848299159867456,698,12.0,0,0,10.786186229623015
7.221555686174766,0.5193499286516541,0.08667122609289288,1.7471235896801582,0.10118590876825671,Supp_Motor_Area_L--Supp_Motor_Area_R,0.17455494914348343,0.060219188752088634,0.013687928294331853,0.2001942592089476,0.3547849136412865,0.65273482259475,1.7621632834553491,699,9.0,1,1,11.495873991527722
5.203804610373579,0.22374694385938487,0.09408306111143701,2.692032570074333,0.3219106116762088,Supp_Motor_Area_L--Supp_Motor_Area_R,0.386362250683504,0.10452056380668355,0.012492010102807266,0.25078063295989095,0.6756343081372687,0.7201793022960484,2.7559153296782934,700,8.0,0,1,10.028485514025615
5.83086244916052,0.3556506119886652,0.08683131499784327,2.056178140191638,0.1855934934164993,Supp_Motor_Area_L--Supp_Motor_Area_R,0.31702005594602795,0.08552446861484249,0.018019207835748254,0.28060814704158826,0.6768616894140598,0.6359638943349114,2.0510614336550663,701,8.0,1,1,11.041319256908832
5.615526051311116,0.4367327779167764,0.0755562684211449,1.8532415868384071,0.07437037929982492,Frontal_Sup_R--Frontal_Mid_R,0.1915516545043738,0.06647466070807158,0.01863037784574809,0.19780032601329695,0.4015662005479096,0.6223678059060727,1.9140282751003794,702,13.0,1,1,10.845623222861215
5.558090147475609,0.36176055866201956,0.07820651535760519,2.139386815225134,0.13994125332733454,Supp_Motor_Area_L--Supp_Motor_Area_R,0.382189574009992,0.09119726895879054,0.028026773724228772,0.3316170988754056,0.2910454599896225,0.6468981467024246,2.250735987047416,703,7.0,1,1,10.926660940473639
6.316606422584286,0.36671280462647754,0.08460670386627936,2.217077357785369,0.23680884032753524,Precuneus_L--Precuneus_R,0.46652887905746093,0.11742423884523115,0.009512840161041763,0.27394485236106086,0.758544964250006,0.6709738041310205,2.4183497208228077,704,10.0,0,1,10.964527367994837
6.121245066922383,0.39646189591704495,0.07904216095382678,2.1271954152228334,0.1756294854240197,Supp_Motor_Area_L--Supp_Motor_Area_R,0.31238997847410266,0.08614973526646544,0.02121026759722601,0.2665012323348666,0.46387491363231415,0.6396778055967101,2.2182923258500704,705,7.0,1,1,11.681939333119066
5.20491719010772,0.3762610730384611,0.08168949300453143,1.8441074132127413,0.11247112871906327,Frontal_Sup_R--Frontal_Mid_R,0.1733818304822169,0.061715265394435864,0.01844077617386441,0.21203500391937546,0.5286846710112701,0.6129532392794446,1.9139986875983288,706,8.0,1,1,10.361272194288512
6.562498653242422,0.4628181989789925,0.0818660912003569,1.8861777788943177,0.11426686691843005,Frontal_Sup_R--Frontal_Mid_R,0.1831592316884785,0.06239078672433063,0.020609359055347685,0.24791583653238738,0.3608544699929178,0.6659663925882333,1.950122133083833,707,8.0,0,1,11.461036687372077
5.365883674314613,0.2927364416247063,0.09772581766816489,2.0425986049077114,0.20286339243576224,Frontal_Sup_R--Frontal_Mid_R,0.18292779836831785,0.08173851478572697,0.01616336085678526,0.24808369701260585,0.6760617146366671,0.6275857976851106,2.083418549737741,708,11.0,1,1,10.444277544691014
5.7867925685609505,0.3218814556944755,0.08500924523333721,2.3030516496968745,0.2301180122540592,Supp_Motor_Area_L--Supp_Motor_Area_R,0.3251660901273254,0.09429685468224076,0.006254712550773934,0.26380274548764493,0.524391347072657,0.6617387901543093,2.4534237399796472,709,8.0,1,1,10.815934509310965
6.55174120813674,0.3286642819884262,0.08592571094129221,2.5264398973738516,0.21330483479481419,Precuneus_L--Precuneus_R,0.46567671103476643,0.1298475812177937,0.015500345423641197,0.3130623943671445,0.28795608756787106,0.678644754569408,2.849054248582207,710,11.0,1,1,11.201058071729124
5.565136316061437,0.33899382108672543,0.08649067199508872,2.0670102619708364,0.1397719042313526,Precuneus_L--Precuneus_R,0.3592222942641465,0.09992172734388423,0.02031720078115437,0.3113061875826102,0.31540018881963194,0.6267415105245978,2.190256757580045,711,10.0,0,1,11.589992842664422
5.796137576688651,0.36336485695893683,0.09081738599496093,1.9127342990750078,0.19486102499443056,Frontal_Sup_R--Frontal_Mid_R,0.10670179964747699,0.05536909529672074,0.0095738393293405,0.17137001704813376,0.7458971085770137,0.6349929573977539,2.0290880993385954,712,9.0,1,1,10.831649598209294
5.990562257746443,0.418075873085717,0.0742701677854552,2.100999530290393,0.13637521670240282,Frontal_Sup_R--Frontal_Mid_R,0.1920851485305379,0.05813049727382087,0.009382469652705089,0.20229772375759658,0.29642972097391773,0.6344382533192564,2.152667979063765,713,14.0,1,1,11.5825649624861
6.829695917719765,0.44908932846805305,0.1004413966278931,1.6488599503031893,0.07175472686052334,Calcarine_L--Calcarine_R,0.24725567322572706,0.09050640572045734,0.011975810956761387,0.24024710439089791,0.36942508111023564,0.6610093552314321,1.7800912808786613,714,10.0,1,1,11.523054519962493
4.057893901358599,0.19450260224758703,0.09991032086069489,2.274012238108708,0.44366619176459543,Supp_Motor_Area_L--Supp_Motor_Area_R,0.4979687224285273,0.09939724103776099,0.02464321872658941,0.2722059055541799,0.9059804750715982,0.6870881171050256,2.285476258323873,715,10.0,1,1,9.13562978225179
6.819181369080533,0.4350007705387438,0.07996578237378561,2.1348428158769748,0.18255725544169207,Supp_Motor_Area_L--Supp_Motor_Area_R,0.34108728545512634,0.08365957757412378,0.03352104090407384,0.2598423177495608,0.3750321225454408,0.6764843008781559,2.1461843075026263,716,12.0,1,1,11.573769601532804
5.57080232772119,0.32257693018638794,0.08906514401705648,2.1115654582350873,0.2671387081220853,Supp_Motor_Area_L--Supp_Motor_Area_R,0.412698832491367,0.0954234535245255,0.021635342707318206,0.2769260754559376,0.6496151638883065,0.6891768516439069,2.154629430577106,717,10.0,1,1,11.084818626791398
7.655211825124318,0.49449239525969824,0.08103795030207965,2.080352970412034,0.1473841179122776,Frontal_Sup_R--Frontal_Mid_R,0.15110575842299856,0.06684373752258062,0.004150034362366214,0.22157037545352706,0.38085353910600717,0.6915963477680233,2.1039437517799313,718,9.0,1,1,11.664246411802814
6.67285342295819,0.3651328456120812,0.0853036714449574,2.3330327737546925,0.16732487023478076,Frontal_Sup_R--Frontal_Mid_R,0.19957148676556274,0.08232597733150457,0.013911919043037388,0.271737906610166,0.42464836527449373,0.6891990885844245,2.3514754711198003,719,16.0,1,1,11.571036709530897
4.246935439564394,0.24254214586949482,0.08970812640633805,2.125614660806616,0.2441086680976985,Supp_Motor_Area_L--Supp_Motor_Area_R,0.4507427785352724,0.10419435792400204,0.03550739038256627,0.368214913783031,0.4533790475961431,0.6284520948401227,2.0981510770570213,720,7.0,0,1,9.78234193691308
4.136066916369341,0.24491633172192542,0.0838858349833489,2.192345808262219,0.3634314042013053,Supp_Motor_Area_L--Supp_Motor_Area_R,0.5108971112950798,0.11958623856086513,0.017726582334240022,0.31086492269715804,0.8208792177492494,0.6712913996268715,2.28177848947028,721,15.0,1,1,9.18071172798322
5.07811166084412,0.32849599815134506,0.08023808692221314,2.0980676008439256,0.09339826862587586,Supp_Motor_Area_L--Supp_Motor_Area_R,0.315113212799938,0.08750632913867021,0.03616455174058644,0.3180091608783965,0.455845856150878,0.6195038766799682,2.185304792393014,722,8.0,1,1,11.025441576510453
7.120797754171234,0.4413334991585385,0.08040631208468266,2.1852417737210628,0.18269259555778672,Supp_Motor_Area_L--Supp_Motor_Area_R,0.3647323756091513,0.09475523122425851,0.0090200956408768,0.25080354921635295,0.4514420354076494,0.6777334188389553,2.292096507780346,723,8.0,1,1,11.536061304047458
6.482533106604776,0.36586473300099526,0.08944319716546562,2.157271271962268,0.19602982953168907,Precuneus_L--Precuneus_R,0.4150192719512019,0.10265795054530637,0.014661893585254347,0.28393591942698326,0.404279290984307,0.6767734317996174,2.287121356688773,724,10.0,0,1,11.44123726903164
4.942660824674383,0.27862621843311286,0.09431857706810805,2.0481863535416047,0.3030889498878014,Supp_Motor_Area_L--Supp_Motor_Area_R,0.4977239741462091,0.12171940420441449,0.01578114286547916,0.317373480969262,0.724904287362669,0.6569572061316142,2.0383723278130863,725,7.0,1,1,10.051740819331645
5.964958118030813,0.41599833031936334,0.0805013027853387,1.9397277644132123,0.1702227719644355,Supp_Motor_Area_L--Supp_Motor_Area_R,0.30134692000310087,0.08069508993979735,0.011096450312499125,0.261261967927402,0.3695937236226583,0.630997112905573,2.05252091263817,726,9.0,1,1,11.477501412469724
4.350688507869578,0.24887582250814536,0.08481732101853014,2.24449483859102,0.26977874104889454,Supp_Motor_Area_L--Supp_Motor_Area_R,0.35107494756897795,0.0973118735736461,0.013538532495306222,0.31970451494721,0.7113407959107871,0.649041096911799,2.262082155491713,727,9.0,1,1,9.49261927536938
5.609536791074352,0.30146461831610305,0.08784556900272276,2.3067401361264963,0.2914260039842634,Supp_Motor_Area_L--Supp_Motor_Area_R,0.4806106452772541,0.11684186293292284,0.0035559621896190407,0.27095562408173873,0.79952783106842,0.678900963822558,2.4797435795991887,728,9.0,0,1,10.932217857584904
5.671369118858395,0.32246597456376846,0.08396309690127415,2.2810954007976174,0.28184771876329706,Supp_Motor_Area_L--Supp_Motor_Area_R,0.46680965680853714,0.11966832435987013,0.011988820845834532,0.2909210472237064,0.7708292315703626,0.6700371138198076,2.38643019172498,729,11.0,0,1,10.753242748207901
5.181766138856209,0.3493605266669517,0.07599024083372191,2.125563255956167,0.11704113432803089,Supp_Motor_Area_L--Supp_Motor_Area_R,0.3506071402872797,0.10091561988506455,0.022190991557105768,0.3098554921271126,0.41424713321444084,0.6094757674135883,2.1818346790548877,730,7.0,0,1,10.855075234908655
4.657439267221623,0.2759145021829325,0.08892943607683776,2.0670691911700563,0.3415952782744088,Supp_Motor_Area_L--Supp_Motor_Area_R,0.5046825017201181,0.11288380581295958,0.017576455544160895,0.29410486301987876,0.776770865785453,0.6563522304887571,2.024634949366298,731,11.0,1,1,9.895152299675972
5.337113963947788,0.36260762184332074,0.08263634586651943,1.9396631853282822,0.14449404305076743,Supp_Motor_Area_L--Supp_Motor_Area_R,0.2961129401408259,0.07235792423532796,0.03643548847866264,0.28413403891038486,0.3563537298582733,0.6261429694798902,2.010917216086609,732,10.0,1,1,10.452375039996022
6.270484722381198,0.41535415156906724,0.08541842039382551,1.9246816340992083,0.1610162979825506,Supp_Motor_Area_L--Supp_Motor_Area_R,0.316907459619529,0.08688223961427644,0.030364740910667494,0.32522416404240484,0.28226235500647484,0.6530629899210948,1.9621445689188917,733,8.0,1,1,11.441429845581277
6.809990121585288,0.41033578165208606,0.09154377323448586,1.9742682580833069,0.1612830839879967,Precuneus_L--Precuneus_R,0.3251295798302327,0.09444567661243677,0.007344083636664101,0.236805655216202,0.3151800778539462,0.6666945183957841,2.160844786924397,734,9.0,0,1,11.912460118388914
5.286931286879398,0.27307304270814836,0.09738996361728779,2.164903351192065,0.3413333239954771,Supp_Motor_Area_L--Supp_Motor_Area_R,0.4754007196872515,0.11804987766143371,0.009360546698885022,0.25682993672841853,0.8837892450104585,0.731729533871817,2.3292655540197384,735,11.0,0,1,9.62482216842539
5.505928144522988,0.34676838384641073,0.07946480209508398,2.1759259848860486,0.256375267504518,Supp_Motor_Area_L--Supp_Motor_Area_R,0.4214899235240477,0.10522266356565739,0.007857314965816854,0.26398634121925924,0.4685509104995653,0.645029272041911,2.2468415745871164,736,7.0,0,1,11.093578481605256
6.063072178373873,0.34638259919591313,0.08919082625785288,2.137196056358841,0.25904232965396684,Supp_Motor_Area_L--Supp_Motor_Area_R,0.3973763646788646,0.09757792504957712,0.017428866833094022,0.2629415026404806,0.717158425130672,0.6747618043873145,2.1704591508300775,737,7.0,1,1,10.707680458026024
5.2357045168927865,0.2873693889171136,0.08418999580773244,2.356687596338979,0.13800265579672155,Frontal_Sup_L--Frontal_Mid_L,0.2539460023175265,0.08811212113787274,0.016654497341533334,0.25051135667556906,0.500563563838136,0.6202445522734453,2.577589936335545,738,11.0,0,1,10.794508260848595
6.443913331765042,0.4315745026845167,0.0939598293885354,1.7305317519126715,0.06365066984804697,Frontal_Sup_R--Frontal_Mid_R,0.19576505104614328,0.07798001408982733,0.008599581467610567,0.22197097329072393,0.24240104162617843,0.6392995719511376,1.787845307503601,739,8.0,1,1,11.242706414486399
4.036545801636461,0.3242426986085193,0.08279373210212781,1.637457736051528,0.10031062627102437,Frontal_Sup_R--Frontal_Inf_Oper_R,0.015868536339173355,0.020013134816613855,0.007770494425588335,0.10964192417177997,0.3747063786000014,0.5906571295168893,1.688238221882215,740,12.0,0,1,9.162321408519077
5.38483957543643,0.3283156108705253,0.08270978663004194,2.1594950627408505,0.2241611192452512,Supp_Motor_Area_L--Supp_Motor_Area_R,0.43258168323451296,0.11524913860035084,0.020266188647225587,0.3347990473327283,0.5209510686431142,0.6482184876284796,2.181058399468071,741,10.0,0,1,10.903068574179851
7.672821274300437,0.38443086681688987,0.09568722952912931,2.271489484016695,0.16013278813271944,Precuneus_L--Precuneus_R,0.38012323612432625,0.118723542348778,0.014053560207692562,0.31559740549657705,0.6473545712399877,0.7647235133526092,2.3980433633655807,742,8.0,1,1,11.510927521482119
6.861926863209005,0.3763609153106615,0.08908605432869683,2.228741625670989,0.16206696169355525,Precuneus_L--Precuneus_R,0.3427225787705743,0.09866089530946949,0.018756259496113616,0.3036968278705744,0.5387877229721136,0.783303374279487,2.3828845834850787,743,8.0,1,1,10.969028903905285
5.878924244729351,0.38082385690051535,0.07919652240909301,2.1227335537761616,0.1298746717172321,Precuneus_L--Precuneus_R,0.3876508988198836,0.10509251608677889,0.017012902879145635,0.31162779852164857,0.4551818896651534,0.6385452957211213,2.2728007794632874,744,9.0,1,1,11.350444186181015
4.2339782797047025,0.2293010118286191,0.08724812933810037,2.3047000446675634,0.4010356640368504,Supp_Motor_Area_L--Supp_Motor_Area_R,0.5448612050391947,0.11050521616712003,0.02721460138315203,0.3297624285643105,0.8612511056349444,0.650755819080096,2.2839993061408475,745,7.0,1,1,8.895060251563573
5.357281586742604,0.3133019800370044,0.07887924306836246,2.3607308742420496,0.22700263849494698,Supp_Motor_Area_L--Supp_Motor_Area_R,0.30084546189003064,0.08251287115357012,0.00837900423879038,0.32180218632345897,0.38906890025372043,0.6455772264376752,2.4302208149890365,746,7.0,1,1,11.199681047553176
6.011571195546831,0.40962774904162425,0.08101516274911377,1.9726961493830675,0.19795791172615979,Supp_Motor_Area_L--Supp_Motor_Area_R,0.3074364899919824,0.08604814999018005,0.015427578127213763,0.250720373802919,0.2585671319408952,0.6444369630568928,1.935811122023512,747,11.0,0,1,11.425149181133015
6.402604719482016,0.34898123084959154,0.07981613219407785,2.5031785094730568,0.21582282605960862,Supp_Motor_Area_L--Supp_Motor_Area_R,0.5401345457866934,0.13035461032121443,0.014277117815480255,0.3077961559691954,0.4666558447822229,0.7020716193095214,2.7046364621571497,748,8.0,0,1,10.915964568393807
6.21762495674563,0.3629386049476275,0.09839616370884605,1.8960119486111329,0.1857763079467618,Frontal_Sup_R--Frontal_Mid_R,0.2779271926824493,0.09036904472814168,0.031180344071350348,0.307518375700516,0.38877229028523674,0.6469611807725723,1.975436331304098,749,13.0,1,1,11.440456913310326
6.794483034100009,0.3519142596738135,0.08591970854181782,2.4471164599811503,0.23182662425616415,Supp_Motor_Area_L--Supp_Motor_Area_R,0.5352002866829512,0.13545354828560408,0.020906557825709365,0.335039360746141,0.3772283974340212,0.7258876423617386,2.5377185371713096,750,9.0,0,1,11.165339098899516
6.182174079017625,0.36117870000089286,0.08438066663030748,2.2090422742762557,0.1816935273067738,Frontal_Sup_R--Frontal_Mid_R,0.3022344309367263,0.09108154649962164,0.014831337492221477,0.27281455829194845,0.45701896961224103,0.6545259544045816,2.293731440221329,751,8.0,1,1,11.34050431824382
5.441497228867658,0.3698846793773046,0.07541726147151204,2.1242674304485063,0.18454383186389267,Precuneus_L--Precuneus_R,0.45440946432435175,0.10008282771049255,0.020218027716788253,0.2973977146634559,0.4898792271382636,0.6433923310854375,2.2873120970718177,752,10.0,0,1,10.879941677238968
6.126386674711214,0.4475437812029004,0.08225867372646539,1.8122372556875428,0.17261342724559545,Supp_Motor_Area_L--Supp_Motor_Area_R,0.32373327419142583,0.06793956510396176,0.04003490928968085,0.2940372614221291,0.36472463519151643,0.6400887286865029,1.8347185533496402,753,9.0,1,1,11.182434547811281
5.899618732757227,0.36915164123602895,0.08450101342687544,2.059610534888005,0.17243788664772458,Supp_Motor_Area_L--Supp_Motor_Area_R,0.32587212833907836,0.08321001106232559,0.02112209736215863,0.2820237698175548,0.3085176799705197,0.6396588445455078,2.1415279476557996,754,10.0,0,1,11.444125535556816
5.891983942733855,0.2861924299219647,0.08789965841333269,2.5506102753203335,0.2601464870414851,Supp_Motor_Area_L--Supp_Motor_Area_R,0.34065304471704105,0.08564312250389589,0.03098238252342785,0.2951483090916531,0.6202149103819783,0.6775605266392725,2.6147532472080233,755,8.0,1,1,11.209122738001186
5.931036761491591,0.360624455223777,0.09907210178835497,1.8078065045040563,0.249253439501031,Frontal_Sup_R--Frontal_Mid_R,0.08734467107318947,0.05424320491411213,0.00966710582627741,0.21397282804803344,0.6991302050321904,0.6585102927322045,1.8392421202182725,756,11.0,1,1,11.074816772915613
5.232821461890175,0.29640810251381805,0.08926213853390334,2.153805285923499,0.28358357795664646,Supp_Motor_Area_L--Supp_Motor_Area_R,0.43322263590410687,0.10652295074306542,0.015648881498189493,0.2980958058034213,0.7546632343327111,0.6432966185994698,2.2094050994515193,757,8.0,1,1,10.188083806145189
5.3645847343002036,0.27393231243195193,0.09650621057601301,2.2098635703465757,0.29318544103301875,Supp_Motor_Area_L--Supp_Motor_Area_R,0.42192569755659853,0.10964345460573909,0.017922406257535568,0.2860303758741259,0.6558708794142973,0.6635472749313872,2.209852473102543,758,9.0,0,1,10.053717878667738
5.558841566101548,0.37604188070183514,0.07660091137347283,2.1015611105405703,0.1759006226608964,Supp_Motor_Area_L--Supp_Motor_Area_R,0.3468937693003409,0.06158677927399793,0.029551736200540486,0.21070339859381787,0.5911915625013238,0.6273152875589807,2.170042951506402,759,7.0,1,1,11.133503290156943
5.38182173678429,0.30100333958492337,0.09049008909528149,2.151715549507294,0.287703901965597,Supp_Motor_Area_L--Supp_Motor_Area_R,0.428010458665974,0.10393342402119903,0.02680215598902547,0.31310752172705547,0.6020081021786066,0.647809321388973,2.1556988265064536,760,11.0,1,1,10.89730375481318
6.7996134128902215,0.410332752788676,0.0836713991615763,2.156745430329683,0.10839096038339491,Paracentral_Lobule_L--Paracentral_Lobule_R,0.28947820402719077,0.09107900350688207,0.015439257940026473,0.26826758670450473,0.33269773204266817,0.6545667882557435,2.182920186984472,761,10.0,0,1,11.553927095008907
5.507324281033626,0.32857307781311856,0.07793356786010408,2.3421353775310156,0.1903266260484401,Precuneus_L--Precuneus_R,0.4413397394379831,0.10592294472695746,0.028213038532037417,0.3188965635610283,0.37739590786297167,0.6319453110993966,2.487607138089938,762,11.0,0,1,11.364765515761189
5.037208307875143,0.3317599046582239,0.08677256433809645,1.9055110039945566,0.211755600885238,Supp_Motor_Area_L--Supp_Motor_Area_R,0.36876017063340444,0.08267904305736741,0.03079689204429002,0.27367999790186764,0.3910343665724684,0.6187372675891303,1.9179150678086818,763,12.0,0,1,10.20297803984369
5.919130476733447,0.447303321507519,0.08010532497897478,1.7989632162959508,0.06751591174551984,Precuneus_L--Precuneus_R,0.12976664690808026,0.050271391564576,0.016559409562768586,0.20786504930177693,0.34422239259037946,0.6217510412515365,1.8573063199312048,764,8.0,1,1,10.80129864501172
5.150036412262066,0.3310714780576804,0.07652857005122159,2.213567720939642,0.13305872910423067,Supp_Motor_Area_L--Supp_Motor_Area_R,0.35306200090150786,0.08829346110182776,0.02669448901377539,0.304986315137038,0.36738430194715854,0.6281442329020774,2.292007493268878,765,10.0,1,0,10.633738984396294
6.386935896266772,0.3788371346981495,0.08531044298358058,2.1521161014818757,0.09236959585185237,Parietal_Sup_L--Parietal_Sup_R,0.34192476223766866,0.087515616843615,0.03848766639663871,0.3291198076229606,0.4235947647241175,0.7164225139901684,2.2399626393478584,766,9.0,1,1,10.609710457422667
5.904981557819671,0.3264546536643157,0.08272996417543786,2.381007290277857,0.24036723708119134,Supp_Motor_Area_L--Supp_Motor_Area_R,0.4403827072988786,0.11091954174036685,0.029436269163142636,0.35792488319670873,0.34419983906831386,0.7028466704792379,2.43358870751348,767,11.0,0,1,10.429488527273477
5.176217355709819,0.265724490084582,0.09889043939862087,2.1451343408700794,0.21858515869679915,Supp_Motor_Area_L--Supp_Motor_Area_R,0.34889363896389675,0.10883014728807383,0.001838753178845511,0.27476400476310325,0.685770613363156,0.6813524019398309,2.3330127076222404,768,10.0,1,1,10.705849886924721
6.375231460921581,0.3878898971286041,0.09124199809190597,1.9616457482006726,0.21225396581220488,Supp_Motor_Area_L--Supp_Motor_Area_R,0.40113989713429743,0.09723684606359616,0.02607257818442801,0.3249461723259142,0.31894477158164325,0.682608200065083,1.989552919974597,769,8.0,0,1,10.991921631894568
6.629530580284307,0.3817621534715107,0.09685479646830375,1.9525252252529641,0.2509457508926734,Supp_Motor_Area_L--Supp_Motor_Area_R,0.4159589549827098,0.0995874617083961,0.016299325538633655,0.23337516039481218,0.7827476626628944,0.7106624586959941,2.0460891024422763,770,10.0,1,1,10.921354135655022
5.428027317651561,0.31878913872650555,0.08472480403000315,2.188546684250892,0.10677783755803917,Precuneus_L--Precuneus_R,0.43061642105642567,0.09553318800456748,0.05117362978115926,0.3485414267932532,0.5632027242349021,0.6551739777458666,2.354215657555965,771,10.0,1,1,10.433357420408901
6.377851355842857,0.3347441015007672,0.08311522316595692,2.4963689064991845,0.23381345809513315,Precuneus_L--Precuneus_R,0.5174532913765096,0.12526131503327842,0.014308613977676493,0.3012245179368609,0.6364408063992124,0.7162751739165025,2.582082951592139,772,11.0,1,1,10.92256800402206
4.2183282132180855,0.24395013243613484,0.09003998954942438,2.0913742344860715,0.23828200869054364,Supp_Motor_Area_L--Supp_Motor_Area_R,0.38276805477297454,0.08672277380776716,0.03755085478193048,0.3066411602268176,0.4432859511432916,0.6319826169513084,2.134053901040437,773,13.0,0,1,9.637857899288768
6.100347365735298,0.37279414006982553,0.08108168593187297,2.1978122898266195,0.21593716669943097,Supp_Motor_Area_L--Supp_Motor_Area_R,0.43747641042439844,0.1094426455625932,0.023661559273735925,0.3063886304772479,0.42230703898083477,0.6618110450303146,2.2608954973248747,774,11.0,0,1,11.348948862915288
5.149231687502255,0.2592678540362159,0.08772423122095523,2.4654833214735628,0.28922229071759464,Supp_Motor_Area_L--Supp_Motor_Area_R,0.5096354881239311,0.13735130959658504,0.021036046529958784,0.3521398631286335,0.4115769952682491,0.6649300780563419,2.587022759882499,775,16.0,1,1,10.207976765648827
4.4872868548272065,0.20200356301051592,0.09790705496187717,2.4708062769519983,0.3558529504243236,Supp_Motor_Area_L--Supp_Motor_Area_R,0.5590658492329418,0.1404936473792267,0.016698492488697602,0.34984658845273997,0.8400138053504429,0.7314157574188024,2.4991613147424214,776,11.0,0,1,9.409667663225722
4.934357205085864,0.25176680570907456,0.09805754236839394,2.176601835938609,0.32825928007963623,Frontal_Sup_R--Frontal_Mid_R,0.1931503743253037,0.08224350552234115,0.008951796417388275,0.26211053012203295,0.821476243912354,0.6560381941209703,2.386658668301919,777,10.0,0,1,10.238316898267037
5.257307420158906,0.2937701044498042,0.080780380252836,2.4125579945140374,0.26720630543916213,Supp_Motor_Area_L--Supp_Motor_Area_R,0.3835032690891879,0.10125207527016772,0.014227408447998717,0.295270442136771,0.660261196934313,0.6376158079509526,2.516730013905267,778,6.0,1,1,10.913674087453437
5.376535665505246,0.33616873604694136,0.08025805162672858,2.1701236360052762,0.13435293622235267,Supp_Motor_Area_L--Supp_Motor_Area_R,0.352618663287291,0.08853600695318124,0.03070681151846455,0.31773199468004215,0.36207916389952816,0.6221206497308989,2.2212616502780262,779,18.0,0,1,11.011824557853487
5.993923853327053,0.361516074855902,0.07960829857958883,2.2680527234989216,0.2558060631226563,Precuneus_L--Precuneus_R,0.4532081390614098,0.10972216568108083,0.0168051088805385,0.3137844549424136,0.729600755561767,0.6782900477083911,2.534771332248362,780,11.0,1,1,11.20405751738262
5.038324931505168,0.288620608462894,0.09099497847205074,2.089148386479309,0.25056129269016847,Supp_Motor_Area_L--Supp_Motor_Area_R,0.4114024584129216,0.10723386292117584,0.015764832297183208,0.3050425972829841,0.6495841470827781,0.6221564444347317,2.1490646188378144,781,16.0,1,1,10.7280175798769
6.393652628650863,0.3852171008411591,0.08704434493157524,2.076494557492813,0.2525447834762024,Frontal_Sup_R--Frontal_Mid_R,0.1918904701659893,0.06594030706927959,0.0201258972649446,0.23273803757543293,0.8026733404404279,0.7047568362235269,2.1475786985768472,782,10.0,1,1,11.097758225596875
5.560653634571976,0.443322511971463,0.07399996732129827,1.8458755221612009,0.12162275263183446,Supp_Motor_Area_L--Supp_Motor_Area_R,0.22967387496757163,0.06541440854102454,0.010423743946779206,0.21860276395635236,0.29363804843098573,0.6234228194465187,1.9520763552727651,783,10.0,1,1,11.126893683827282
8.39105683711727,0.5545729439776742,0.09513553046979807,1.7319809888847206,0.09673358544569412,Supp_Motor_Area_L--Supp_Motor_Area_R,0.2122740424945925,0.07741534546154016,0.008128216699835511,0.22169982318169376,0.26379480265629174,0.7274439327487972,1.7860560894511397,784,7.0,1,1,12.001197433337511
4.783856324936952,0.33182898641673375,0.07962433441087595,1.97172286211081,0.21241132908997276,Frontal_Sup_R--Frontal_Mid_R,0.11734145702940996,0.05565553431654415,0.008348485554882124,0.20253314062815672,0.5664142708860991,0.6155666792613037,1.9780759321498285,785,12.0,0,1,10.389467181425596
4.678293525999319,0.31794091616934567,0.09888355696572787,1.6204843649179044,0.22452881306669598,Frontal_Sup_R--Frontal_Mid_R,0.13951393072401613,0.06912908251475045,0.0047251578756620175,0.1944882275643327,0.6987120062788927,0.6069777586072465,1.6833978812839883,786,7.0,1,1,9.751483808348766
6.176114547037452,0.39400872526889585,0.07360767871456896,2.3190721504741547,0.13170012641252812,Precuneus_L--Precuneus_R,0.32994974608708794,0.09337088967527432,0.02536122723666735,0.2981619973793755,0.31272034140592275,0.6624800568779455,2.508888032303322,787,9.0,1,1,11.4313710454454
5.224490697925449,0.27427964052886195,0.08464017682321624,2.4507652087666925,0.33550799804196363,Supp_Motor_Area_L--Supp_Motor_Area_R,0.5078679395093617,0.11299854589766001,0.013885996040637002,0.30384899137466204,0.8679448687217436,0.7080026374475769,2.722926901840349,788,16.0,0,1,10.521695488275391
4.953548393432019,0.2963507066708389,0.08033256596107101,2.2659310127018837,0.19371885393687704,Supp_Motor_Area_L--Supp_Motor_Area_R,0.4204684043608633,0.10154656945932873,0.03350499621842788,0.32108976980069465,0.4025819347908509,0.632981244919658,2.291026191970649,789,13.0,0,1,10.474355350965684
4.552220387358326,0.32043203652894553,0.08147157766514261,1.898930643651869,0.18444281965020745,Supp_Motor_Area_L--Supp_Motor_Area_R,0.3403000803525679,0.09548083530958652,0.02251041753562221,0.2797987201029638,0.40145846648534306,0.6049245709841486,1.9847982776424085,790,8.0,1,1,9.885149176613817
6.5893888057424075,0.46402703519858896,0.08386283957777398,1.8439968119976125,0.17296810932111553,Supp_Motor_Area_L--Supp_Motor_Area_R,0.26675652605440137,0.07092772517598955,0.008729398550085829,0.21839047442641818,0.4004229521824376,0.6480977656735789,1.8926080153744669,791,12.0,1,1,11.615137035239607
5.162184325342089,0.3083287363717646,0.08421227198612097,2.1650702876629273,0.22164412822945445,Supp_Motor_Area_L--Supp_Motor_Area_R,0.3797579478268487,0.1053645811264165,0.00611918548418297,0.28535135344260604,0.5562008608689886,0.6523354200182881,2.2726048084103256,792,10.0,1,1,10.489141284437359
4.563278209889923,0.2914229741721766,0.07963865362885982,2.1411994917653354,0.12335911937577666,Frontal_Sup_Medial_L--Frontal_Sup_Medial_R,0.2561296755741262,0.07856384472916161,0.02331443154171011,0.3020896716230307,0.4167949875007577,0.6058246179542348,2.2077381668650795,793,10.0,1,1,10.165248758226484
7.029609576023192,0.37768578319942886,0.09649861914948314,2.100425820634483,0.15095093904845328,Supp_Motor_Area_L--Supp_Motor_Area_R,0.3569999775161446,0.10790424853603295,0.023711963260979265,0.2998873420147785,0.2862893307961896,0.6775275698136314,2.181089258347576,794,9.0,1,1,11.397266143871507
6.0243876761576844,0.3550444287433084,0.0911124324302158,2.0280583580865965,0.20068655711637584,Supp_Motor_Area_L--Supp_Motor_Area_R,0.3476208751987353,0.09091314917341536,0.016758778974132534,0.2506722823634449,0.45045150151825464,0.6482057807841691,2.178118214125502,795,10.0,1,1,11.255240242030427
6.058216815682705,0.3509745082455905,0.07302912086383989,2.573955563882028,0.1988523460677478,Precuneus_L--Precuneus_R,0.35161316233287687,0.09310250034875228,0.008935238751712989,0.24108117312063546,0.47050609328135284,0.6431258482437107,2.7594187983052207,796,10.0,1,1,11.509848263261148
4.118340053086372,0.26181302719741795,0.07884810774361212,2.1725388727082464,0.1869398616800875,Supp_Motor_Area_L--Supp_Motor_Area_R,0.43421319601279856,0.10333671835882681,0.01774317529495561,0.306992722195189,0.37099474771849045,0.630462088232807,2.212340018839679,797,11.0,1,1,9.309641821544014
4.425761650175482,0.31958757246150665,0.0700937015881742,2.1515281011227825,0.1212969012051077,Supp_Motor_Area_L--Supp_Motor_Area_R,0.3542759339439098,0.08353707413000093,0.03246645352244861,0.2864163469807714,0.44908184869310175,0.6061505933925356,2.290673826377138,798,9.0,1,1,10.253445902322667
5.570148685782759,0.33132691320131274,0.08449144547774173,2.1668318637031483,0.19665412360756548,Supp_Motor_Area_L--Supp_Motor_Area_R,0.35688745671578925,0.09450256554768866,0.025805602102759454,0.2721250182414718,0.4683660007581803,0.6370357502430325,2.2128503063458678,799,10.0,1,1,11.187000403931577
5.967531772836177,0.3231121656363118,0.08641862704066916,2.3273513263577055,0.2725502732789152,Supp_Motor_Area_L--Supp_Motor_Area_R,0.4209767666613351,0.11158337713298451,0.009218546951324914,0.2785771884396999,0.6906535998988106,0.6764835102108309,2.434096677270815,800,13.0,1,1,11.055758306210446
5.773899957805596,0.3793531210999355,0.08318393503232602,1.9925719487556988,0.17699484215609787,Supp_Motor_Area_L--Supp_Motor_Area_R,0.4024830401344168,0.09252558184897902,0.028616241413833805,0.29036518201378564,0.4235215459012538,0.6457372359264527,2.133982403501366,801,8.0,1,1,11.070979727305925
7.421249440343826,0.3883951716245027,0.08706566819180489,2.389924323165136,0.2070072293595351,Supp_Motor_Area_L--Supp_Motor_Area_R,0.4405244110613041,0.11791186997673346,0.017342720759973018,0.3083854950565614,0.5837591810674736,0.7367424589041396,2.5406234659026063,802,10.0,1,1,11.39168954186324
4.907063487975447,0.2880038951191644,0.07707630692482935,2.4073004544026197,0.3009089348371515,Supp_Motor_Area_L--Supp_Motor_Area_R,0.4518519720382232,0.1052020749796282,0.02080583060917861,0.2922323126221596,0.6646298915477431,0.6284518862772047,2.540210475034794,803,9.0,1,1,10.236533474266132
6.555051963404109,0.4023356941442383,0.09916081499120089,1.7892678862776252,0.19553613330589967,Supp_Motor_Area_L--Supp_Motor_Area_R,0.27829135984534886,0.07956389073306279,0.012838381484591745,0.24125385261362187,0.44264126549074323,0.6633689851298012,1.866040497559424,804,9.0,1,1,11.689582860919044
5.887369675436275,0.4260857879882884,0.07347013314280953,2.048053563998193,0.16854079399063945,Precuneus_L--Precuneus_R,0.34488647085817736,0.08414396388315731,0.019648136769605015,0.2915510121499013,0.34289080950601736,0.6427801898185238,2.1929950745934734,805,9.0,1,1,11.024833210381052
5.727059084660683,0.3370240046330736,0.08835241088326744,2.094499707393115,0.22563964074062096,Supp_Motor_Area_L--Supp_Motor_Area_R,0.35538517287881194,0.10565788579362845,0.008271757177951044,0.26603812057598386,0.7107624864123872,0.7034509895536663,2.209267606328733,806,12.0,0,1,10.536833494765824
5.294528453050016,0.3718314081446608,0.08314875560609662,1.864890518898349,0.10245580085295641,Precuneus_L--Precuneus_R,0.3081215467307029,0.09648656083104977,0.02826989319670329,0.3132408104524649,0.3895119061115694,0.6155763960559734,1.9481539868045392,807,8.0,1,1,11.176561528288465
6.247119627254451,0.343389468097193,0.08328870269223171,2.3786724008336035,0.23725073990803336,Supp_Motor_Area_L--Supp_Motor_Area_R,0.44343176094660847,0.11090206237574385,0.014271259631803038,0.279728988279925,0.551742489914332,0.6707952163602889,2.5570366098358392,808,9.0,1,1,11.525766799371405
5.974800394870058,0.3166951936957576,0.08576927158415343,2.3954002285530405,0.27866630374385193,Supp_Motor_Area_L--Supp_Motor_Area_R,0.5102385298727101,0.1251943363396802,0.02902272783556784,0.32875884316335074,0.7824319142631241,0.7107834010992009,2.4606202141957265,809,12.0,0,1,10.772360301250862
4.839005422664626,0.2817169857755632,0.08886266991721097,2.104997565300701,0.30122846182038815,Supp_Motor_Area_L--Supp_Motor_Area_R,0.4437684326565695,0.10100246542665765,0.026149720916016403,0.31055408945535956,0.6562409845438306,0.649680995186365,2.0720600157391234,810,9.0,1,1,10.405837562737705
7.268728606185344,0.4620029431499954,0.08789151679074747,1.9493715881952949,0.13522195151134633,Angular_R--Temporal_Mid_R,0.24267402831560003,0.07409385890324656,0.01849290022424982,0.23520898409103927,0.35293027355164674,0.6722607330138579,1.9911687258876412,811,11.0,0,1,12.068295758166864
5.051658026131844,0.32391507676496717,0.08416928767143154,2.0177948454229226,0.15957882502887757,Supp_Motor_Area_L--Supp_Motor_Area_R,0.38534866115581345,0.10216919963367045,0.02968694196376262,0.3364157634193508,0.34979902701143356,0.61450085881748,2.100174520312889,812,12.0,0,1,10.810550206507097
5.568681463034306,0.41453691885941135,0.08301455276567285,1.7622308849988528,0.08484576652984686,Frontal_Sup_Medial_L--Frontal_Sup_Medial_R,0.32570847139326314,0.08738497283163048,0.030620315126958238,0.26411152346870787,0.35993372159246095,0.6146850845954219,1.8746474660647865,813,9.0,1,1,10.831002912662667
5.623575596611916,0.32800604864434424,0.07568019461960514,2.46704075907071,0.14703804875194174,Precuneus_L--Precuneus_R,0.4194920068631117,0.11548711321984902,0.03283359910762681,0.3372597230186723,0.3293665005879999,0.6490601326261054,2.650058891502988,814,9.0,1,1,10.848157219344452
5.6448895952117315,0.3585347284512513,0.07869859783210413,2.1786381719059245,0.2743670947161676,Supp_Motor_Area_L--Supp_Motor_Area_R,0.4630110772043371,0.09595691487389267,0.03243582412306467,0.2867202335761865,0.4346670597055218,0.6614279327201924,2.268483493268989,815,11.0,1,1,10.418278547992923
5.200460582108628,0.3130710832372807,0.08166121310537444,2.215189608751139,0.2805537314405793,Supp_Motor_Area_L--Supp_Motor_Area_R,0.45220516484208684,0.10350724214158116,0.018229552085444543,0.30454984657877743,0.6536136978774378,0.6505651591966326,2.233213424622815,816,11.0,1,1,10.610486080842078
5.547714318327213,0.3386925782697136,0.08691892449315297,2.0522106856446363,0.23092734758103975,Supp_Motor_Area_L--Supp_Motor_Area_R,0.38550023442783365,0.09542568505475296,0.005918718831936661,0.23960574924535646,0.5329934113145278,0.6324052656906117,2.201039277520962,817,9.0,1,1,11.13883901076579
5.9523740381091805,0.4070026495678482,0.07221775283090245,2.2053467631471695,0.24018020085989394,Supp_Motor_Area_L--Supp_Motor_Area_R,0.3872567706389496,0.08613311303500026,0.029440713885679305,0.27141443065719234,0.38437142750085285,0.6669071528303675,2.2110592037816246,818,10.0,1,1,10.609276924775699
5.530005661559051,0.3307169493966529,0.07904832969041467,2.3035853334642638,0.18861771609509115,Precuneus_L--Precuneus_R,0.43449556038907744,0.11273032175330033,0.02367668735049123,0.3341161696162142,0.31141110982415554,0.646188766827593,2.490997980829138,819,8.0,1,1,10.392837571077784
5.372147706871185,0.3353396488790186,0.089049600846096,1.9591105458142437,0.20324947224556753,Supp_Motor_Area_L--Supp_Motor_Area_R,0.34669247257035374,0.09785303322969498,0.011073121855987439,0.32962938095877536,0.5668760455151274,0.6281090773381632,2.0200931302558827,820,11.0,0,1,11.256704582029627
6.786064319383663,0.3682266613753607,0.09412040328797941,2.1322928061641107,0.24532216023175774,Supp_Motor_Area_L--Supp_Motor_Area_R,0.45053911472684033,0.12067848445139799,0.017100649776775948,0.3031920101831,0.46885139567014955,0.7022021998249564,2.153003924043092,821,11.0,1,1,11.302861413236602
5.182857002303527,0.33793256706349595,0.08814350178427212,1.8948583885196324,0.21912256247789966,Supp_Motor_Area_L--Supp_Motor_Area_R,0.4104198125286359,0.08392440543843308,0.034008366162759894,0.284840495987831,0.4094615061119826,0.6221105431527334,1.8982143311147768,822,8.0,0,1,10.932820495210606
8.169125674325178,0.50493272962066,0.1108110875309817,1.5899618996480993,0.11985160222563253,Frontal_Sup_L--Frontal_Sup_Medial_R,0.09411212671802754,0.03080135234793269,0.024965041997490684,0.21987146948118494,0.43805964137348186,0.7366572685277942,1.621515880683263,823,9.0,1,1,11.889882651945978
6.666234159872844,0.4270539485236394,0.08932583587291808,1.903043054825976,0.10286857381306937,Supp_Motor_Area_L--Supp_Motor_Area_R,0.2749434952135782,0.08315056067103706,0.03561796133495296,0.33970282436748145,0.3562137783294671,0.6634882173711165,1.9521937533894367,824,11.0,1,1,11.743985393305719
6.178811849675027,0.3798224183245056,0.08896324039017123,1.9913227834188354,0.20794940950845817,Supp_Motor_Area_L--Supp_Motor_Area_R,0.30629313433758915,0.08703761808616324,0.007833733291497797,0.22203284205549234,0.5860204794969733,0.6629994323610892,2.025528656723414,825,8.0,0,1,11.510208769739457
6.245695311273187,0.35303825139881734,0.0840134471071652,2.293179791317845,0.21591324233911827,Precuneus_L--Precuneus_R,0.3261422938052217,0.09301967183392258,0.020446922309854048,0.30116308584897106,0.5956910854571714,0.6697793637041288,2.4686060955113645,826,9.0,1,1,11.047018663205584
4.957567082302615,0.34846785448545614,0.08189448701564093,1.8918168572147194,0.1536071166259881,Frontal_Sup_R--Frontal_Mid_R,0.1441145100131259,0.05772709406658242,0.006102895494254234,0.21561204349792273,0.4855482755930317,0.6069515300276763,2.0018739742872538,827,11.0,1,1,10.887532094618438
6.238598975830136,0.4402822478957778,0.0745675959688568,2.0693484800442365,0.10530583364489624,Frontal_Sup_R--Frontal_Mid_R,0.17122300023994816,0.07398815235809507,0.010549912735531004,0.2352515229750832,0.4225860707803,0.6373990199263765,2.1738658683262795,828,9.0,1,1,11.120294693932108
6.062163719284616,0.4242024898483552,0.07651798231780192,2.033849522570002,0.21968562585417192,Precuneus_L--Precuneus_R,0.4068216806328019,0.08758399961103283,0.02377374826904934,0.26218724842192465,0.670288913509197,0.6677467442448547,2.2542330022491877,829,10.0,1,1,11.255832422123897
5.414601831287391,0.366911266484218,0.09360567831278696,1.7168452976530872,0.14330949435187018,Frontal_Sup_Medial_L--Frontal_Sup_Medial_R,0.3293260300738411,0.09500080520385927,0.0077095721411695635,0.265157707839424,0.31886019078549255,0.6261169159118364,1.8668340675685693,830,9.0,0,1,11.207028528174225
5.520229385255832,0.3865773870423231,0.08004196010667373,1.9428122930416998,0.1764180168446686,Supp_Motor_Area_L--Supp_Motor_Area_R,0.3000591865493584,0.08307050198260764,0.017842521058098363,0.27793657171884123,0.3010519234323291,0.6321347429545828,1.9841951402661375,831,11.0,1,1,10.919145164873601
6.717053425279546,0.41377873509371516,0.08592941556307,2.0572954076551775,0.15549610616819662,Supp_Motor_Area_L--Supp_Motor_Area_R,0.39985238758934794,0.11376605369631898,0.008204656166648705,0.27450157927494145,0.4137530993968063,0.661747518424681,2.2566997482135647,832,9.0,1,1,11.622413934067731
6.689383337914617,0.4559682299166254,0.08553560493437895,1.867808936209703,0.2079103564437106,Supp_Motor_Area_L--Supp_Motor_Area_R,0.40658828834212424,0.0945461054049646,0.02861240026011273,0.27851655253196866,0.4536347016130851,0.6613603743513484,1.9025905035022008,833,8.0,1,1,11.370080136330007
6.030726923405249,0.3984559344810883,0.07828453393373631,2.105432262914023,0.12682943081880443,Frontal_Sup_Medial_L--Frontal_Sup_Medial_R,0.312334300050486,0.08785948999266763,0.026566276511962632,0.2891370300394552,0.4154477488986177,0.6479399094066455,2.2062575172908327,834,10.0,1,1,11.386741505612957
6.437202320628242,0.382438329565248,0.09426122006058282,1.9446012905288161,0.21207663563927764,Supp_Motor_Area_L--Supp_Motor_Area_R,0.4057869577398945,0.10232930754696466,0.027211498417244344,0.3378634542436931,0.32898290379500267,0.680220486513248,1.9165005176439596,835,8.0,0,1,11.277807268663102
5.84148172540843,0.4019187011228353,0.08342226984041778,1.897276753403403,0.13220773527475926,Supp_Motor_Area_L--Supp_Motor_Area_R,0.2604745063777455,0.07436820175696118,0.022193137624355336,0.28703971577752846,0.41840236144140364,0.6324869150647793,1.926643202918499,836,7.0,1,1,11.39733795488515
5.404056249493779,0.30650285806808397,0.08671893032574965,2.2141105423516985,0.3053813176403646,Supp_Motor_Area_L--Supp_Motor_Area_R,0.48321415199855494,0.1098993471035699,0.02022607898108444,0.2988885159252833,0.7518985198476555,0.6779853026845963,2.250810870654479,837,9.0,1,1,10.57707562912154
4.702402872698784,0.2695259183706816,0.08382895180511696,2.26648653605239,0.18677299228370856,Frontal_Sup_L--Frontal_Sup_Medial_R,0.1933809264705707,0.07854495076197252,0.011720709926236568,0.25004399595611637,0.5648031144844546,0.6124296318658912,2.4660879571621224,838,9.0,0,1,10.193838655186767
4.905586633536623,0.32220618771745296,0.0766013101771747,2.164455968236818,0.17894636180474535,Supp_Motor_Area_L--Supp_Motor_Area_R,0.37435169685196196,0.10568144725180809,0.018880189564468564,0.31072056631269024,0.34617433211384924,0.6142945193644826,2.2169279018136874,839,10.0,1,1,10.971719969729847
5.75394696321664,0.33915490539541915,0.09356010440563103,1.9747173119525705,0.29064041285537595,Supp_Motor_Area_L--Supp_Motor_Area_R,0.40067031103324646,0.10478509626169596,0.011455382918816473,0.2699960795084081,0.807876051216952,0.7074254278402896,2.018334511754177,840,11.0,0,1,10.465223240152989
4.65281570588327,0.28749772743746566,0.09486955227357581,1.8577294398240272,0.19113722590229099,Frontal_Sup_R--Frontal_Sup_Medial_L,0.2625922197774575,0.08116902717909709,0.01967697403637564,0.2870206026651856,0.650371516392835,0.6174353824430378,1.9268701337325391,841,8.0,1,1,10.25711111635484
4.422712615337028,0.24562618982041934,0.09220645824228543,2.1265744312507513,0.3631933055401856,Frontal_Sup_R--Frontal_Mid_R,0.10346614827998422,0.056404103719301685,0.018335496192551603,0.2681618961337871,0.8437283412503176,0.6643078193514301,2.1354577220254503,842,13.0,1,1,9.863686617334812
6.201209465468947,0.35291944245308254,0.08555871786862694,2.2364769611882838,0.18124080463219283,Frontal_Sup_R--Frontal_Mid_R,0.28262616471530316,0.09112860298678414,0.013284071232566844,0.26117171630128516,0.36663670072257193,0.6706766642440483,2.3181406741853774,843,12.0,1,1,11.409367001655776
4.859221694025431,0.2959269814581047,0.0789563644106212,2.2647636517788334,0.20385373852335836,Supp_Motor_Area_L--Supp_Motor_Area_R,0.4314532255788009,0.10660818656578525,0.012054227002635495,0.2975599793828469,0.48871770694099304,0.6168514905136807,2.4275564160592378,844,9.0,1,1,10.760640358685587
5.112090905068805,0.3338318848229533,0.0795889420809006,2.0952984961797294,0.14199014974016622,Precuneus_L--Precuneus_R,0.3999944294991613,0.10391453812115917,0.020447991702083123,0.3477460345892333,0.3151985975205225,0.6229871027565008,2.2173435494525897,845,10.0,1,1,11.15538310913517
6.308880130294668,0.5055583913789978,0.07033023289699401,1.9322653974241597,0.07067330348174863,Precuneus_L--Precuneus_R,0.1714691194178282,0.060294281849494,0.01593209850762298,0.20742071667168133,0.23614796576247493,0.633772236751279,1.9695501335306274,846,10.0,1,0,11.098160961131093
5.105113419813025,0.2331699503160561,0.09426457999590733,2.5293688045177207,0.3746741617162629,Supp_Motor_Area_L--Supp_Motor_Area_R,0.582100778636857,0.14722265377637136,0.012043540633775881,0.31543065015676774,0.9520469314259312,0.8448656513964412,2.5805032107422123,847,12.0,0,1,9.72300759179879
4.640384972191074,0.24459570092147687,0.09859637790559754,2.0954249523624884,0.2735645493295075,Supp_Motor_Area_L--Supp_Motor_Area_R,0.47396216812593933,0.13143910704821932,0.017856598961580088,0.35070327871848345,0.6862336568267011,0.641118450416778,2.2143743937916507,848,13.0,1,1,10.223201012936023
5.671375083769462,0.31236470430977953,0.09038767189184842,2.1874850588947585,0.2428400493736762,Supp_Motor_Area_L--Supp_Motor_Area_R,0.43601920690608637,0.12558620769381942,0.00805951284551091,0.31002728250105005,0.5163304169453571,0.6592737616009116,2.200439483258781,849,12.0,1,1,11.031373933129377
5.083494410729478,0.25849260298289056,0.08549285392186746,2.5050263318359622,0.33826125422327263,Supp_Motor_Area_L--Supp_Motor_Area_R,0.5764364851035768,0.13181531340092761,0.015312665007166026,0.30472350548352733,0.8752625104955571,0.6959975986088764,2.6280490280686544,850,8.0,1,1,10.197126466891865
6.3699944333052,0.41458247606116677,0.0815973580455249,2.0505950002355817,0.15184611725077862,Frontal_Sup_L--Frontal_Sup_Medial_R,0.28291663159776603,0.08778695035746246,0.016448301173442197,0.31064142140350526,0.509587882340309,0.647484163414951,2.2225725630308584,851,7.0,1,1,11.439667770805109
7.268482567675689,0.47872185705709924,0.08368042526531107,1.9758978913481409,0.15986855277580023,Frontal_Sup_R--Frontal_Mid_R,0.11198606701815553,0.052994573278072714,0.008830551820689463,0.21416318977586182,0.4151762061243671,0.6878659328350221,2.051079090754417,852,10.0,0,1,11.865528308365455
5.388035047387036,0.33117370582522987,0.07149077338612776,2.478291849761146,0.22688000506972145,Supp_Motor_Area_L--Supp_Motor_Area_R,0.4408122940984987,0.10639468770889197,0.017407664943027715,0.30480173029788477,0.6487234136172702,0.6513418595878379,2.6571324099901203,853,15.0,0,1,10.633412428258273
4.263338129998558,0.2759250293466498,0.0896352448744261,1.8771879228522177,0.1444967428933219,Supp_Motor_Area_L--Supp_Motor_Area_R,0.2034699741576259,0.06564212712419427,0.0197942159870394,0.27437437523697905,0.5230546433416473,0.5954492860723163,1.9549135862294218,854,15.0,1,1,9.460092399074362
4.461139416661873,0.26236841628688906,0.09263684238871858,1.9988415952056093,0.26348425236817297,Supp_Motor_Area_L--Supp_Motor_Area_R,0.4548175277950422,0.10958261685164922,0.02650903755713804,0.3078862267892894,0.4690940946927235,0.6182724713271975,1.9865033338271674,855,11.0,1,1,10.104924800662396
5.463341417464279,0.3733427764048305,0.0744258866108964,2.1411862777343567,0.18960851873335566,Frontal_Sup_R--Frontal_Mid_R,0.20682452926120432,0.06820400997687914,0.013788532660113227,0.2326140738754509,0.5581669314915352,0.6226372748777933,2.271197454212965,856,6.0,1,1,11.198523352772307
5.6287892846462215,0.3346532987882363,0.08214802891612644,2.229721456823551,0.14323860038288402,Supp_Motor_Area_L--Supp_Motor_Area_R,0.29621302516416165,0.08928091783748589,0.030621474610552132,0.2945177850944422,0.3165596387771371,0.6294815171566426,2.378353861182736,857,12.0,1,1,11.181690313084582
4.892092179596636,0.33413783396924945,0.0723225844897518,2.204565064518968,0.18632601308722013,Supp_Motor_Area_L--Supp_Motor_Area_R,0.40301364090948993,0.09459638116729178,0.029788994996079086,0.28099469906749225,0.44323581888879804,0.6143688424924318,2.3300140370588234,858,9.0,1,1,10.830134644489023
4.642170490273121,0.3328610882109595,0.0717943100067997,2.115416617440138,0.14127165958953242,Parietal_Sup_R--Precuneus_L,0.20308806367846013,0.07041972274490227,0.024651511078683613,0.3296052378940901,0.5593239310022584,0.616184279308317,2.2324005194001844,859,9.0,1,1,10.084439979653002
6.017129671443006,0.33691705313326004,0.07924517406538904,2.4542648836940293,0.17225758810606118,Supp_Motor_Area_L--Supp_Motor_Area_R,0.34918872696070713,0.08635499416773383,0.01791682867406015,0.26498285991503084,0.5797039665691024,0.6661647668235063,2.561313356763261,860,12.0,1,1,11.254499031771385
6.082575323444109,0.43945244236869835,0.07940244908631228,1.8983207501846089,0.15949309777030155,Supp_Motor_Area_L--Supp_Motor_Area_R,0.1889920319119329,0.0574805458882415,0.0023608884370234233,0.17532553865404918,0.5795256516809735,0.6460301289244844,1.9192465412951014,861,16.0,1,1,11.08446859952723
5.801631584540938,0.34628866674967645,0.08427566900680075,2.1648984995767817,0.18321594465340385,Supp_Motor_Area_L--Supp_Motor_Area_R,0.35617304892120016,0.08359982850928956,0.022844606891617304,0.27338193498684954,0.5918560811186295,0.641894363382355,2.368225673903703,862,10.0,1,1,10.967346864878877
6.059655060681373,0.34883414776788857,0.08446398162990644,2.2396762298264963,0.26263256139044305,Supp_Motor_Area_L--Supp_Motor_Area_R,0.4010063766023481,0.10322058547569901,0.008090557953337086,0.2310490554825796,0.7760153578259534,0.665362493231449,2.2672676668900777,863,9.0,0,1,11.25394003416808
5.64561891908673,0.416691346890685,0.0838443439856583,1.7597508619120015,0.1832697190436926,Supp_Motor_Area_L--Supp_Motor_Area_R,0.23113686204972947,0.06875162402823712,0.010604082895456564,0.24455918944687494,0.45278989807002296,0.6389691634669075,1.7487412283540371,864,15.0,1,1,10.902370432763497
4.488093919703388,0.23574394588509182,0.09080791301574638,2.283103359958023,0.3431804940570008,Supp_Motor_Area_L--Supp_Motor_Area_R,0.49118868799713256,0.12491663944844202,0.02119928198474991,0.31506603793325877,0.8122886279624286,0.6509519817614281,2.3593084601861722,865,18.0,0,1,9.929487791935436
6.575784786322444,0.4406011381324091,0.08600459276054802,1.8897667891568157,0.1510103909080805,Supp_Motor_Area_R--Paracentral_Lobule_L,0.2203907391740765,0.07197979514522239,0.022225340255366915,0.24191272625228005,0.375992103996741,0.6523590537624401,2.010885972419984,866,13.0,1,1,11.534044927926136
6.753802998358077,0.3965845573447246,0.08952853336249234,2.0714716746573294,0.21807774329330937,Supp_Motor_Area_L--Supp_Motor_Area_R,0.38633260500223937,0.10429659916349397,0.013963823830051998,0.2590966327422485,0.5727905206078074,0.6908769939671564,2.189499849287226,867,10.0,1,1,11.4870636314692
5.708073939563184,0.3327055475016742,0.09175995913252843,2.0361239675133307,0.2157204743372195,Supp_Motor_Area_L--Supp_Motor_Area_R,0.3264368963242115,0.09778586755063674,0.008282790705913874,0.2891326154398039,0.5867231191847322,0.6433707586521625,2.064002140373671,868,12.0,1,1,10.813720818182707
4.86682334674193,0.3063423568912116,0.08912692120241876,1.9411429038474088,0.30820784962053366,Supp_Motor_Area_L--Supp_Motor_Area_R,0.39284172805901363,0.09015460358338295,0.016539343074733266,0.2398501636290532,0.7466741099572277,0.6439509079134322,1.982001983754359,869,18.0,0,1,9.654770980130047
6.134793735404339,0.3462631130647157,0.08970871315531054,2.150735427900965,0.1976193629808173,Supp_Motor_Area_L--Supp_Motor_Area_R,0.3171841234080427,0.09859819160312307,0.015229116004836365,0.2985417155899026,0.584631992529758,0.6607834616281175,2.232868240206222,870,9.0,1,1,11.135675942976825
4.92100218989419,0.2605045124224884,0.09512229881684689,2.162638102003493,0.38435521803317807,Supp_Motor_Area_L--Supp_Motor_Area_R,0.45356316993680673,0.09817762658947211,0.007733871924908318,0.23757038336427955,0.9513308858476741,0.7715623137772495,2.1581530304486294,871,9.0,1,1,9.627028596228286
6.358535536950584,0.40290404239959354,0.08405866753782401,2.0445646908902675,0.12401026223418271,Supp_Motor_Area_L--Supp_Motor_Area_R,0.3105426323712466,0.09687792932396248,0.020485196962697513,0.3017146496472477,0.2816778623163828,0.6487731757361084,2.090452015563566,872,11.0,1,1,11.329264525818722
6.820415465956669,0.3782695650863841,0.08877551131005125,2.2117912103041317,0.15556131730462575,Supp_Motor_Area_L--Supp_Motor_Area_R,0.37685537722521056,0.10805675156098568,0.010113174772141105,0.26942056846888357,0.3279693872528908,0.6715599879348574,2.381497683972122,873,11.0,1,1,11.47002826391639
4.747821207612895,0.2749263076045287,0.09202150663107318,2.043697421277567,0.2635278660609501,Supp_Motor_Area_L--Supp_Motor_Area_R,0.3407953295206314,0.0981754285046603,0.009845495645296111,0.2530671675999245,0.7375554404239151,0.6540056465777522,2.042996787332708,874,11.0,1,1,9.71509269383437
5.743483613675345,0.32460330570547175,0.0872750954208801,2.207801354735099,0.22757092446600008,Supp_Motor_Area_L--Supp_Motor_Area_R,0.322641647228324,0.09274359012947662,0.019021676423816476,0.2924797206796394,0.6554028009775807,0.6615109403360256,2.262889723906121,875,12.0,1,1,10.703373602163335
4.749302287549743,0.2368221848699328,0.09186886548821964,2.377206756029562,0.36281238454532216,Supp_Motor_Area_L--Supp_Motor_Area_R,0.5479822998030753,0.12511961257024198,0.00539118837852227,0.2477718013255107,0.8766769291683993,0.7215221350914812,2.5049582028750272,876,15.0,1,1,9.94606931075956
6.584251080799987,0.49466889726063257,0.07928440290320343,1.8282344955347103,0.15226703955106063,Supp_Motor_Area_L--Supp_Motor_Area_R,0.30182949121204555,0.0842690758789069,0.011796990585628322,0.21241715153887492,0.2495157431684928,0.6531371569838764,1.8303242391098629,877,16.0,1,1,11.474857813102533
5.8408192899579685,0.2934723470696653,0.09878130277929463,2.1941166574702375,0.24331109820326316,Supp_Motor_Area_L--Supp_Motor_Area_R,0.3651740338317175,0.10922139676585271,0.010363918745003529,0.3011401800911846,0.6730538719777259,0.7058856817076486,2.3193505079312304,878,14.0,0,1,10.41308608372714
4.990878274951741,0.3676243906977855,0.07055534987376423,2.095417612795492,0.07398460445252104,Supp_Motor_Area_R--Paracentral_Lobule_L,0.20566974611461786,0.06524940754504513,0.020623197069351777,0.2682721320718511,0.37465387036167025,0.609432844649722,2.1615582712519186,879,11.0,0,1,10.28206272666102
7.001039603332833,0.5037734474476508,0.08984935882040275,1.6843803201563663,0.12469152139559268,Supp_Motor_Area_L--Supp_Motor_Area_R,0.29869119116570764,0.08419167576782137,0.00472388077596336,0.21663800075425138,0.2186091719114382,0.6537916969977445,1.7678344754241944,880,8.0,1,1,11.892781265273271
5.4660120274904616,0.29314469672422405,0.08378424965480265,2.4235614528528804,0.2831486777890958,Supp_Motor_Area_L--Supp_Motor_Area_R,0.47747588763105375,0.1225208877416603,0.010417901913794228,0.3183449021408499,0.7733411555330771,0.6954736672319086,2.5864060889457527,881,11.0,1,1,10.929343451863145
4.996505952619042,0.2608864067348733,0.09168148655025701,2.274894136395873,0.338475458369694,Supp_Motor_Area_L--Supp_Motor_Area_R,0.5015346660404186,0.11698179969387673,0.022332880909470252,0.31188117484856903,0.8169925763270262,0.6898769324089689,2.3541283984224504,882,14.0,1,1,10.048746785049643
5.277429850055358,0.33312221651040325,0.07875876619551984,2.1905231505662335,0.12056646155226308,Precuneus_L--Precuneus_R,0.42473853493913083,0.09712600303469338,0.054078868641003856,0.3518592548922789,0.36173257502865164,0.6310901887849181,2.3089525078059268,883,9.0,1,1,10.808535818223463
7.112951834931926,0.49685034138133904,0.07933040479462365,1.9652259254668047,0.16274846449322877,Precuneus_L--Precuneus_R,0.22497925145254669,0.06828456450303216,0.008780700949875589,0.21302445786106122,0.38045078428504353,0.6976509683493701,2.0949832419374514,884,9.0,1,1,11.574174009239197
5.120580566310572,0.2702163199617958,0.09920345019976079,2.0802174327325575,0.33013673832713336,Supp_Motor_Area_L--Supp_Motor_Area_R,0.43746096007808083,0.11339284768364999,0.00841188373609376,0.2723595362773321,0.8124696091991073,0.6971678450268305,2.1044543872328902,885,9.0,0,1,10.303520358271841
6.197642697953645,0.3485600891658501,0.08469077108849923,2.2863392377391953,0.2560689816412945,Precuneus_L--Precuneus_R,0.4401244100993345,0.11025371743708227,0.01191949547337071,0.2898723065074672,0.5051795337565594,0.7085408203490202,2.636402514299659,886,8.0,0,1,10.957249298068417
4.534612805543974,0.2957216557115077,0.08133160897054832,2.053173247357506,0.1323401323925838,Frontal_Sup_Medial_L--Frontal_Sup_Medial_R,0.37212829431543804,0.0972551133082064,0.03634130970207552,0.35505081270484395,0.4517902628333037,0.6142357424480324,2.205027633231708,887,10.0,0,1,9.922980844734854
4.91487882124308,0.34078420843547885,0.08274371009407523,1.8981312637625065,0.11912620289135777,Frontal_Sup_L--Frontal_Sup_Medial_R,0.17652651565746,0.056287169234558246,0.024027352210414993,0.2571030512878091,0.44502507180814654,0.608532402890543,2.00554849477634,888,6.0,1,1,10.335277856389153
5.091105709624853,0.3415078785257188,0.08686427206829886,1.8689517202485084,0.2110440519816096,Supp_Motor_Area_L--Supp_Motor_Area_R,0.32577638360066735,0.08489604099168975,0.01800757426002428,0.23751257816330337,0.36473456824932327,0.6207317777612582,1.8893578543201957,889,7.0,0,1,10.429497645047185
6.555319910650694,0.39774587034772835,0.08549083321145264,2.099406519639312,0.16422089848032603,Frontal_Sup_L--Frontal_Mid_L,0.2373084887628177,0.08536595172376359,0.011251857048945678,0.2313425634613181,0.3396806360513004,0.6439097372484076,2.175761161637594,890,9.0,1,1,11.697743735287116
5.905958064630899,0.35907517820597334,0.08264104032401794,2.1673900652694096,0.1748095555898273,Supp_Motor_Area_L--Supp_Motor_Area_R,0.3085194957025894,0.09009350863102272,0.016714043996418217,0.27854950985884724,0.43794850121540385,0.6434415282977126,2.243104899365622,891,10.0,0,1,11.55695664081469
6.394140015228409,0.36448290272245143,0.08893798797106003,2.1480558075708873,0.18739145841939253,Supp_Motor_Area_L--Supp_Motor_Area_R,0.3511910408688316,0.10078297350721593,0.010266110634210334,0.26566529450664067,0.5423633232063084,0.6607285980188118,2.2430057215772012,892,11.0,1,1,11.630199180088505
5.566295807734582,0.34774747376288506,0.0857646125339012,2.0324601924836636,0.21539682657926776,Supp_Motor_Area_L--Supp_Motor_Area_R,0.3738751639883004,0.09255982081036093,0.022376881520969276,0.2705680224264801,0.4113869698161912,0.6415207438392135,2.0098678934424976,893,10.0,1,1,10.991054085494165
4.32600083527165,0.2948603014864112,0.0753250267679239,2.1210889368385475,0.1998100254795404,Supp_Motor_Area_L--Supp_Motor_Area_R,0.4610024350836554,0.08287182440233981,0.04499626385873371,0.3046409436033638,0.5395483105394643,0.6068288253350589,2.2073259431863743,894,8.0,0,1,9.945003235345995
5.93443656675804,0.37578751688883616,0.08963202475799417,1.9186767604958253,0.10167428918651683,Frontal_Sup_L--Frontal_Sup_R,0.3177936032242695,0.0821695552307371,0.03590519941532679,0.3073042388807684,0.42576887994022294,0.6354766724369989,1.9855047922416529,895,8.0,1,1,11.2810793429882
4.699674663020098,0.2670163744712047,0.07921294059232935,2.419700665788216,0.17508406427708423,Supp_Motor_Area_L--Supp_Motor_Area_R,0.3591001712022891,0.10539727146019799,0.013523430950322676,0.29566639069604667,0.5754836311510894,0.6314769831130004,2.5560762083175024,896,12.0,1,1,9.84519306753864
6.590479605518207,0.3818326058278307,0.08430208549220189,2.229633958884833,0.1635631347572907,Precuneus_L--Precuneus_R,0.2859949028512405,0.09385901445086435,0.01662705837535182,0.3107174513913134,0.5461090720131864,0.6746133643532438,2.3660803791235545,897,9.0,0,1,11.447244038889176
6.5192553176416626,0.5449112089622331,0.07315148215164079,1.7810536353022683,0.13219014285707983,Precuneus_L--Precuneus_R,0.27636881369171123,0.07495007706013222,0.0066490077123425965,0.23939196865693843,0.3012322014820197,0.6433122255024932,1.9018442807504443,898,11.0,1,1,11.139531299629875
5.359164086223199,0.29840194679910814,0.08846713911350713,2.210758476623102,0.3048053367351077,Supp_Motor_Area_L--Supp_Motor_Area_R,0.44703103870478916,0.103150566445978,0.02214116491517638,0.26372603218016233,0.7560719158052873,0.6813851459469498,2.2708918622471876,899,19.0,0,1,10.421699219604392
5.069403870933693,0.39841666971519124,0.0705851014703539,1.9630629548863683,0.09190794964012358,Frontal_Sup_L--Frontal_Sup_R,0.17411009306568484,0.04449652760124864,0.022124721648855584,0.25936022451116963,0.4248931004390085,0.6068990877102559,2.016679924644257,900,9.0,0,1,10.08427830477612
6.24333795844174,0.4375771242654689,0.07585795976618322,2.048278264019658,0.09974418002512982,Precuneus_L--Precuneus_R,0.21340288710499883,0.07405619754201932,0.02031698915015424,0.2676459999576454,0.23803909552691188,0.6435015132092853,2.1450540059229715,901,11.0,1,1,11.5135708085855
6.41920424635315,0.41943191546054626,0.08612136618378506,1.9352482778396334,0.21013706286468473,Supp_Motor_Area_L--Supp_Motor_Area_R,0.3783945770093556,0.08804456638787418,0.022148706792453187,0.25970035885337395,0.604983330137495,0.6627554965638642,2.0316109014516175,902,10.0,1,1,11.07458839458826
5.623468846027736,0.3499959613550269,0.0851099083335573,2.0558386069112253,0.20703249304825577,Supp_Motor_Area_L--Supp_Motor_Area_R,0.3762865477314341,0.09308233978241522,0.026938819800277746,0.31700664940929496,0.5542316585635845,0.6377319260057966,2.1033237995965437,903,10.0,1,1,10.99200553897183
7.228787706055006,0.5419999887976511,0.0867225160226511,1.6747971128930805,0.11380406387220825,Supp_Motor_Area_L--Supp_Motor_Area_R,0.21376844915748985,0.06162330415281287,0.017969724198151606,0.22943364590383417,0.15538937389765178,0.6696742509623335,1.6973627919145788,904,13.0,1,1,11.70739787040852
6.890624841397056,0.3631879067528138,0.09022438387735286,2.289977319662088,0.17149761055048074,Precuneus_L--Precuneus_R,0.39071910648159935,0.11583487839459047,0.012138728323699421,0.28425019086050823,0.457270982280073,0.7144920846832475,2.5698222042126084,905,9.0,1,1,11.361405881173916
4.717481271874116,0.33652886608718263,0.0848598941782749,1.7989258248044158,0.15542161158497536,Frontal_Sup_L--Frontal_Sup_R,0.3086075898773254,0.060506585487462336,0.0350544687273219,0.22198754853048505,0.49343432432160755,0.6123620810265009,1.873100501831916,906,10.0,0,1,10.510465258705745
4.217231086638174,0.22956626003272262,0.0919812489495559,2.174943190595864,0.399810340836619,Precuneus_L--Precuneus_R,0.5134139136479361,0.1091902793909763,0.01588625374787283,0.2730364747935856,0.8963894876680458,0.6564055825828241,2.588721914667612,907,8.0,1,1,9.672184611870179
5.678297514697655,0.36640934950883775,0.0719388216914248,2.3459359817985934,0.18451096234446815,Supp_Motor_Area_L--Supp_Motor_Area_R,0.3404205197432325,0.10030611726778506,0.013038168700993913,0.2711087090663897,0.4209339232749539,0.6479536135321458,2.46455606780843,908,14.0,1,1,11.189486769083837
6.78300696170629,0.4225927178817402,0.08013222015564986,2.1813279191553874,0.19687249084448272,Precuneus_L--Precuneus_R,0.42122239147095114,0.10919955085017645,0.007289570391110334,0.266838561262286,0.46928799614454486,0.6839418003099595,2.39749760762841,909,8.0,1,1,11.240048632238928
6.3854707254119925,0.3899252301425335,0.08235131455129618,2.165553536199707,0.1550565310791651,Supp_Motor_Area_L--Supp_Motor_Area_R,0.37371639911681753,0.09684325400966673,0.021780463975367023,0.27823812207356696,0.5402766884793664,0.6553974324022146,2.2827120238548475,910,8.0,0,1,11.31694574961727
4.430001685770019,0.23015499143785242,0.07769267623689244,2.697933816012255,0.2109307276833923,Precuneus_L--Precuneus_R,0.41779288456973407,0.11842054690565595,0.013884034834777929,0.3149949900202634,0.5279949314916927,0.6128574187066921,2.9017221395879664,911,10.0,0,1,10.249350641282282
5.997139449028835,0.4432394557456005,0.07667270908491841,1.9217319284464915,0.16947060430964253,Supp_Motor_Area_L--Supp_Motor_Area_R,0.30579735091027843,0.07436285197383681,0.02787400844273322,0.279028621793385,0.3154300444583248,0.6389784823350468,1.984466684513775,912,8.0,1,1,11.479817580862933
5.5297741733852614,0.424846734441429,0.08762733094157817,1.6175712058970761,0.19500051507441643,Supp_Motor_Area_L--Supp_Motor_Area_R,0.28738066163239234,0.07302787284398359,0.014953521889932864,0.22139525473569927,0.4121605925469827,0.6225390957013446,1.7050786035791077,913,12.0,0,1,10.902423430364996
6.514776688704346,0.42681521833577146,0.09300834144108504,1.7871689788194136,0.13779358031720282,Supp_Motor_Area_L--Supp_Motor_Area_R,0.25415986666373236,0.07752560599314587,0.018037444551469526,0.23168925348550942,0.42167832903783664,0.6392214028998117,1.819160526733766,914,11.0,1,1,11.581286084946607
6.31755949816834,0.38732994634479684,0.08176438668069869,2.1723608200162556,0.17178336110661427,Supp_Motor_Area_L--Supp_Motor_Area_R,0.351076768641136,0.10712645157010306,0.009377095120874968,0.2607182237697149,0.3534093987311851,0.6502472803372957,2.278689832407243,915,14.0,1,1,11.649789557739256
6.580852054343839,0.394663599778557,0.08102253124706604,2.2411820083082827,0.17718681032555866,Supp_Motor_Area_L--Supp_Motor_Area_R,0.36192006271303717,0.10311345216284197,0.008598771853554017,0.27040570754277554,0.32875278765827803,0.6671096768300404,2.3636310037051698,916,9.0,0,1,11.526171899411326
6.299138832444861,0.41530975251928953,0.08632643786339382,1.9133442242295455,0.09144848555054026,Precuneus_L--Precuneus_R,0.3156280581740593,0.08749321880650994,0.028729656419529837,0.24515257685352623,0.3373674116859186,0.6341530796175749,1.9516989140742451,917,14.0,1,1,11.036191151815109
6.474409236638813,0.4325357217410292,0.0845487060839974,1.9279647127704105,0.08836486184988142,Supp_Motor_Area_L--Supp_Motor_Area_R,0.26746012616601667,0.08143855849427568,0.030199413074649264,0.29078980917654973,0.30041902775009555,0.6366138030678917,1.9538398223659965,918,10.0,1,1,11.391455547732857
4.9039648984120205,0.3026175774919043,0.0839022971771692,2.103329101404553,0.14947004683470563,Precentral_R--Postcentral_R,0.11863517647041165,0.056314632212173886,0.007437460449692008,0.17013741479161493,0.45205283817100045,0.6038211592562035,2.1727305096769958,919,13.0,1,1,10.341567144804188
4.696328218357924,0.21687355992352317,0.09503924138607926,2.4812855804945726,0.3450105313182053,Supp_Motor_Area_L--Supp_Motor_Area_R,0.6022469770379733,0.1417120482006639,0.011293053186003614,0.3223812460635282,0.6862565339071347,0.6798391281119283,2.4648478632546245,920,9.0,0,1,9.690666463374795
5.901809469080716,0.4967009268362166,0.06888319614584014,1.8784723386649167,0.06868602716774848,Supp_Motor_Area_R--Paracentral_Lobule_L,0.10677511822401708,0.05353546515954868,0.010452022633833024,0.24188048452099312,0.22073746061530558,0.6209937954896815,1.9125615213616705,921,9.0,0,1,11.032254439054656
5.8894676764295735,0.4143044389758156,0.07842712069021357,1.9738678112613754,0.17657611919266625,Supp_Motor_Area_L--Supp_Motor_Area_R,0.34511513988750325,0.07136386406179968,0.030568694139049276,0.2537256452846107,0.4487778583739228,0.6343803140632632,2.034752037855815,922,10.0,1,1,11.247818233384102
4.696384707139561,0.30272771175227126,0.08197635448970786,2.060870798488962,0.304907804382768,Precuneus_L--Precuneus_R,0.4233854670119169,0.09319442394078073,0.01625807391671955,0.2768473907516867,0.8007045933661039,0.6490576980753967,2.2688540335772776,923,9.0,1,1,9.794777218261927
7.406404805443691,0.362335220654629,0.08922348600048728,2.494856588288543,0.16054168459353102,Frontal_Sup_R--Frontal_Mid_R,0.38992272069677375,0.11823579151357581,0.011627382123802732,0.29694861463433225,0.445581382524016,0.6969165312330571,2.642009791025583,924,10.0,1,0,12.033389211916901
5.965978815895658,0.40884071296240376,0.09119275299499087,1.7425896209629033,0.10297793617242954,Supp_Motor_Area_L--Supp_Motor_Area_R,0.2697791159796517,0.08367457516123311,0.026579831097476598,0.2746049813185935,0.3558866933272661,0.6391670546122444,1.8885185902162547,925,11.0,1,0,11.500803348960728
5.591076025436254,0.3510369236207335,0.0839707875331058,2.0655811003921905,0.2843810030702092,Supp_Motor_Area_L--Supp_Motor_Area_R,0.36788987397757694,0.09397024974276318,0.011925083118721489,0.24980917884452586,0.6901168072325982,0.6952838129733484,2.16274971602676,926,12.0,1,1,10.380654147430926
5.67477316464514,0.40822677854452094,0.08549162802760987,1.7707257741093851,0.16054334540961607,Precuneus_L--Precuneus_R,0.32609717046858566,0.0832275913307851,0.026822949761958297,0.2917355048732562,0.5249379900014917,0.6342400209049829,1.8875352223786817,927,10.0,0,0,11.042258108673973
6.134684383211326,0.3860103404182275,0.07745554963188885,2.2344396283430865,0.19945014282958676,Precuneus_L--Precuneus_R,0.31809727081259725,0.09283395231450178,0.013103947404378207,0.2754112118308414,0.38201774753254314,0.6838808714625007,2.388055043183141,928,11.0,1,1,10.875078143713791
5.858811281188166,0.33005411378113375,0.08794999488624441,2.1979429729830726,0.17432532380838436,Supp_Motor_Area_L--Supp_Motor_Area_R,0.38894118399337413,0.11415477731281107,0.01685011678672367,0.2990891012893707,0.5871379756166986,0.6594878407459746,2.250992101264206,929,12.0,1,0,10.880062595008939
5.932101372635653,0.4045076441085895,0.09061838947388362,1.7623549041026456,0.1227889256298822,Supp_Motor_Area_R--Paracentral_Lobule_L,0.13731914789743507,0.05008494436902261,0.022145262455347325,0.22343497584394506,0.4583630061471739,0.6411649927301398,1.8645351983487939,930,10.0,1,1,11.319170425337903
6.205970842387165,0.34746632409108597,0.08893342928614809,2.1870557395382795,0.1301686765369426,Precuneus_L--Precuneus_R,0.32874854818583266,0.11337693352094128,0.019819330892405958,0.3298809929305455,0.28838434503001464,0.7320354246093571,2.3382698376906195,931,9.0,0,0,10.974515286047357
6.318443123972102,0.40955561388244693,0.08304257225122884,2.023132300661802,0.1555314228025435,Supp_Motor_Area_L--Supp_Motor_Area_R,0.2921647114055746,0.0933265516809427,0.01627812549944494,0.28896858410328846,0.27021324228853333,0.6480933308020068,2.112019664856266,932,11.0,1,0,11.880607788415881
6.12139111351486,0.40462603998132934,0.09024659695519073,1.8255483736982614,0.14640884990059624,Precuneus_L--Precuneus_R,0.33560436690918066,0.09127329496622026,0.012530960229477403,0.2615998868569066,0.3474646125009033,0.6552969323032056,1.9723815841721484,933,13.0,1,0,11.302032371923339
4.542309509046382,0.26683824202307466,0.0855679213720022,2.166434435331125,0.3205819386456422,Supp_Motor_Area_L--Supp_Motor_Area_R,0.4838570765417796,0.10650476982186932,0.024710553706583056,0.3005477066206175,0.6211588419905842,0.6300584427802474,2.1463344949260077,934,10.0,0,0,9.999971140191718
6.394537571307014,0.4408750094708228,0.08645423492014548,1.826986209989474,0.18631106773606465,Supp_Motor_Area_L--Supp_Motor_Area_R,0.2866835052057378,0.08895308242071391,0.007869337753947454,0.21051594182417274,0.4884916718654323,0.6486621031163753,1.9308205058002972,935,11.0,0,1,11.404276592441542
6.625576102180807,0.4522839783634415,0.07995180697309379,1.995317627115875,0.11256499188811442,Frontal_Sup_L--Frontal_Sup_Medial_R,0.19847500692569509,0.0731499312787702,0.017887352715430644,0.28571669400310584,0.4267199776404195,0.6469325433143218,2.07926051047007,936,10.0,1,1,10.996468147037461
4.224456561416192,0.20553112407132204,0.09330750602627551,2.3988580487153928,0.3875367646975094,Supp_Motor_Area_L--Supp_Motor_Area_R,0.5640055522412337,0.12762876632266962,0.009828486837714695,0.2917230389034159,0.8562253146027994,0.6363876406557242,2.579241149097933,937,7.0,1,1,9.457151538430749
5.77880187471125,0.27972841377723234,0.09049602924880817,2.4859911503948835,0.3038055850399238,Supp_Motor_Area_L--Supp_Motor_Area_R,0.4919051998811178,0.13219216513460424,0.009221381131384512,0.28881514362348704,0.7744432235226685,0.7180913519268223,2.5248810183001145,938,13.0,1,1,10.636309625013471
4.478941771235288,0.2331308265111106,0.08320652619427096,2.5144685143698244,0.3677471326614207,Supp_Motor_Area_L--Supp_Motor_Area_R,0.5887532326557448,0.1261072578799015,0.016706946475909878,0.3261983024812712,0.8327979639436589,0.67540878864907,2.587638527606817,939,12.0,0,1,9.598917213708289
6.688188065576275,0.3900980633306374,0.09454016863953894,1.974904909407935,0.17622579518336326,Supp_Motor_Area_L--Supp_Motor_Area_R,0.40415868772157,0.1053628777597119,0.014038273635957024,0.27794553234293085,0.35096574774353484,0.6711560731012499,2.1059554715379445,940,9.0,1,1,11.839804590582155
6.411798405635766,0.4012570558828013,0.0841501481731742,2.067903039674259,0.1888722968456858,Supp_Motor_Area_L--Supp_Motor_Area_R,0.43765085286791333,0.10353649610752545,0.020082839842970258,0.27756005056890015,0.3416264260841331,0.6639426687265476,2.1634946631433007,941,10.0,1,1,11.388473108819447
6.192436281498874,0.35368996516787093,0.08114093957572892,2.3497770385708896,0.1639124950470726,Supp_Motor_Area_L--Supp_Motor_Area_R,0.3666307679790498,0.11414719701387233,0.01968352197653213,0.3344366867114235,0.3017073156679664,0.662196545840757,2.477282236734944,942,15.0,1,1,11.539252633537341
6.772601060590334,0.34435432821126316,0.09435948719686851,2.2698243777565925,0.17211850883556604,Supp_Motor_Area_L--Supp_Motor_Area_R,0.49698898647689305,0.1300756391965034,0.02602078945580542,0.3010972212786195,0.34879303509949133,0.6814433550072571,2.376928071966914,943,14.0,1,1,11.66313631628644
5.3092698076989215,0.20926152547595456,0.09814671730095725,2.8151238774954903,0.28919602471853884,Supp_Motor_Area_L--Supp_Motor_Area_R,0.46141759345828304,0.14345060377361768,0.02067997350324134,0.32547604309282807,0.5322403606284597,0.700505780929489,2.838667920327068,944,11.0,0,1,10.49638143220737
6.602553035840312,0.3522381572575673,0.0908061373562048,2.2479579098636067,0.21417367809446314,Precuneus_L--Precuneus_R,0.5234828422991471,0.1261084512563466,0.011540207885432696,0.2863317725161432,0.4408851819069513,0.7205529881987421,2.5667432747309857,945,12.0,1,1,10.693391793224048
6.570375028560224,0.4406930891252595,0.08831219786264452,1.8384892956577688,0.1491103015308134,Supp_Motor_Area_L--Supp_Motor_Area_R,0.3465062611326003,0.09087146479538263,0.02652138137586395,0.27992113422887077,0.33607047966283465,0.657019629779418,1.976202724237104,946,11.0,0,0,11.688872759499853
5.9419014623895,0.36603523377651526,0.08156049481986731,2.1674574553617845,0.16778699804186886,Precuneus_L--Precuneus_R,0.38061863565012327,0.10395230735261647,0.01563660450832012,0.2965334510929565,0.5741276756493549,0.6528278741373076,2.383641551256059,947,9.0,0,1,11.012177834870162
5.301420904510081,0.2763002472279614,0.09740310867758052,2.145191535403526,0.253575553479172,Supp_Motor_Area_L--Supp_Motor_Area_R,0.34703934168570266,0.10385985870527899,0.017240539938321652,0.3144828025263032,0.6614625210570599,0.6476452076164226,2.1850468326410586,948,12.0,0,0,10.644199893552335
6.233905330051557,0.5048392104188686,0.07285080870153778,1.8458679384660805,0.13704742318922014,Precuneus_L--Precuneus_R,0.2326069392105419,0.0769363944828447,0.00842087886758002,0.24499161032448466,0.3007807958581262,0.6465076534889345,2.00373372536517,949,9.0,1,0,10.90494050714351
4.742389752204606,0.28953024546375633,0.07094500264780434,2.514255306845635,0.1585362261807878,Frontal_Sup_L--Frontal_Mid_L,0.26552766796577526,0.08515482611207824,0.019001428706788122,0.24891918052797127,0.4908904860628179,0.6281950185458919,2.600838965359344,950,11.0,1,0,9.688793529963355
6.281319403256177,0.35427618578874603,0.0838111801276432,2.303747310619877,0.19968575727586554,Frontal_Sup_R--Frontal_Mid_R,0.24983799637166648,0.08295318819449593,0.01777332970898098,0.2651938616650604,0.3594155679108231,0.6940132144508121,2.368724778222059,951,9.0,1,0,10.729175623739886
5.575680536242418,0.39530764966641035,0.08542806976029614,1.7980010875853596,0.18235525647859968,Supp_Motor_Area_L--Supp_Motor_Area_R,0.2835265022077,0.07867488385680227,0.01956577050292596,0.2779087628040219,0.5940898004753182,0.6496082471875408,1.783760276839196,952,11.0,0,0,10.830430813227936
4.240763678624344,0.21768460833840347,0.089483758723368,2.370827796310864,0.3915895398274299,Supp_Motor_Area_L--Supp_Motor_Area_R,0.4821633339626835,0.1087928493910761,0.019389853015692432,0.3070780001126019,0.8966739973687405,0.7396116469272503,2.477147569501411,953,10.0,0,0,8.989940200878964
5.113282523801441,0.37896121431404384,0.06328940686176426,2.3216774345259856,0.14645470081818654,Frontal_Sup_L--Supp_Motor_Area_L,0.07687436475841372,0.03647108430888236,0.014441033582150589,0.257269589587843,0.47045335905495733,0.6216981495178049,2.4077688899470497,954,10.0,0,0,11.014530334201305
6.539910289192592,0.40748532917587227,0.07825029210527852,2.233581099510318,0.11904683335419172,Supp_Motor_Area_L--Supp_Motor_Area_R,0.22705973461063364,0.07235527429741029,0.010022852224303372,0.18615369383676925,0.5509937443858329,0.6606105477160935,2.320946684735114,955,14.0,1,1,11.502373794291561
4.288101456574509,0.27896151739720715,0.0772818696492645,2.166062656334969,0.20336480856214317,Frontal_Sup_R--Frontal_Sup_Medial_L,0.2617992509029198,0.057729249809425585,0.027605936953499843,0.2426420339895072,0.6264265989831088,0.6047043180969419,2.3121852181292373,956,8.0,1,0,9.291470730056686
5.123575984536775,0.2878176063630239,0.08666748551907033,2.236801820172436,0.34413500994143403,Supp_Motor_Area_L--Supp_Motor_Area_R,0.4155868971409508,0.08928161963050113,0.023034386246682276,0.24292882919853995,0.8453428101902475,0.7549377283020979,2.1983942738910534,957,11.0,0,0,9.928192897974625
6.720395385416646,0.3906537512313307,0.08110167748888054,2.3099409000254374,0.2020031654265426,Supp_Motor_Area_L--Supp_Motor_Area_R,0.43447479246208787,0.11583343640013728,0.0220117930265683,0.3199073463560629,0.5650077109560787,0.6803597671826396,2.358707838906667,958,9.0,1,1,11.273838029664859
6.139766570151252,0.35760932680260016,0.09111497291010671,2.052017934393396,0.20781141040789317,Frontal_Sup_R--Frontal_Mid_R,0.2441393177299799,0.07977643372955073,0.017977898406433122,0.26332304698305203,0.6993687790703166,0.6550005213169318,2.1884402426569385,959,12.0,1,0,11.554121458843483
4.448806129712828,0.25329089410474737,0.08647973499606684,2.2117571151550734,0.39020201959826756,Frontal_Sup_R--Frontal_Mid_R,0.09828391300729071,0.06324132896657854,0.008385944836838575,0.20938227518446909,0.8996176215914864,0.6514337370925719,2.295390045814102,960,8.0,1,1,9.289393782463387
6.424737264742139,0.4625318010251488,0.09149489532896239,1.6532738237020272,0.09987643559313725,Frontal_Sup_R--Frontal_Mid_R,0.16506032920382466,0.061040383327237685,0.015580887882536172,0.2453275828768446,0.3181024659192009,0.6444656167559508,1.7186771867058355,961,10.0,0,0,11.151593512249418
7.075121829959034,0.47519834176347,0.07831287316647181,2.070397469018074,0.16099928775741226,Supp_Motor_Area_L--Supp_Motor_Area_R,0.21130785022263204,0.07257950363310371,0.009105443485456697,0.20951049281001155,0.29931967185218167,0.6653722157235925,2.1111269282659797,962,10.0,1,1,11.458361429135943
4.656055549951222,0.25424922381385995,0.08710204631346544,2.289591683720911,0.30035882644055256,Supp_Motor_Area_L--Supp_Motor_Area_R,0.47429810222934304,0.10867863257904191,0.028728008844242956,0.31274586215149713,0.7450456942726745,0.6415775516344909,2.379877730852781,963,13.0,1,1,9.713466405211935
6.427022056550433,0.39133624312695403,0.10818196215953106,1.6532279707921973,0.1343931040769026,Supp_Motor_Area_L--Supp_Motor_Area_R,0.26375556827255586,0.08662863947350234,0.012113060905529183,0.26307339815321806,0.4398765208995862,0.6467901589928613,1.6781093405557095,964,9.0,0,0,11.45112235865681
4.339651745704296,0.27025753554635734,0.074036600927881,2.3618835145027166,0.27327938398396934,Supp_Motor_Area_L--Supp_Motor_Area_R,0.38108935254938814,0.0783428426972706,0.033373835340765046,0.2664062577866695,0.4776107553142328,0.619345085716317,2.4935968035680114,965,12.0,1,1,9.601946100362966
5.358391183896009,0.3817720390956361,0.08828934047992368,1.7312106103637244,0.06574855059002675,Supp_Motor_Area_L--Supp_Motor_Area_R,0.20477569214790786,0.07370995818051661,0.01051244700594378,0.20448652621922314,0.3382357818082721,0.6111816639903467,1.810634443649897,966,12.0,0,0,9.975282697085285
5.428109781042993,0.3982328551560849,0.07333271227547641,2.0241452173665384,0.17289883810338244,Supp_Motor_Area_L--Supp_Motor_Area_R,0.323044132717318,0.08902169969504721,0.017621564378376788,0.2743918103997725,0.30794836150358185,0.6178897339157605,2.0281956659302836,967,11.0,0,0,11.070583069950816
7.21698898563678,0.42362245309816476,0.09028508617831044,2.054891683741389,0.2100358724255343,Supp_Motor_Area_L--Supp_Motor_Area_R,0.37615087761671595,0.10332613691892406,0.016903257028743915,0.25989381444172555,0.6799434960216534,0.720188022162068,2.1488463353802327,968,8.0,0,0,11.442386502617179
5.5347796963048745,0.3353575067616194,0.07967026787523923,2.2559211155543863,0.21520142977791626,Supp_Motor_Area_L--Supp_Motor_Area_R,0.4518222029703447,0.10708434084857703,0.030143773340836157,0.28688079012760853,0.45648048179468503,0.6457372659831803,2.2944536260719257,969,7.0,0,0,10.176346068894999
5.651744116647436,0.2824438937149684,0.09191311058217197,2.3708316518272405,0.3049084732509576,Supp_Motor_Area_L--Supp_Motor_Area_R,0.5410483083878694,0.12266236499074208,0.01931099083898831,0.30760307919434776,0.8329736194956154,0.7394666525170916,2.5239319379116734,970,9.0,1,0,10.638468208248915
5.766914660933315,0.39081189817031853,0.07633728723670043,2.1050717579425355,0.11901775706712826,Supp_Motor_Area_L--Supp_Motor_Area_R,0.3084509539748328,0.08463759405150179,0.018017511417082573,0.26315799177343197,0.4716485492789654,0.6307454705553367,2.203831950143981,971,10.0,1,0,11.517229998777589
6.125865196210998,0.3132239801396293,0.0892025832208757,2.387607202027072,0.20331364934983792,Frontal_Sup_R--Frontal_Mid_R,0.362656544718873,0.10887200676176315,0.021000167439864523,0.2867071797612328,0.5958813155506677,0.6545198966909447,2.5282904733244944,972,14.0,0,0,11.505032362878698
5.786653776383982,0.32597544387708727,0.08183824469055413,2.362186522174889,0.19707545639088944,Precuneus_L--Precuneus_R,0.4282641511028277,0.10710914913996439,0.03251727863472957,0.3426037637392944,0.4788250023713785,0.6763544074825925,2.513159596775198,973,16.0,1,0,10.726068495848043
6.227723851761772,0.3816787225552583,0.08618929910183029,2.0616072256104485,0.21378200667619873,Supp_Motor_Area_L--Supp_Motor_Area_R,0.3895839486122424,0.08768736021008824,0.03677656981984488,0.28905716225088185,0.35066574054249394,0.6499904814936718,2.0502489134016497,974,10.0,0,0,11.687401646814793
5.332419565423297,0.4196779840309067,0.08484090508484242,1.630912693926999,0.08328270402259486,Frontal_Sup_R--Frontal_Sup_Medial_L,0.24538062725244278,0.07388164501753858,0.03050124656909952,0.3103668356941503,0.3732035473911385,0.6188880277089877,1.715258324279026,975,11.0,0,0,11.114346653157495
5.8925127943169295,0.3551289534035226,0.08150920242773499,2.2168468389023754,0.12520556570614857,Supp_Motor_Area_L--Supp_Motor_Area_R,0.3366098209359703,0.09949356519937072,0.00525564346511797,0.27836876782808917,0.39687934804404906,0.6388686337534678,2.368408910416497,976,11.0,1,0,11.640104413775418
5.040478381527563,0.3065309206877435,0.0870275797758796,2.057635482863238,0.3105995401611582,Supp_Motor_Area_L--Supp_Motor_Area_R,0.4768300358946111,0.10048808418359996,0.020534671079966427,0.28543490243428615,0.8012586080734596,0.6607189961670765,2.096132170084798,977,11.0,1,0,10.429017463307106
7.36287879672401,0.45702102559562,0.09740197304489213,1.8012400561156978,0.1097593873758646,Supp_Motor_Area_L--Supp_Motor_Area_R,0.3230606945192614,0.0980953740489939,0.01899398433353171,0.2871274388380435,0.3143478858549166,0.6763526415552162,1.9647725678623773,978,10.0,1,0,11.81119234854625
6.815416029857999,0.4757815090635948,0.07641739334075182,2.041364096899962,0.1421131523313335,Supp_Motor_Area_L--Supp_Motor_Area_R,0.29780576353621435,0.08965055961927344,0.022163902863887967,0.3104707094553414,0.35545549421903916,0.660113956207058,2.0258486767669663,979,7.0,1,0,11.579760522383564
5.089011897761528,0.2897688829995205,0.08728137396560881,2.1912303022867254,0.31958625986689315,Frontal_Sup_R--Frontal_Mid_R,0.10201601032803065,0.04884094435443355,0.030835177828130077,0.2765158317175088,0.8012777672584801,0.6567917092774238,2.2309252625767346,980,9.0,1,0,10.112776621292062
6.145556790961666,0.35713202309507125,0.09200921630971313,2.0367090374891683,0.21407032308197674,Supp_Motor_Area_L--Supp_Motor_Area_R,0.3121135602531702,0.08819628307616673,0.020132227849786705,0.2713589970758287,0.4307417691872647,0.6555049791032703,2.048356217329743,981,7.0,0,0,11.157312367271889
7.32566515684608,0.4824272932354597,0.07938241713120259,2.0831414237836956,0.15309741735389432,Supp_Motor_Area_L--Supp_Motor_Area_R,0.31250984743316845,0.09154780786692877,0.02156546021212024,0.300369306923945,0.24963714732809683,0.6662162436576682,2.2070520740794017,982,10.0,0,0,11.835035854369382
5.462286274271686,0.34718052682290834,0.08898315602542903,1.9254807196143364,0.17823423441869632,Supp_Motor_Area_L--Supp_Motor_Area_R,0.29340008166888004,0.0790094262642879,0.03196623125681348,0.29653565203767895,0.3863583271583787,0.6354972147485481,1.929637069188499,983,13.0,1,0,11.291239570906887
4.512216954452238,0.314645445810553,0.07932784392932508,1.9686601576884477,0.17254448712200235,Supp_Motor_Area_L--Supp_Motor_Area_R,0.3033808574018909,0.09056922765534403,0.016956181813130772,0.26930663205978417,0.4964902530468588,0.6074420093731886,1.999362950913377,984,14.0,1,0,10.098247618634012
5.801976468237144,0.37456387014583586,0.07960391276767166,2.119061416530869,0.14314762067131356,Supp_Motor_Area_L--Supp_Motor_Area_R,0.33009694153503466,0.0872644776793711,0.030842360972011304,0.2877940913049655,0.4256340287283804,0.6267204201057585,2.1977897863403477,985,11.0,0,0,11.149720458899242
5.526391051639711,0.3787651290826464,0.0774313652159031,2.0520247138805225,0.08065065838415751,Supp_Motor_Area_L--Supp_Motor_Area_R,0.2534516628672796,0.07217662043589018,0.02450026622118329,0.2754696478160956,0.39471020831410375,0.6220278273242632,2.1159574687253704,986,10.0,0,0,10.806697165372904
4.494043893820292,0.21105742421154608,0.0911313586808617,2.5444663442061883,0.4048665080191753,Supp_Motor_Area_L--Supp_Motor_Area_R,0.6099301288448152,0.14054328892416354,0.010530563340780438,0.28710499655627014,0.930386516260826,0.7914341561513404,2.671510685550093,987,13.0,1,0,9.125885553002291
6.243541945174116,0.47308276266976035,0.07943149795372674,1.8093768791052685,0.19746295490783233,Supp_Motor_Area_L--Supp_Motor_Area_R,0.2478596504599416,0.06602797332845414,0.004558238774124721,0.17206026593558876,0.5117857539100039,0.655704256737465,1.7900860030156058,988,11.0,0,0,11.029969597997408
5.185203103754586,0.31436028411958794,0.08324604861042151,2.1577560907686126,0.2350692035991164,Supp_Motor_Area_L--Supp_Motor_Area_R,0.42409429133157706,0.10074309667585156,0.023740776723423146,0.30435242338713053,0.4412131447132996,0.6261060324628236,2.2446766353732204,989,7.0,0,0,10.84493105265626
5.293589021215379,0.28265707428627224,0.08762279138916328,2.3275614572394625,0.317044907434711,Supp_Motor_Area_L--Supp_Motor_Area_R,0.5064663722454394,0.1235572331896975,0.016687999151914233,0.29864436618188483,0.7719062165409283,0.6884024866641638,2.362196870219753,990,12.0,1,0,10.50777613777885
5.752220905140821,0.33351621204419307,0.08895806911768664,2.111354404294995,0.23957343724211597,Paracentral_Lobule_L--Paracentral_Lobule_R,0.4719056558171373,0.11575203724360165,0.02069390221230712,0.3149865216583008,0.6558566285193823,0.6963726661670334,2.1610276404520774,991,12.0,0,0,10.965198014757958
5.332722472665016,0.311600714938313,0.08730135076366476,2.1348012750961094,0.23744170337274867,Supp_Motor_Area_L--Supp_Motor_Area_R,0.32800108275586404,0.09028184499531744,0.015970545410277474,0.28355506392148255,0.6912508615042896,0.6420209668987316,2.1156310114961365,992,13.0,0,0,10.45410880884576
6.134036173836184,0.3894263052040753,0.08007071819267086,2.142274924948807,0.2041541343924353,Supp_Motor_Area_L--Supp_Motor_Area_R,0.34114233750616174,0.0765538269389567,0.032281303666585784,0.2582231551861319,0.6132546651655679,0.6617950527581197,2.216112701158245,993,9.0,1,0,11.480417423946763
6.794470464530886,0.4809748636852718,0.07996032933990634,1.9239179226862675,0.0784353505903278,Supp_Motor_Area_R--Paracentral_Lobule_L,0.1891282492427232,0.0684077133949941,0.008993318255128863,0.22036592075008582,0.22296518436319113,0.67212444879611,2.001111371473227,994,12.0,1,0,11.124928946397011
7.104514147420227,0.43709502466935524,0.08281004295341778,2.1374865478301377,0.1603681846296562,Supp_Motor_Area_L--Supp_Motor_Area_R,0.35511113306203435,0.09125300781849964,0.015185369385710211,0.25100748206279666,0.2958857103776589,0.6772812752418987,2.369463842399207,995,16.0,0,0,11.555098783457185
8.69777122411579,0.5278356387338262,0.08398143201674192,2.1367507961743755,0.15713619410640603,Precuneus_L--Precuneus_R,0.3058554317816235,0.09436914937688369,0.0026357496588918067,0.1936990950656182,0.28658758737247414,0.7291120276501851,2.337021633938625,996,12.0,1,0,12.105639924094216
5.6780280618716725,0.37900650925415785,0.08769820737890162,1.860321603034982,0.15749774718611328,Precuneus_L--Precuneus_R,0.26578052215920045,0.07915394284513705,0.016452218201313498,0.2596121453178148,0.5025701390836832,0.6421240252268918,1.9690231265692901,997,14.0,1,0,10.372706135745199
5.068985525559126,0.29153874064708885,0.0853667717102539,2.2180115291669074,0.16891789065335425,Supp_Motor_Area_L--Supp_Motor_Area_R,0.3853980205069665,0.10094224497934798,0.03206740784287731,0.3293108712967903,0.4110321915980998,0.6214440992548484,2.227091285736772,998,10.0,0,0,11.028036537448422
5.805745455785404,0.3707021170739862,0.08309497035383115,2.0525137121443304,0.10217501628855545,Parietal_Sup_R--Precuneus_L,0.1891171416165185,0.08020642177607616,0.01946583468012595,0.2531566802354222,0.4372902567856425,0.6221484023451246,2.152155591729265,999,11.0,1,0,10.964018758856835
4.85641680979008,0.22374139311617497,0.08053922466732144,2.9348779890195207,0.3203778358981778,Precuneus_L--Precuneus_R,0.609536439260847,0.13330251453386566,0.01582872218720086,0.35886624174079523,0.4635723993732318,0.6754945286434828,3.2144515812215104,1000,12.0,0,0,9.557127497644155
5.444163034332139,0.30654927568398954,0.09035922658510136,2.140356928373465,0.23753479294871205,Supp_Motor_Area_L--Supp_Motor_Area_R,0.4710738450257691,0.10473668121485508,0.024604334657997693,0.2955371569637357,0.3904589408153784,0.6403180177084717,2.115630989739158,1001,11.0,0,0,10.524142434601375
6.351937764232351,0.36669329210070656,0.08162173055869375,2.311135188264973,0.20823405629436154,Precuneus_L--Precuneus_R,0.4887002220543131,0.11836115198654615,0.010776539836031112,0.27315787260878704,0.5872077871697756,0.6743466960374118,2.4779782422300856,1002,12.0,0,0,11.177133398142539
6.068843568493151,0.352246111404457,0.08532316899609121,2.198976753558549,0.2347207478782161,Supp_Motor_Area_L--Supp_Motor_Area_R,0.44306352730524756,0.11748042870284509,0.0117409310728285,0.2978707093694699,0.6114452786825475,0.676028034304386,2.330359571275124,1003,12.0,1,0,11.027277857168647
5.581535934717993,0.4222707149263487,0.07831847178407443,1.8379192935974893,0.10733690973045211,Frontal_Sup_Medial_L--Frontal_Sup_Medial_R,0.21170207382640618,0.07302924187526337,0.008884259881162903,0.18601649145340823,0.3110633854476218,0.6198619444738156,1.924398260739937,1004,12.0,1,0,11.20079997494978
4.2537894393144935,0.2195231186805818,0.08904304496394135,2.3698649704491728,0.4151744616806575,Supp_Motor_Area_L--Supp_Motor_Area_R,0.5910499012537578,0.1360823216381717,0.01855214288910536,0.3474471549192996,0.9058834281687005,0.7006595143346676,2.4396639170707926,1005,13.0,0,0,9.347051497582468
5.87069765906621,0.34954786828339035,0.09084040867352038,2.013408312311878,0.13662481823927441,Precuneus_L--Precuneus_R,0.2850953051633492,0.07994536250285172,0.04444350323002329,0.3159772324509769,0.468235266779234,0.6579062725750052,2.2038559936140945,1006,12.0,0,0,11.094111934876587
6.408739185089059,0.39514837015009824,0.08564582740264395,2.0622156246621968,0.12459437231066979,Precuneus_L--Precuneus_R,0.17800229096386824,0.058577405857740586,0.01742120215554434,0.26950918222815556,0.5605715386080947,0.6614668060440505,2.173557702159579,1007,8.0,1,0,11.232791340304999
5.855496846651275,0.37576446340478753,0.075549691001499,2.24617315726473,0.25593196836233195,Supp_Motor_Area_L--Supp_Motor_Area_R,0.43016189965390356,0.08315738315193827,0.026403618624704816,0.26742612613157646,0.34785731074330223,0.6799409139101594,2.287155648791084,1008,6.0,0,0,10.987241585730283
7.556947340115703,0.44509251019995116,0.0886437088174897,2.085816366818437,0.18977998656658096,Supp_Motor_Area_L--Supp_Motor_Area_R,0.3916661752829903,0.09539606914061989,0.03222729826364543,0.2874936307535526,0.3000873633990527,0.6938093944023233,2.1442977425750294,1009,10.0,0,0,11.725530560313633
6.616721782197512,0.4286739740143315,0.08599529392328642,1.9546497640264757,0.21971541069481385,Supp_Motor_Area_L--Supp_Motor_Area_R,0.3225574721512792,0.08686108069597308,0.009076904647316334,0.2164964703261507,0.5803755348257045,0.6650620018221279,2.055977964887628,1010,12.0,0,0,11.360392636121938
5.294144702392282,0.2932315236237062,0.08277023854627655,2.37541132913609,0.21257139563997354,Supp_Motor_Area_L--Supp_Motor_Area_R,0.39748547830530045,0.11689752318347224,0.021676057440231638,0.32124466877959074,0.4093516439858573,0.6274747143602342,2.437619065304742,1011,8.0,1,0,10.52970263618662
6.0151150343684066,0.4235961518585335,0.07969876244410495,1.940297093724501,0.14897059573564492,Supp_Motor_Area_L--Supp_Motor_Area_R,0.3340227874596934,0.0797263983684595,0.020352956331315213,0.26171514317770833,0.34928370144296905,0.6400621851917816,2.0473687901215185,1012,13.0,1,0,11.583984705572497
5.97712741596257,0.3834245846112686,0.07982033329741678,2.12680122122648,0.15767600096883758,Precuneus_L--Precuneus_R,0.3250238944083916,0.08688570616434414,0.017940754355707543,0.2960093679755442,0.39123126737034053,0.649246356239192,2.2339488800207388,1013,8.0,1,0,11.457821663240413
5.692884357336913,0.40254852419806814,0.0774176220904088,1.9893086686366084,0.10664688827888422,Precuneus_L--Precuneus_R,0.2733448058354603,0.08791721119433776,0.013635760518093466,0.28810315338322084,0.28377968455448155,0.6243941053138555,2.082131990915481,1014,11.0,1,0,11.047269642607008
5.139746434494093,0.2827865115477471,0.09217977547780734,2.147213540657906,0.31438003236893375,Supp_Motor_Area_L--Supp_Motor_Area_R,0.42180886691172087,0.09994506047925575,0.005649614049866772,0.2646308522035326,0.8275240946544792,0.7319472491063712,2.22178494811799,1015,13.0,1,0,9.68478369421637
6.026456376791689,0.38960273227199516,0.08574192413598114,1.9646024339898422,0.15628058479625673,Precuneus_L--Precuneus_R,0.38649854413231405,0.0878973642172524,0.040856629392971244,0.32078075079872204,0.5262322755826379,0.6714222989063447,2.0511681637089345,1016,9.0,0,0,10.885074425935453
5.9049072388140145,0.38803710322330937,0.07292749301037618,2.2723562608004713,0.1535778600411588,Precuneus_L--Precuneus_R,0.3336369574329968,0.08840107570833985,0.03995160459281261,0.3157800318977176,0.45796127080259874,0.6707734301052523,2.385204885532686,1017,12.0,0,0,10.786201968490927
