cohort,sid,age,kappa,MC
camCAN,2561,19.0,0.25,11.204820965813184
camCAN,2561,19.0,0.5,10.883442421042579
camCAN,2561,19.0,0.75,9.666938097650146
camCAN,2561,19.0,1.0,9.729649195432007
camCAN,2561,19.0,1.25,9.419677382042854
camCAN,2561,19.0,1.5,9.181878833762052
camCAN,2562,25.0,0.25,11.587059014550809
camCAN,2562,25.0,0.5,11.264927769555454
camCAN,2562,25.0,0.75,10.073607934000131
camCAN,2562,25.0,1.0,9.613735453648676
camCAN,2562,25.0,1.25,9.081629841144942
camCAN,2562,25.0,1.5,8.659708795141798
camCAN,2563,23.0,0.25,11.871883735508598
camCAN,2563,23.0,0.5,11.762212434416195
camCAN,2563,23.0,0.75,10.74550808102698
camCAN,2563,23.0,1.0,9.916105711589609
camCAN,2563,23.0,1.25,9.61306636230534
camCAN,2563,23.0,1.5,9.422891810860781
camCAN,2564,29.0,0.25,10.230065417720215
camCAN,2564,29.0,0.5,10.497911665958428
camCAN,2564,29.0,0.75,10.195485973521507
camCAN,2564,29.0,1.0,9.746272942648822
camCAN,2564,29.0,1.25,9.3124785838468
camCAN,2564,29.0,1.5,9.045674993325825
camCAN,2565,28.0,0.25,11.757065723592696
camCAN,2565,28.0,0.5,11.560724791691975
camCAN,2565,28.0,0.75,11.176022418009072
camCAN,2565,28.0,1.0,10.775494496967516
camCAN,2565,28.0,1.25,10.253413637113066
camCAN,2565,28.0,1.5,10.363885901604528
camCAN,2566,23.0,0.25,12.0173465803428
camCAN,2566,23.0,0.5,11.577303220230583
camCAN,2566,23.0,0.75,10.780480506645919
camCAN,2566,23.0,1.0,10.38490532769239
camCAN,2566,23.0,1.25,10.022944631888405
camCAN,2566,23.0,1.5,9.822889319748608
camCAN,2567,23.0,0.25,11.236604871371853
camCAN,2567,23.0,0.5,11.31602190325488
camCAN,2567,23.0,0.75,11.580794689451647
camCAN,2567,23.0,1.0,11.56055727139017
camCAN,2567,23.0,1.25,11.231506011254233
camCAN,2567,23.0,1.5,10.590285529860392
camCAN,2568,22.0,0.25,11.417959778949463
camCAN,2568,22.0,0.5,10.36429980134898
camCAN,2568,22.0,0.75,9.362886885806954
camCAN,2568,22.0,1.0,8.947555832883173
camCAN,2568,22.0,1.25,8.75969512878175
camCAN,2568,22.0,1.5,8.624274926984729
camCAN,2569,26.0,0.25,11.946818930048838
camCAN,2569,26.0,0.5,11.195840726629386
camCAN,2569,26.0,0.75,10.244832338393941
camCAN,2569,26.0,1.0,9.485598181413865
camCAN,2569,26.0,1.25,8.952433446626275
camCAN,2569,26.0,1.5,8.758879513982109
camCAN,2570,19.0,0.25,11.438370270945553
camCAN,2570,19.0,0.5,11.467432384727756
camCAN,2570,19.0,0.75,11.3528662534298
camCAN,2570,19.0,1.0,11.128122771918939
camCAN,2570,19.0,1.25,10.734181997359393
camCAN,2570,19.0,1.5,11.010371530183924
camCAN,2571,25.0,0.25,11.473775394819418
camCAN,2571,25.0,0.5,10.485610239520886
camCAN,2571,25.0,0.75,9.61638973891688
camCAN,2571,25.0,1.0,9.008811547122333
camCAN,2571,25.0,1.25,8.7405238456869
camCAN,2571,25.0,1.5,8.59315411189634
camCAN,2572,28.0,0.25,9.674804818109205
camCAN,2572,28.0,0.5,10.45394510390839
camCAN,2572,28.0,0.75,11.032625032990733
camCAN,2572,28.0,1.0,10.809248675587112
camCAN,2572,28.0,1.25,10.695931904838009
camCAN,2572,28.0,1.5,10.42920820960745
camCAN,2573,25.0,0.25,10.945676990019225
camCAN,2573,25.0,0.5,11.224406131769427
camCAN,2573,25.0,0.75,11.039315964920231
camCAN,2573,25.0,1.0,10.774751733876686
camCAN,2573,25.0,1.25,10.22480987037819
camCAN,2573,25.0,1.5,9.907197994727024
camCAN,2574,29.0,0.25,11.91445117647596
camCAN,2574,29.0,0.5,11.483637261049914
camCAN,2574,29.0,0.75,10.179677528344582
camCAN,2574,29.0,1.0,8.805788535547629
camCAN,2574,29.0,1.25,8.320508648727428
camCAN,2574,29.0,1.5,7.804437004376502
camCAN,2575,28.0,0.25,11.946609897047095
camCAN,2575,28.0,0.5,11.849721507171438
camCAN,2575,28.0,0.75,11.496999279858745
camCAN,2575,28.0,1.0,10.93825645084858
camCAN,2575,28.0,1.25,10.504143599315361
camCAN,2575,28.0,1.5,10.222116323180554
camCAN,2576,19.0,0.25,10.459820565589999
camCAN,2576,19.0,0.5,9.913189562111892
camCAN,2576,19.0,0.75,9.892730758891929
camCAN,2576,19.0,1.0,9.711934723018869
camCAN,2576,19.0,1.25,9.578785662301263
camCAN,2576,19.0,1.5,9.470768999126678
camCAN,2577,26.0,0.25,11.669880077197998
camCAN,2577,26.0,0.5,11.63178588549339
camCAN,2577,26.0,0.75,10.418628799197753
camCAN,2577,26.0,1.0,9.914612691822581
camCAN,2577,26.0,1.25,9.585140860633844
camCAN,2577,26.0,1.5,9.390963713627745
camCAN,2578,25.0,0.25,11.495053845426948
camCAN,2578,25.0,0.5,10.916664248534735
camCAN,2578,25.0,0.75,11.296085365673271
camCAN,2578,25.0,1.0,10.210751008417217
camCAN,2578,25.0,1.25,9.72087414246047
camCAN,2578,25.0,1.5,9.345663832608542
camCAN,2579,19.0,0.25,11.524325462574293
camCAN,2579,19.0,0.5,10.08345437237192
camCAN,2579,19.0,0.75,9.158710342461815
camCAN,2579,19.0,1.0,8.773381624170312
camCAN,2579,19.0,1.25,8.557978657615653
camCAN,2579,19.0,1.5,8.349074062930121
camCAN,2580,28.0,0.25,11.38824518806438
camCAN,2580,28.0,0.5,11.585543142933206
camCAN,2580,28.0,0.75,10.392464244500056
camCAN,2580,28.0,1.0,9.127142742841354
camCAN,2580,28.0,1.25,8.790036899261654
camCAN,2580,28.0,1.5,8.63807540884634
camCAN,2581,27.0,0.25,10.437891248754905
camCAN,2581,27.0,0.5,10.381342867881747
camCAN,2581,27.0,0.75,10.269076610581045
camCAN,2581,27.0,1.0,10.09030328157669
camCAN,2581,27.0,1.25,10.075077150797837
camCAN,2581,27.0,1.5,10.139495042635312
camCAN,2582,25.0,0.25,10.283756022580338
camCAN,2582,25.0,0.5,11.16793271584572
camCAN,2582,25.0,0.75,10.573035252201718
camCAN,2582,25.0,1.0,9.548950287363875
camCAN,2582,25.0,1.25,8.961575730315005
camCAN,2582,25.0,1.5,8.567222531689056
camCAN,2583,27.0,0.25,11.179836743961864
camCAN,2583,27.0,0.5,11.29820972582388
camCAN,2583,27.0,0.75,11.567761122906617
camCAN,2583,27.0,1.0,11.664844944005363
camCAN,2583,27.0,1.25,11.374968425597384
camCAN,2583,27.0,1.5,11.014602364578128
camCAN,2584,25.0,0.25,10.620490775864052
camCAN,2584,25.0,0.5,9.415044210683115
camCAN,2584,25.0,0.75,8.991498753945432
camCAN,2584,25.0,1.0,8.853208762887053
camCAN,2584,25.0,1.25,8.62145695061384
camCAN,2584,25.0,1.5,8.265055220344605
camCAN,2585,28.0,0.25,12.026828991182603
camCAN,2585,28.0,0.5,11.13462152040329
camCAN,2585,28.0,0.75,9.726959096774397
camCAN,2585,28.0,1.0,9.310830986562422
camCAN,2585,28.0,1.25,8.789361545437028
camCAN,2585,28.0,1.5,8.56343296252738
camCAN,2586,23.0,0.25,11.746973404402361
camCAN,2586,23.0,0.5,11.887569617484631
camCAN,2586,23.0,0.75,11.852235413859402
camCAN,2586,23.0,1.0,11.661295446286786
camCAN,2586,23.0,1.25,11.26726637611489
camCAN,2586,23.0,1.5,11.055343664266653
camCAN,2587,22.0,0.25,11.673835553255566
camCAN,2587,22.0,0.5,10.670953700054165
camCAN,2587,22.0,0.75,9.956800158546963
camCAN,2587,22.0,1.0,9.6656595983313
camCAN,2587,22.0,1.25,9.448086535402304
camCAN,2587,22.0,1.5,9.260520273321276
camCAN,2588,27.0,0.25,10.131211055957941
camCAN,2588,27.0,0.5,9.89428692676773
camCAN,2588,27.0,0.75,10.239477745747307
camCAN,2588,27.0,1.0,10.692393680633867
camCAN,2588,27.0,1.25,10.906767118517324
camCAN,2588,27.0,1.5,11.028468093854233
camCAN,2589,28.0,0.25,10.502034676798427
camCAN,2589,28.0,0.5,11.246891155272394
camCAN,2589,28.0,0.75,10.560281985950345
camCAN,2589,28.0,1.0,9.433865777149869
camCAN,2589,28.0,1.25,8.61671726744279
camCAN,2589,28.0,1.5,7.9048887903530085
camCAN,2590,28.0,0.25,12.035653985517316
camCAN,2590,28.0,0.5,11.765653266533844
camCAN,2590,28.0,0.75,11.394323390607342
camCAN,2590,28.0,1.0,10.970351202630745
camCAN,2590,28.0,1.25,10.318028821883136
camCAN,2590,28.0,1.5,10.090934512562542
camCAN,2591,22.0,0.25,12.134956433382706
camCAN,2591,22.0,0.5,11.660412479850685
camCAN,2591,22.0,0.75,10.776632835969638
camCAN,2591,22.0,1.0,10.411349852127488
camCAN,2591,22.0,1.25,10.114058053571808
camCAN,2591,22.0,1.5,9.926375393547382
camCAN,2592,19.0,0.25,10.200201022533452
camCAN,2592,19.0,0.5,11.155674766131689
camCAN,2592,19.0,0.75,11.36082266011931
camCAN,2592,19.0,1.0,10.758544291044513
camCAN,2592,19.0,1.25,10.181226620325223
camCAN,2592,19.0,1.5,9.737627836626238
camCAN,2593,19.0,0.25,10.301687636427426
camCAN,2593,19.0,0.5,10.842851154223201
camCAN,2593,19.0,0.75,11.114790010725502
camCAN,2593,19.0,1.0,11.469041631894898
camCAN,2593,19.0,1.25,11.472370398627021
camCAN,2593,19.0,1.5,10.92741720991366
camCAN,2594,26.0,0.25,8.09032961105293
camCAN,2594,26.0,0.5,9.213967621977726
camCAN,2594,26.0,0.75,9.869335731189052
camCAN,2594,26.0,1.0,10.354481781983742
camCAN,2594,26.0,1.25,10.200309613172259
camCAN,2594,26.0,1.5,9.85823017224859
camCAN,2595,28.0,0.25,11.53299726390957
camCAN,2595,28.0,0.5,10.441161751953873
camCAN,2595,28.0,0.75,9.918519062511956
camCAN,2595,28.0,1.0,9.316541176224542
camCAN,2595,28.0,1.25,9.114321069227211
camCAN,2595,28.0,1.5,9.00756715056374
camCAN,2596,20.0,0.25,12.278661831799267
camCAN,2596,20.0,0.5,12.189775041248009
camCAN,2596,20.0,0.75,12.035193748878163
camCAN,2596,20.0,1.0,11.98712487708566
camCAN,2596,20.0,1.25,11.761566427419211
camCAN,2596,20.0,1.5,11.593696968682751
camCAN,2597,27.0,0.25,11.516937899317288
camCAN,2597,27.0,0.5,11.358632503578242
camCAN,2597,27.0,0.75,10.849910739290594
camCAN,2597,27.0,1.0,10.17701628569062
camCAN,2597,27.0,1.25,9.718115178393004
camCAN,2597,27.0,1.5,9.319089209130887
camCAN,2598,23.0,0.25,11.898655000363078
camCAN,2598,23.0,0.5,11.636353868374407
camCAN,2598,23.0,0.75,10.120022840092105
camCAN,2598,23.0,1.0,8.997812921769983
camCAN,2598,23.0,1.25,8.633425340358801
camCAN,2598,23.0,1.5,8.343761100203338
camCAN,2599,28.0,0.25,10.685785603620019
camCAN,2599,28.0,0.5,10.794031014244878
camCAN,2599,28.0,0.75,10.879449309174902
camCAN,2599,28.0,1.0,10.952673056857986
camCAN,2599,28.0,1.25,11.015605109476109
camCAN,2599,28.0,1.5,10.893388210165103
camCAN,2600,24.0,0.25,11.10931514315941
camCAN,2600,24.0,0.5,10.966971575633453
camCAN,2600,24.0,0.75,10.4167801424171
camCAN,2600,24.0,1.0,9.87949372829798
camCAN,2600,24.0,1.25,9.70545063968283
camCAN,2600,24.0,1.5,9.45786868293151
camCAN,2601,23.0,0.25,12.071885400228242
camCAN,2601,23.0,0.5,11.467916090089117
camCAN,2601,23.0,0.75,10.342538298104929
camCAN,2601,23.0,1.0,9.741331484227814
camCAN,2601,23.0,1.25,9.203330740313946
camCAN,2601,23.0,1.5,8.914719488810851
camCAN,2602,21.0,0.25,11.943462128922654
camCAN,2602,21.0,0.5,12.202316443458363
camCAN,2602,21.0,0.75,11.728126346580172
camCAN,2602,21.0,1.0,11.180898170670105
camCAN,2602,21.0,1.25,10.602419066062009
camCAN,2602,21.0,1.5,9.922752304540822
camCAN,2603,28.0,0.25,11.284816588119059
camCAN,2603,28.0,0.5,11.012129235608036
camCAN,2603,28.0,0.75,9.749316043400329
camCAN,2603,28.0,1.0,8.999189414087871
camCAN,2603,28.0,1.25,8.730940251670365
camCAN,2603,28.0,1.5,8.615796214597545
camCAN,2604,19.0,0.25,7.614447717630652
camCAN,2604,19.0,0.5,7.943225277283067
camCAN,2604,19.0,0.75,8.679588855176872
camCAN,2604,19.0,1.0,9.216547626660255
camCAN,2604,19.0,1.25,9.377565073216996
camCAN,2604,19.0,1.5,9.660483392044855
camCAN,2605,26.0,0.25,11.05302861039147
camCAN,2605,26.0,0.5,10.316474739976526
camCAN,2605,26.0,0.75,9.464849563848839
camCAN,2605,26.0,1.0,8.962692320535636
camCAN,2605,26.0,1.25,8.368693391110632
camCAN,2605,26.0,1.5,8.187852508872302
camCAN,2606,28.0,0.25,11.570460119934523
camCAN,2606,28.0,0.5,11.758140936425173
camCAN,2606,28.0,0.75,10.93361324293168
camCAN,2606,28.0,1.0,10.552321282320158
camCAN,2606,28.0,1.25,10.077502836632846
camCAN,2606,28.0,1.5,9.480003718853357
camCAN,2607,25.0,0.25,11.965214374038302
camCAN,2607,25.0,0.5,11.55323442954481
camCAN,2607,25.0,0.75,10.16654040020191
camCAN,2607,25.0,1.0,9.289349867491893
camCAN,2607,25.0,1.25,8.71242198381191
camCAN,2607,25.0,1.5,8.29580383840149
camCAN,2608,27.0,0.25,11.29098126185935
camCAN,2608,27.0,0.5,10.937283516912043
camCAN,2608,27.0,0.75,11.285346801660587
camCAN,2608,27.0,1.0,11.478745316826245
camCAN,2608,27.0,1.25,11.093366088664716
camCAN,2608,27.0,1.5,10.978449150626478
camCAN,2609,25.0,0.25,11.312138100336734
camCAN,2609,25.0,0.5,11.610580859273345
camCAN,2609,25.0,0.75,10.738361214849128
camCAN,2609,25.0,1.0,9.94574030774254
camCAN,2609,25.0,1.25,9.625508957825643
camCAN,2609,25.0,1.5,9.475034368699886
camCAN,2610,27.0,0.25,11.556780624234662
camCAN,2610,27.0,0.5,11.365774899011637
camCAN,2610,27.0,0.75,11.27630334965277
camCAN,2610,27.0,1.0,10.8791466919792
camCAN,2610,27.0,1.25,10.681272515129313
camCAN,2610,27.0,1.5,10.433729172316106
camCAN,2611,27.0,0.25,11.665738877300354
camCAN,2611,27.0,0.5,11.661093732566643
camCAN,2611,27.0,0.75,11.094168492830288
camCAN,2611,27.0,1.0,11.10842194953206
camCAN,2611,27.0,1.25,10.829516085674372
camCAN,2611,27.0,1.5,10.683191529404652
camCAN,2612,27.0,0.25,11.211802379011871
camCAN,2612,27.0,0.5,9.533254869235424
camCAN,2612,27.0,0.75,9.158561474164525
camCAN,2612,27.0,1.0,8.400219921719211
camCAN,2612,27.0,1.25,8.275796886061862
camCAN,2612,27.0,1.5,8.152194309261583
camCAN,2613,26.0,0.25,11.746462634546349
camCAN,2613,26.0,0.5,11.258173159484508
camCAN,2613,26.0,0.75,10.590811290330457
camCAN,2613,26.0,1.0,9.881430059797614
camCAN,2613,26.0,1.25,9.643305847511831
camCAN,2613,26.0,1.5,9.407138370427448
camCAN,2614,20.0,0.25,11.116927790306715
camCAN,2614,20.0,0.5,10.876616433624235
camCAN,2614,20.0,0.75,9.845117119253514
camCAN,2614,20.0,1.0,9.228456044254358
camCAN,2614,20.0,1.25,8.882606933542196
camCAN,2614,20.0,1.5,8.66546538193582
camCAN,2615,26.0,0.25,11.849635364030444
camCAN,2615,26.0,0.5,12.019748549828037
camCAN,2615,26.0,0.75,11.823162353293458
camCAN,2615,26.0,1.0,12.039650464023284
camCAN,2615,26.0,1.25,11.847157378130117
camCAN,2615,26.0,1.5,11.626159912757043
camCAN,2616,27.0,0.25,10.713965949770767
camCAN,2616,27.0,0.5,10.524694737097365
camCAN,2616,27.0,0.75,10.399080919591269
camCAN,2616,27.0,1.0,9.932004928266362
camCAN,2616,27.0,1.25,9.995330777452073
camCAN,2616,27.0,1.5,9.790062660531046
camCAN,2617,27.0,0.25,11.65785458308116
camCAN,2617,27.0,0.5,9.953570246855065
camCAN,2617,27.0,0.75,8.796017748460438
camCAN,2617,27.0,1.0,8.370594562664644
camCAN,2617,27.0,1.25,8.12773575666778
camCAN,2617,27.0,1.5,7.976653330120907
camCAN,2618,25.0,0.25,11.625748016733752
camCAN,2618,25.0,0.5,11.427430911650385
camCAN,2618,25.0,0.75,10.822048800567273
camCAN,2618,25.0,1.0,10.69564984941953
camCAN,2618,25.0,1.25,10.229112491086665
camCAN,2618,25.0,1.5,9.903541092514095
camCAN,2619,32.0,0.25,11.24163890121843
camCAN,2619,32.0,0.5,10.987756645888526
camCAN,2619,32.0,0.75,10.157023287497555
camCAN,2619,32.0,1.0,9.70151939695603
camCAN,2619,32.0,1.25,9.340410990682795
camCAN,2619,32.0,1.5,8.782170071007192
camCAN,2620,35.0,0.25,10.43513198342253
camCAN,2620,35.0,0.5,9.927351244756142
camCAN,2620,35.0,0.75,9.519515522543154
camCAN,2620,35.0,1.0,9.475996870347728
camCAN,2620,35.0,1.25,9.314947981745796
camCAN,2620,35.0,1.5,9.15171655742047
camCAN,2621,36.0,0.25,10.86041706863148
camCAN,2621,36.0,0.5,9.569616023593223
camCAN,2621,36.0,0.75,8.883057753789988
camCAN,2621,36.0,1.0,8.165523121689931
camCAN,2621,36.0,1.25,8.116260076571425
camCAN,2621,36.0,1.5,7.931712220683176
camCAN,2622,36.0,0.25,11.27998289269628
camCAN,2622,36.0,0.5,11.240039600299173
camCAN,2622,36.0,0.75,10.457228274606038
camCAN,2622,36.0,1.0,9.920737504722139
camCAN,2622,36.0,1.25,9.747892796250936
camCAN,2622,36.0,1.5,9.453294437663322
camCAN,2623,30.0,0.25,11.010397797514162
camCAN,2623,30.0,0.5,11.18125265698526
camCAN,2623,30.0,0.75,10.695458418413663
camCAN,2623,30.0,1.0,10.236319467084183
camCAN,2623,30.0,1.25,9.896577985831327
camCAN,2623,30.0,1.5,9.647213419222668
camCAN,2624,32.0,0.25,10.802501824264688
camCAN,2624,32.0,0.5,10.386884351131387
camCAN,2624,32.0,0.75,9.847367868811924
camCAN,2624,32.0,1.0,10.256534402310622
camCAN,2624,32.0,1.25,10.295150381621466
camCAN,2624,32.0,1.5,10.27375567865476
camCAN,2625,31.0,0.25,12.219415336729055
camCAN,2625,31.0,0.5,10.693626057819232
camCAN,2625,31.0,0.75,8.855559083490748
camCAN,2625,31.0,1.0,7.98434132008584
camCAN,2625,31.0,1.25,7.513205982094646
camCAN,2625,31.0,1.5,7.148903596688616
camCAN,2626,30.0,0.25,10.75714309431709
camCAN,2626,30.0,0.5,10.33953283616201
camCAN,2626,30.0,0.75,9.36516175209599
camCAN,2626,30.0,1.0,8.55516529230412
camCAN,2626,30.0,1.25,8.38125729361116
camCAN,2626,30.0,1.5,8.274351313707097
camCAN,2627,32.0,0.25,11.94674975589297
camCAN,2627,32.0,0.5,11.007870275434229
camCAN,2627,32.0,0.75,9.882318214170846
camCAN,2627,32.0,1.0,9.019262635565237
camCAN,2627,32.0,1.25,8.361564877241731
camCAN,2627,32.0,1.5,8.010981535223896
camCAN,2628,35.0,0.25,11.901207095008736
camCAN,2628,35.0,0.5,11.855066597361374
camCAN,2628,35.0,0.75,11.058193024805785
camCAN,2628,35.0,1.0,10.271362055488293
camCAN,2628,35.0,1.25,9.750121594927345
camCAN,2628,35.0,1.5,9.314239378358547
camCAN,2629,35.0,0.25,10.500861804200973
camCAN,2629,35.0,0.5,9.676209714637187
camCAN,2629,35.0,0.75,8.5589599859636
camCAN,2629,35.0,1.0,7.876328241734397
camCAN,2629,35.0,1.25,7.572990044692555
camCAN,2629,35.0,1.5,7.590362162895008
camCAN,2630,29.0,0.25,10.632819402593759
camCAN,2630,29.0,0.5,11.053260062425743
camCAN,2630,29.0,0.75,11.1228485777861
camCAN,2630,29.0,1.0,11.033737267313969
camCAN,2630,29.0,1.25,10.86260771236624
camCAN,2630,29.0,1.5,10.776845811365137
camCAN,2631,37.0,0.25,8.142431559798375
camCAN,2631,37.0,0.5,8.46163943367913
camCAN,2631,37.0,0.75,8.885910293113879
camCAN,2631,37.0,1.0,9.406643557604975
camCAN,2631,37.0,1.25,10.008618783480337
camCAN,2631,37.0,1.5,10.29281856869983
camCAN,2632,35.0,0.25,11.104722132095986
camCAN,2632,35.0,0.5,10.749483864156053
camCAN,2632,35.0,0.75,10.168937843571877
camCAN,2632,35.0,1.0,9.525285256330038
camCAN,2632,35.0,1.25,9.272926587603651
camCAN,2632,35.0,1.5,8.989168070421522
camCAN,2633,37.0,0.25,9.738942271847408
camCAN,2633,37.0,0.5,10.136733786072748
camCAN,2633,37.0,0.75,9.745661794802928
camCAN,2633,37.0,1.0,10.318433916370159
camCAN,2633,37.0,1.25,9.977190761971412
camCAN,2633,37.0,1.5,9.802229784280259
camCAN,2634,30.0,0.25,10.255410902139374
camCAN,2634,30.0,0.5,10.051039800956852
camCAN,2634,30.0,0.75,9.456113594455855
camCAN,2634,30.0,1.0,9.288817298175879
camCAN,2634,30.0,1.25,9.08677200061736
camCAN,2634,30.0,1.5,8.978804766502734
camCAN,2635,33.0,0.25,10.234432270501616
camCAN,2635,33.0,0.5,10.743360615501985
camCAN,2635,33.0,0.75,11.068411126266744
camCAN,2635,33.0,1.0,10.886665245519549
camCAN,2635,33.0,1.25,10.601818485186596
camCAN,2635,33.0,1.5,10.147655990946083
camCAN,2636,34.0,0.25,10.755577267525027
camCAN,2636,34.0,0.5,9.806249459225453
camCAN,2636,34.0,0.75,8.668153456954121
camCAN,2636,34.0,1.0,8.062934244250119
camCAN,2636,34.0,1.25,7.850972757044103
camCAN,2636,34.0,1.5,7.702619177100132
camCAN,2637,29.0,0.25,12.02112605847385
camCAN,2637,29.0,0.5,9.728070480090935
camCAN,2637,29.0,0.75,8.733920972689653
camCAN,2637,29.0,1.0,8.48393588799149
camCAN,2637,29.0,1.25,8.316554576303414
camCAN,2637,29.0,1.5,8.23623803168509
camCAN,2638,31.0,0.25,12.152884440267659
camCAN,2638,31.0,0.5,11.824609746366807
camCAN,2638,31.0,0.75,10.847591672785823
camCAN,2638,31.0,1.0,10.40586114678245
camCAN,2638,31.0,1.25,9.901239035374207
camCAN,2638,31.0,1.5,10.08170762389374
camCAN,2639,31.0,0.25,10.520306264235122
camCAN,2639,31.0,0.5,10.772690262947386
camCAN,2639,31.0,0.75,10.999533092712646
camCAN,2639,31.0,1.0,10.639302948380767
camCAN,2639,31.0,1.25,9.817431717382155
camCAN,2639,31.0,1.5,9.601692128204643
camCAN,2640,37.0,0.25,10.073017806457774
camCAN,2640,37.0,0.5,10.259202627558686
camCAN,2640,37.0,0.75,10.362674209202
camCAN,2640,37.0,1.0,10.324581707142299
camCAN,2640,37.0,1.25,10.095240747271374
camCAN,2640,37.0,1.5,10.089913233654752
camCAN,2641,35.0,0.25,10.173629386491548
camCAN,2641,35.0,0.5,9.219450461690776
camCAN,2641,35.0,0.75,8.763057997757674
camCAN,2641,35.0,1.0,8.517713079048384
camCAN,2641,35.0,1.25,8.364794302540764
camCAN,2641,35.0,1.5,8.239477102115458
camCAN,2642,34.0,0.25,11.880741385166123
camCAN,2642,34.0,0.5,9.971107840478213
camCAN,2642,34.0,0.75,9.01092146230068
camCAN,2642,34.0,1.0,8.357477594302258
camCAN,2642,34.0,1.25,8.473709237394791
camCAN,2642,34.0,1.5,8.467048488163337
camCAN,2643,36.0,0.25,12.026431706867234
camCAN,2643,36.0,0.5,9.607531678670696
camCAN,2643,36.0,0.75,8.309453338191707
camCAN,2643,36.0,1.0,7.5906405950047615
camCAN,2643,36.0,1.25,7.606945151742935
camCAN,2643,36.0,1.5,7.521448953967328
camCAN,2644,36.0,0.25,10.486962685732927
camCAN,2644,36.0,0.5,10.500528211286698
camCAN,2644,36.0,0.75,10.459319846026146
camCAN,2644,36.0,1.0,10.39501364029061
camCAN,2644,36.0,1.25,10.202917740255215
camCAN,2644,36.0,1.5,9.980203823666374
camCAN,2645,35.0,0.25,11.708323464529041
camCAN,2645,35.0,0.5,11.328239315326273
camCAN,2645,35.0,0.75,10.012142123067102
camCAN,2645,35.0,1.0,9.503767996374165
camCAN,2645,35.0,1.25,9.119400631167975
camCAN,2645,35.0,1.5,8.929445108733496
camCAN,2646,33.0,0.25,8.539601716789367
camCAN,2646,33.0,0.5,9.030747314297079
camCAN,2646,33.0,0.75,8.978722303714914
camCAN,2646,33.0,1.0,9.684142590346942
camCAN,2646,33.0,1.25,10.04983675214403
camCAN,2646,33.0,1.5,10.505617983642095
camCAN,2647,35.0,0.25,10.279209095570968
camCAN,2647,35.0,0.5,10.540007872832835
camCAN,2647,35.0,0.75,9.590990102943335
camCAN,2647,35.0,1.0,8.760504516216328
camCAN,2647,35.0,1.25,8.211133265894446
camCAN,2647,35.0,1.5,7.606049984780445
camCAN,2648,30.0,0.25,11.145769989762012
camCAN,2648,30.0,0.5,11.072371563551767
camCAN,2648,30.0,0.75,10.096336498323264
camCAN,2648,30.0,1.0,9.642782721375161
camCAN,2648,30.0,1.25,9.19882715459519
camCAN,2648,30.0,1.5,9.145096775266527
camCAN,2649,37.0,0.25,11.308759454651513
camCAN,2649,37.0,0.5,11.556962444726278
camCAN,2649,37.0,0.75,10.722672546634842
camCAN,2649,37.0,1.0,10.015325282489618
camCAN,2649,37.0,1.25,9.883913134623548
camCAN,2649,37.0,1.5,9.767074699901281
camCAN,2650,33.0,0.25,11.378968107209682
camCAN,2650,33.0,0.5,11.363002121934606
camCAN,2650,33.0,0.75,11.038311730148147
camCAN,2650,33.0,1.0,11.291647473338394
camCAN,2650,33.0,1.25,11.205372470968863
camCAN,2650,33.0,1.5,11.095834057116978
camCAN,2651,31.0,0.25,11.37399956183286
camCAN,2651,31.0,0.5,11.024963574126264
camCAN,2651,31.0,0.75,10.654219892185921
camCAN,2651,31.0,1.0,10.792318177910525
camCAN,2651,31.0,1.25,10.733958947902888
camCAN,2651,31.0,1.5,10.707045544799815
camCAN,2652,35.0,0.25,11.129188613652435
camCAN,2652,35.0,0.5,10.49785195668941
camCAN,2652,35.0,0.75,9.466807867120739
camCAN,2652,35.0,1.0,9.942124315711636
camCAN,2652,35.0,1.25,10.039012809806556
camCAN,2652,35.0,1.5,10.110022071580389
camCAN,2653,30.0,0.25,11.619657103624123
camCAN,2653,30.0,0.5,10.512685488472469
camCAN,2653,30.0,0.75,9.327978114383233
camCAN,2653,30.0,1.0,8.700066725715665
camCAN,2653,30.0,1.25,8.628020900671288
camCAN,2653,30.0,1.5,8.486682264787603
camCAN,2654,30.0,0.25,10.99020725687423
camCAN,2654,30.0,0.5,10.928399409122768
camCAN,2654,30.0,0.75,10.3443782918143
camCAN,2654,30.0,1.0,9.783874357560268
camCAN,2654,30.0,1.25,9.207318113951832
camCAN,2654,30.0,1.5,8.996734614133812
camCAN,2655,29.0,0.25,10.381617190255351
camCAN,2655,29.0,0.5,10.69630777743632
camCAN,2655,29.0,0.75,9.198580431175388
camCAN,2655,29.0,1.0,8.23313454778039
camCAN,2655,29.0,1.25,8.031942853286628
camCAN,2655,29.0,1.5,7.819125279367353
camCAN,2656,32.0,0.25,11.627288052709124
camCAN,2656,32.0,0.5,11.134082809371815
camCAN,2656,32.0,0.75,9.07557545548361
camCAN,2656,32.0,1.0,8.615199398890027
camCAN,2656,32.0,1.25,8.382960872526125
camCAN,2656,32.0,1.5,8.146840905196308
camCAN,2657,38.0,0.25,10.332337968128678
camCAN,2657,38.0,0.5,11.081129840491464
camCAN,2657,38.0,0.75,10.784667739244295
camCAN,2657,38.0,1.0,9.847193681960562
camCAN,2657,38.0,1.25,9.071432598575877
camCAN,2657,38.0,1.5,8.810407526227655
camCAN,2658,32.0,0.25,11.29190458220715
camCAN,2658,32.0,0.5,10.586546746256175
camCAN,2658,32.0,0.75,9.558830540703946
camCAN,2658,32.0,1.0,9.589949773133018
camCAN,2658,32.0,1.25,9.285946202919165
camCAN,2658,32.0,1.5,9.039359886927679
camCAN,2659,37.0,0.25,10.060874411398467
camCAN,2659,37.0,0.5,9.204419208957606
camCAN,2659,37.0,0.75,8.325589651939417
camCAN,2659,37.0,1.0,7.8327359219274175
camCAN,2659,37.0,1.25,7.667321316447708
camCAN,2659,37.0,1.5,7.557985757772305
camCAN,2660,35.0,0.25,10.724101521302131
camCAN,2660,35.0,0.5,11.073673455499213
camCAN,2660,35.0,0.75,10.429426472738795
camCAN,2660,35.0,1.0,10.049086398382066
camCAN,2660,35.0,1.25,9.708185254554069
camCAN,2660,35.0,1.5,9.381106879355317
camCAN,2661,34.0,0.25,11.446368722604738
camCAN,2661,34.0,0.5,11.367624293844031
camCAN,2661,34.0,0.75,10.623318178436975
camCAN,2661,34.0,1.0,10.160168468026589
camCAN,2661,34.0,1.25,9.834649115223579
camCAN,2661,34.0,1.5,9.544327996858314
camCAN,2662,36.0,0.25,11.331010782084213
camCAN,2662,36.0,0.5,11.827519645116759
camCAN,2662,36.0,0.75,11.809545312931425
camCAN,2662,36.0,1.0,11.454196810927437
camCAN,2662,36.0,1.25,10.786902050557872
camCAN,2662,36.0,1.5,10.664722091105988
camCAN,2663,34.0,0.25,11.993614261876413
camCAN,2663,34.0,0.5,11.556173495646174
camCAN,2663,34.0,0.75,10.363755842412845
camCAN,2663,34.0,1.0,9.79082569551477
camCAN,2663,34.0,1.25,9.44191563322528
camCAN,2663,34.0,1.5,9.180630814697025
camCAN,2664,37.0,0.25,10.134844085240035
camCAN,2664,37.0,0.5,10.866353405334984
camCAN,2664,37.0,0.75,9.869103636537533
camCAN,2664,37.0,1.0,9.039453880873014
camCAN,2664,37.0,1.25,8.637122188180978
camCAN,2664,37.0,1.5,8.423174846806521
camCAN,2665,35.0,0.25,11.570806101347289
camCAN,2665,35.0,0.5,10.554252388845821
camCAN,2665,35.0,0.75,9.981291024481727
camCAN,2665,35.0,1.0,9.441089162233473
camCAN,2665,35.0,1.25,9.347731827968435
camCAN,2665,35.0,1.5,9.170956514365214
camCAN,2666,37.0,0.25,11.353540554522791
camCAN,2666,37.0,0.5,10.199111792322729
camCAN,2666,37.0,0.75,9.610291802547655
camCAN,2666,37.0,1.0,9.003502218160957
camCAN,2666,37.0,1.25,8.76960348053305
camCAN,2666,37.0,1.5,8.50720395688601
camCAN,2667,37.0,0.25,11.012122154778076
camCAN,2667,37.0,0.5,10.854106215087276
camCAN,2667,37.0,0.75,10.912176640165328
camCAN,2667,37.0,1.0,10.907061589374772
camCAN,2667,37.0,1.25,11.00931126648446
camCAN,2667,37.0,1.5,11.043600452770763
camCAN,2668,38.0,0.25,11.195604391498476
camCAN,2668,38.0,0.5,11.525673410249642
camCAN,2668,38.0,0.75,9.746681897682322
camCAN,2668,38.0,1.0,8.765874521060615
camCAN,2668,38.0,1.25,8.599909161904991
camCAN,2668,38.0,1.5,8.400971562362075
camCAN,2669,38.0,0.25,9.814447045899708
camCAN,2669,38.0,0.5,10.0402163950951
camCAN,2669,38.0,0.75,10.513554800564568
camCAN,2669,38.0,1.0,11.246285612840227
camCAN,2669,38.0,1.25,11.14703561102807
camCAN,2669,38.0,1.5,11.049776849526902
camCAN,2670,29.0,0.25,11.199156085060132
camCAN,2670,29.0,0.5,11.264768679369048
camCAN,2670,29.0,0.75,10.688102333169509
camCAN,2670,29.0,1.0,9.848207095095171
camCAN,2670,29.0,1.25,10.031302435078466
camCAN,2670,29.0,1.5,9.865153094171882
camCAN,2671,30.0,0.25,12.278319366908823
camCAN,2671,30.0,0.5,11.326721735993623
camCAN,2671,30.0,0.75,10.721606211530908
camCAN,2671,30.0,1.0,10.296458805256432
camCAN,2671,30.0,1.25,10.263447197449008
camCAN,2671,30.0,1.5,10.0218163032669
camCAN,2672,36.0,0.25,9.976187139690088
camCAN,2672,36.0,0.5,10.315811425665213
camCAN,2672,36.0,0.75,10.371177993361306
camCAN,2672,36.0,1.0,10.289793673721515
camCAN,2672,36.0,1.25,10.127209934071232
camCAN,2672,36.0,1.5,9.999320860908151
camCAN,2673,32.0,0.25,10.769233036176713
camCAN,2673,32.0,0.5,11.24736854061352
camCAN,2673,32.0,0.75,11.432313766767283
camCAN,2673,32.0,1.0,10.972420487117228
camCAN,2673,32.0,1.25,10.83506698642404
camCAN,2673,32.0,1.5,10.713274581137505
camCAN,2674,35.0,0.25,10.184291281834401
camCAN,2674,35.0,0.5,10.546878327775262
camCAN,2674,35.0,0.75,10.65203959303606
camCAN,2674,35.0,1.0,10.603786095151724
camCAN,2674,35.0,1.25,10.413634925394206
camCAN,2674,35.0,1.5,10.168768877567329
camCAN,2675,29.0,0.25,9.810980451332552
camCAN,2675,29.0,0.5,10.158452237560269
camCAN,2675,29.0,0.75,10.34361356944266
camCAN,2675,29.0,1.0,10.028699171806336
camCAN,2675,29.0,1.25,9.784681469384363
camCAN,2675,29.0,1.5,9.61842983552127
camCAN,2676,38.0,0.25,10.549735015682092
camCAN,2676,38.0,0.5,10.59844833217937
camCAN,2676,38.0,0.75,11.002668880718455
camCAN,2676,38.0,1.0,10.848747709002236
camCAN,2676,38.0,1.25,10.527660386533613
camCAN,2676,38.0,1.5,10.132571562708321
camCAN,2677,33.0,0.25,9.735267846428563
camCAN,2677,33.0,0.5,10.244908312952674
camCAN,2677,33.0,0.75,10.569003083533213
camCAN,2677,33.0,1.0,10.57245658728768
camCAN,2677,33.0,1.25,10.206431988626168
camCAN,2677,33.0,1.5,9.733258478315317
camCAN,2678,36.0,0.25,10.389774149319459
camCAN,2678,36.0,0.5,9.812156145952748
camCAN,2678,36.0,0.75,8.486859481780995
camCAN,2678,36.0,1.0,7.9907391844178095
camCAN,2678,36.0,1.25,7.762058343016715
camCAN,2678,36.0,1.5,7.594269019836007
camCAN,2679,35.0,0.25,11.63134458825346
camCAN,2679,35.0,0.5,11.766175325444475
camCAN,2679,35.0,0.75,11.150375316125
camCAN,2679,35.0,1.0,11.169062637732337
camCAN,2679,35.0,1.25,10.920288204469516
camCAN,2679,35.0,1.5,10.611853087829857
camCAN,2680,37.0,0.25,11.943088697655714
camCAN,2680,37.0,0.5,11.136587556784074
camCAN,2680,37.0,0.75,9.625640698205785
camCAN,2680,37.0,1.0,8.854285867409542
camCAN,2680,37.0,1.25,8.552357980448942
camCAN,2680,37.0,1.5,8.4342549986777
camCAN,2681,30.0,0.25,11.484201341494627
camCAN,2681,30.0,0.5,11.808643307010529
camCAN,2681,30.0,0.75,11.023501343242186
camCAN,2681,30.0,1.0,10.316281438125248
camCAN,2681,30.0,1.25,9.855005885951298
camCAN,2681,30.0,1.5,9.609345717593786
camCAN,2682,35.0,0.25,11.800001021814682
camCAN,2682,35.0,0.5,10.001199857871416
camCAN,2682,35.0,0.75,8.174070280836023
camCAN,2682,35.0,1.0,7.430849429680784
camCAN,2682,35.0,1.25,6.830081071167594
camCAN,2682,35.0,1.5,6.666611993574142
camCAN,2683,36.0,0.25,11.411676995971115
camCAN,2683,36.0,0.5,11.006196121011863
camCAN,2683,36.0,0.75,10.389854498777012
camCAN,2683,36.0,1.0,9.989178151235532
camCAN,2683,36.0,1.25,9.933933362541751
camCAN,2683,36.0,1.5,9.822088532366028
camCAN,2684,34.0,0.25,11.37049006208702
camCAN,2684,34.0,0.5,11.413635665463486
camCAN,2684,34.0,0.75,10.91804321581956
camCAN,2684,34.0,1.0,10.267390333111113
camCAN,2684,34.0,1.25,9.84115964902734
camCAN,2684,34.0,1.5,9.384189043135258
camCAN,2685,33.0,0.25,11.382474895242055
camCAN,2685,33.0,0.5,11.810076093070828
camCAN,2685,33.0,0.75,11.71936041685268
camCAN,2685,33.0,1.0,11.374075295416377
camCAN,2685,33.0,1.25,10.748793111045778
camCAN,2685,33.0,1.5,10.446909111212085
camCAN,2686,32.0,0.25,11.631945278187592
camCAN,2686,32.0,0.5,11.655163941715227
camCAN,2686,32.0,0.75,11.028819575478032
camCAN,2686,32.0,1.0,9.865726721249477
camCAN,2686,32.0,1.25,9.509197095294683
camCAN,2686,32.0,1.5,9.106355552772532
camCAN,2687,33.0,0.25,10.802687522458728
camCAN,2687,33.0,0.5,10.482750401072808
camCAN,2687,33.0,0.75,9.058010675665926
camCAN,2687,33.0,1.0,8.725086438746139
camCAN,2687,33.0,1.25,8.160644887477043
camCAN,2687,33.0,1.5,7.944142714207492
camCAN,2688,31.0,0.25,10.7949877978768
camCAN,2688,31.0,0.5,9.83241842842089
camCAN,2688,31.0,0.75,8.774978719709127
camCAN,2688,31.0,1.0,8.644092801907721
camCAN,2688,31.0,1.25,8.528739732195843
camCAN,2688,31.0,1.5,8.426530216631932
camCAN,2689,37.0,0.25,12.046088376796337
camCAN,2689,37.0,0.5,11.679012047447213
camCAN,2689,37.0,0.75,11.166837096693566
camCAN,2689,37.0,1.0,10.983745149226477
camCAN,2689,37.0,1.25,10.725874945635214
camCAN,2689,37.0,1.5,9.76306038883766
camCAN,2690,35.0,0.25,11.807520212922537
camCAN,2690,35.0,0.5,9.966331494517489
camCAN,2690,35.0,0.75,8.882871703071485
camCAN,2690,35.0,1.0,8.094915977412864
camCAN,2690,35.0,1.25,8.004980405666199
camCAN,2690,35.0,1.5,7.911945701136012
camCAN,2691,32.0,0.25,11.681850712040129
camCAN,2691,32.0,0.5,11.284910904583398
camCAN,2691,32.0,0.75,10.986581748768792
camCAN,2691,32.0,1.0,10.222684263654196
camCAN,2691,32.0,1.25,9.96125208972917
camCAN,2691,32.0,1.5,9.776143898829549
camCAN,2692,32.0,0.25,11.615579110850259
camCAN,2692,32.0,0.5,10.80376066147961
camCAN,2692,32.0,0.75,9.897896642900918
camCAN,2692,32.0,1.0,9.238219147022232
camCAN,2692,32.0,1.25,8.85913931078398
camCAN,2692,32.0,1.5,8.68556845691424
camCAN,2693,32.0,0.25,10.911813627077187
camCAN,2693,32.0,0.5,10.895966540358122
camCAN,2693,32.0,0.75,9.86041413204235
camCAN,2693,32.0,1.0,9.030483000409497
camCAN,2693,32.0,1.25,8.745773727221094
camCAN,2693,32.0,1.5,8.582183353796129
camCAN,2694,33.0,0.25,10.674179992797129
camCAN,2694,33.0,0.5,10.71026772732696
camCAN,2694,33.0,0.75,9.772586999567572
camCAN,2694,33.0,1.0,8.903111374553143
camCAN,2694,33.0,1.25,8.15593947128039
camCAN,2694,33.0,1.5,8.085214831935465
camCAN,2695,37.0,0.25,11.145139922852227
camCAN,2695,37.0,0.5,11.247319217914931
camCAN,2695,37.0,0.75,11.170372362987365
camCAN,2695,37.0,1.0,10.954638066389666
camCAN,2695,37.0,1.25,10.93807725503495
camCAN,2695,37.0,1.5,10.777394478308308
camCAN,2696,33.0,0.25,11.791077139384381
camCAN,2696,33.0,0.5,11.68646864031293
camCAN,2696,33.0,0.75,10.949712526769009
camCAN,2696,33.0,1.0,9.600456966094889
camCAN,2696,33.0,1.25,8.875898511571851
camCAN,2696,33.0,1.5,8.486336300387823
camCAN,2697,37.0,0.25,10.15474071793951
camCAN,2697,37.0,0.5,9.909456529167498
camCAN,2697,37.0,0.75,9.604084889025687
camCAN,2697,37.0,1.0,9.370374998101452
camCAN,2697,37.0,1.25,9.021099441723715
camCAN,2697,37.0,1.5,9.023974198393693
camCAN,2698,35.0,0.25,10.020443177437482
camCAN,2698,35.0,0.5,8.888029664229844
camCAN,2698,35.0,0.75,7.781686313429406
camCAN,2698,35.0,1.0,7.325619230460297
camCAN,2698,35.0,1.25,6.802781238960764
camCAN,2698,35.0,1.5,6.894213210322253
camCAN,2699,37.0,0.25,11.016357373691873
camCAN,2699,37.0,0.5,10.457878562392768
camCAN,2699,37.0,0.75,10.009350867021183
camCAN,2699,37.0,1.0,9.787277486533641
camCAN,2699,37.0,1.25,9.587754685370612
camCAN,2699,37.0,1.5,9.472493810592088
camCAN,2700,35.0,0.25,9.255342682145988
camCAN,2700,35.0,0.5,10.259106417037302
camCAN,2700,35.0,0.75,10.023565710684265
camCAN,2700,35.0,1.0,9.708438730053063
camCAN,2700,35.0,1.25,9.344039719191617
camCAN,2700,35.0,1.5,8.995231751724322
camCAN,2701,32.0,0.25,11.319932463947767
camCAN,2701,32.0,0.5,11.66543805553869
camCAN,2701,32.0,0.75,11.390623678482715
camCAN,2701,32.0,1.0,11.144380321129718
camCAN,2701,32.0,1.25,11.188298366680542
camCAN,2701,32.0,1.5,11.31005352224627
camCAN,2702,36.0,0.25,11.322669832693908
camCAN,2702,36.0,0.5,9.688178245904183
camCAN,2702,36.0,0.75,8.65523805965084
camCAN,2702,36.0,1.0,8.342119010230576
camCAN,2702,36.0,1.25,8.08376218049887
camCAN,2702,36.0,1.5,7.959982135585324
camCAN,2703,37.0,0.25,8.503735449996832
camCAN,2703,37.0,0.5,9.372334037538092
camCAN,2703,37.0,0.75,10.176096143635096
camCAN,2703,37.0,1.0,10.961195986917977
camCAN,2703,37.0,1.25,11.167610017058058
camCAN,2703,37.0,1.5,11.078492642693995
camCAN,2704,39.0,0.25,11.420862519708212
camCAN,2704,39.0,0.5,11.317678396913633
camCAN,2704,39.0,0.75,10.894424079282935
camCAN,2704,39.0,1.0,10.305269268352925
camCAN,2704,39.0,1.25,9.96190941933456
camCAN,2704,39.0,1.5,9.563362364814235
camCAN,2705,36.0,0.25,10.953511590328315
camCAN,2705,36.0,0.5,11.11176015476963
camCAN,2705,36.0,0.75,11.231413716947454
camCAN,2705,36.0,1.0,11.4304941994419
camCAN,2705,36.0,1.25,10.824254438275267
camCAN,2705,36.0,1.5,10.7341399581863
camCAN,2706,37.0,0.25,11.306901749403687
camCAN,2706,37.0,0.5,11.425250866661298
camCAN,2706,37.0,0.75,11.446556186115377
camCAN,2706,37.0,1.0,11.315942582872363
camCAN,2706,37.0,1.25,11.191965154867844
camCAN,2706,37.0,1.5,11.09461841370301
camCAN,2707,38.0,0.25,11.597362852067805
camCAN,2707,38.0,0.5,11.517576122308942
camCAN,2707,38.0,0.75,11.102468137170396
camCAN,2707,38.0,1.0,10.512812542744326
camCAN,2707,38.0,1.25,9.896768915390837
camCAN,2707,38.0,1.5,10.13659817424994
camCAN,2708,30.0,0.25,10.880514052728207
camCAN,2708,30.0,0.5,9.948006626320806
camCAN,2708,30.0,0.75,8.763124899578893
camCAN,2708,30.0,1.0,8.118749797238078
camCAN,2708,30.0,1.25,7.875915238943833
camCAN,2708,30.0,1.5,7.757568106138584
camCAN,2709,30.0,0.25,11.536945250711513
camCAN,2709,30.0,0.5,10.567670719414526
camCAN,2709,30.0,0.75,10.462775759239953
camCAN,2709,30.0,1.0,10.179284793740672
camCAN,2709,30.0,1.25,9.858738828757195
camCAN,2709,30.0,1.5,9.901990495726944
camCAN,2710,32.0,0.25,11.465211062727448
camCAN,2710,32.0,0.5,11.387173534221036
camCAN,2710,32.0,0.75,11.446779326585578
camCAN,2710,32.0,1.0,11.361008782698905
camCAN,2710,32.0,1.25,11.11979156397839
camCAN,2710,32.0,1.5,11.226504477929787
camCAN,2711,33.0,0.25,11.522749820288372
camCAN,2711,33.0,0.5,11.249296059599796
camCAN,2711,33.0,0.75,10.746290693384566
camCAN,2711,33.0,1.0,10.26611185041773
camCAN,2711,33.0,1.25,9.860613031502977
camCAN,2711,33.0,1.5,9.549750191077825
camCAN,2712,39.0,0.25,11.478226571341642
camCAN,2712,39.0,0.5,11.218190767435143
camCAN,2712,39.0,0.75,9.715585629903547
camCAN,2712,39.0,1.0,8.769072103237331
camCAN,2712,39.0,1.25,8.321693586812597
camCAN,2712,39.0,1.5,7.958055329544963
camCAN,2713,37.0,0.25,12.109911210197355
camCAN,2713,37.0,0.5,11.804411548226563
camCAN,2713,37.0,0.75,11.538642922327371
camCAN,2713,37.0,1.0,10.590281304531814
camCAN,2713,37.0,1.25,10.218223154292675
camCAN,2713,37.0,1.5,9.881364866202935
camCAN,2714,36.0,0.25,10.500651213346906
camCAN,2714,36.0,0.5,11.477148053102164
camCAN,2714,36.0,0.75,11.793947629488349
camCAN,2714,36.0,1.0,11.249232045397715
camCAN,2714,36.0,1.25,10.68974390828898
camCAN,2714,36.0,1.5,10.548172115216566
camCAN,2715,45.0,0.25,11.413267201049635
camCAN,2715,45.0,0.5,11.185782911394384
camCAN,2715,45.0,0.75,10.6029245391376
camCAN,2715,45.0,1.0,10.378363037946203
camCAN,2715,45.0,1.25,10.148502955284508
camCAN,2715,45.0,1.5,10.042335942222506
camCAN,2716,42.0,0.25,11.22873630849544
camCAN,2716,42.0,0.5,11.133694892504888
camCAN,2716,42.0,0.75,10.332814327227545
camCAN,2716,42.0,1.0,10.03167829151546
camCAN,2716,42.0,1.25,9.864622176818218
camCAN,2716,42.0,1.5,9.640277413836447
camCAN,2717,43.0,0.25,10.712949503067275
camCAN,2717,43.0,0.5,10.713854885556273
camCAN,2717,43.0,0.75,9.789595088905498
camCAN,2717,43.0,1.0,9.240613283481231
camCAN,2717,43.0,1.25,8.808165435388384
camCAN,2717,43.0,1.5,8.641807604366512
camCAN,2718,48.0,0.25,11.88875798550432
camCAN,2718,48.0,0.5,11.130582266203627
camCAN,2718,48.0,0.75,9.955553002649
camCAN,2718,48.0,1.0,9.518492396611608
camCAN,2718,48.0,1.25,9.247585744793762
camCAN,2718,48.0,1.5,9.121637537932473
camCAN,2719,41.0,0.25,11.224475044383297
camCAN,2719,41.0,0.5,10.232328780281554
camCAN,2719,41.0,0.75,9.261507560389889
camCAN,2719,41.0,1.0,8.633770703230267
camCAN,2719,41.0,1.25,8.871493650453209
camCAN,2719,41.0,1.5,8.808221739487625
camCAN,2720,43.0,0.25,11.565927164302092
camCAN,2720,43.0,0.5,11.431116491064396
camCAN,2720,43.0,0.75,11.405959737359936
camCAN,2720,43.0,1.0,10.683625962682788
camCAN,2720,43.0,1.25,10.007562777334702
camCAN,2720,43.0,1.5,9.972974414013622
camCAN,2721,48.0,0.25,9.457256559035983
camCAN,2721,48.0,0.5,9.483983636452994
camCAN,2721,48.0,0.75,9.54905015148651
camCAN,2721,48.0,1.0,9.627597222055911
camCAN,2721,48.0,1.25,9.696715174839822
camCAN,2721,48.0,1.5,9.76256146271091
camCAN,2722,42.0,0.25,11.723563633276683
camCAN,2722,42.0,0.5,10.500246740252472
camCAN,2722,42.0,0.75,9.266343118654499
camCAN,2722,42.0,1.0,8.716799679133846
camCAN,2722,42.0,1.25,8.429118919742194
camCAN,2722,42.0,1.5,8.155426305494375
camCAN,2723,40.0,0.25,11.194361996855136
camCAN,2723,40.0,0.5,11.3741500050986
camCAN,2723,40.0,0.75,11.561307032589923
camCAN,2723,40.0,1.0,11.686637555623763
camCAN,2723,40.0,1.25,11.5334182436978
camCAN,2723,40.0,1.5,11.246238221465127
camCAN,2724,46.0,0.25,11.11343212522881
camCAN,2724,46.0,0.5,11.597201067786642
camCAN,2724,46.0,0.75,11.725156713920247
camCAN,2724,46.0,1.0,10.981544417802752
camCAN,2724,46.0,1.25,9.815149438349817
camCAN,2724,46.0,1.5,9.839018137310692
camCAN,2725,47.0,0.25,11.001970044273152
camCAN,2725,47.0,0.5,10.942919144901001
camCAN,2725,47.0,0.75,10.58583122623974
camCAN,2725,47.0,1.0,10.748169322090956
camCAN,2725,47.0,1.25,10.716490764408
camCAN,2725,47.0,1.5,10.684101331160456
camCAN,2726,48.0,0.25,11.340811423993264
camCAN,2726,48.0,0.5,10.9921178761036
camCAN,2726,48.0,0.75,10.637584726345843
camCAN,2726,48.0,1.0,10.392264305534288
camCAN,2726,48.0,1.25,10.229601587690205
camCAN,2726,48.0,1.5,10.079333400189837
camCAN,2727,45.0,0.25,11.494079905325709
camCAN,2727,45.0,0.5,11.29461657978276
camCAN,2727,45.0,0.75,10.39080290525667
camCAN,2727,45.0,1.0,9.32335364129992
camCAN,2727,45.0,1.25,8.43991358916503
camCAN,2727,45.0,1.5,7.871540220805469
camCAN,2728,46.0,0.25,11.117622212119285
camCAN,2728,46.0,0.5,11.49715088532502
camCAN,2728,46.0,0.75,11.356750446841108
camCAN,2728,46.0,1.0,10.856039660896613
camCAN,2728,46.0,1.25,10.398554824776946
camCAN,2728,46.0,1.5,9.86476976400489
camCAN,2729,43.0,0.25,9.27527141850521
camCAN,2729,43.0,0.5,9.675825333788255
camCAN,2729,43.0,0.75,9.97370081777078
camCAN,2729,43.0,1.0,9.79182859022133
camCAN,2729,43.0,1.25,9.864717391516601
camCAN,2729,43.0,1.5,9.734158745256407
camCAN,2730,49.0,0.25,11.346778930020895
camCAN,2730,49.0,0.5,12.184684553075565
camCAN,2730,49.0,0.75,11.624234977974865
camCAN,2730,49.0,1.0,10.71796257562584
camCAN,2730,49.0,1.25,10.248623046860617
camCAN,2730,49.0,1.5,9.375287640582327
camCAN,2731,41.0,0.25,11.673349321242316
camCAN,2731,41.0,0.5,11.940308917357267
camCAN,2731,41.0,0.75,11.342827712275016
camCAN,2731,41.0,1.0,11.035108292576618
camCAN,2731,41.0,1.25,10.942063304266952
camCAN,2731,41.0,1.5,10.64922252745982
camCAN,2732,42.0,0.25,11.869791761965336
camCAN,2732,42.0,0.5,11.43557638728762
camCAN,2732,42.0,0.75,10.252712183130487
camCAN,2732,42.0,1.0,9.810786224935152
camCAN,2732,42.0,1.25,9.46291963239165
camCAN,2732,42.0,1.5,9.268487417827293
camCAN,2733,44.0,0.25,11.253085106554886
camCAN,2733,44.0,0.5,10.071098030309024
camCAN,2733,44.0,0.75,9.71759147165472
camCAN,2733,44.0,1.0,9.069072421521874
camCAN,2733,44.0,1.25,8.859166850882573
camCAN,2733,44.0,1.5,8.645824079091158
camCAN,2734,39.0,0.25,10.510406996790406
camCAN,2734,39.0,0.5,10.549499324848574
camCAN,2734,39.0,0.75,10.246701299099401
camCAN,2734,39.0,1.0,9.461156884137335
camCAN,2734,39.0,1.25,9.316106037568007
camCAN,2734,39.0,1.5,9.107563710233787
camCAN,2735,41.0,0.25,11.111373141924386
camCAN,2735,41.0,0.5,11.51884471502908
camCAN,2735,41.0,0.75,11.044111295679002
camCAN,2735,41.0,1.0,10.852765911683903
camCAN,2735,41.0,1.25,10.622996926487003
camCAN,2735,41.0,1.5,10.386958650594922
camCAN,2736,41.0,0.25,12.192258455000497
camCAN,2736,41.0,0.5,10.979217344641283
camCAN,2736,41.0,0.75,9.993495315612975
camCAN,2736,41.0,1.0,9.751232828541296
camCAN,2736,41.0,1.25,9.561162432921837
camCAN,2736,41.0,1.5,9.464557009839973
camCAN,2737,46.0,0.25,11.037200148786946
camCAN,2737,46.0,0.5,11.528413544660816
camCAN,2737,46.0,0.75,11.397425836412523
camCAN,2737,46.0,1.0,11.17638801617553
camCAN,2737,46.0,1.25,10.866683926724136
camCAN,2737,46.0,1.5,10.612771852388777
camCAN,2738,45.0,0.25,11.441596726152804
camCAN,2738,45.0,0.5,10.54184819100678
camCAN,2738,45.0,0.75,9.51723242065008
camCAN,2738,45.0,1.0,8.744411397598382
camCAN,2738,45.0,1.25,8.349914458188847
camCAN,2738,45.0,1.5,8.199511585610484
camCAN,2739,47.0,0.25,11.654986834654832
camCAN,2739,47.0,0.5,11.318995672569955
camCAN,2739,47.0,0.75,10.52524159598581
camCAN,2739,47.0,1.0,9.909074315208388
camCAN,2739,47.0,1.25,9.56201754039631
camCAN,2739,47.0,1.5,9.283101491145839
camCAN,2740,48.0,0.25,11.15759902902916
camCAN,2740,48.0,0.5,11.136111690318513
camCAN,2740,48.0,0.75,10.290376967357375
camCAN,2740,48.0,1.0,9.69534002872456
camCAN,2740,48.0,1.25,9.219874839211302
camCAN,2740,48.0,1.5,8.944409845578997
camCAN,2741,48.0,0.25,10.782692988933537
camCAN,2741,48.0,0.5,11.215267131396764
camCAN,2741,48.0,0.75,11.183344931470891
camCAN,2741,48.0,1.0,10.79435006858174
camCAN,2741,48.0,1.25,10.32847524132397
camCAN,2741,48.0,1.5,10.353104849371222
camCAN,2742,46.0,0.25,11.668083936622008
camCAN,2742,46.0,0.5,11.19617655237103
camCAN,2742,46.0,0.75,10.653302678475406
camCAN,2742,46.0,1.0,10.17717544596993
camCAN,2742,46.0,1.25,9.771458962871005
camCAN,2742,46.0,1.5,9.556115513802643
camCAN,2743,40.0,0.25,11.209101655923146
camCAN,2743,40.0,0.5,11.108657295269301
camCAN,2743,40.0,0.75,10.874539271371503
camCAN,2743,40.0,1.0,10.465183860744034
camCAN,2743,40.0,1.25,10.541100463729256
camCAN,2743,40.0,1.5,10.220635797828763
camCAN,2744,48.0,0.25,11.631441375380025
camCAN,2744,48.0,0.5,11.749320674930905
camCAN,2744,48.0,0.75,11.02028117466281
camCAN,2744,48.0,1.0,10.548447666042227
camCAN,2744,48.0,1.25,10.076178309212828
camCAN,2744,48.0,1.5,9.50981546630954
camCAN,2745,41.0,0.25,12.018654670107999
camCAN,2745,41.0,0.5,12.20475623817996
camCAN,2745,41.0,0.75,11.71078211393453
camCAN,2745,41.0,1.0,11.337584403400399
camCAN,2745,41.0,1.25,10.743446128217013
camCAN,2745,41.0,1.5,9.875262316664529
camCAN,2746,47.0,0.25,10.972482464102914
camCAN,2746,47.0,0.5,11.538003329722137
camCAN,2746,47.0,0.75,11.446180922623421
camCAN,2746,47.0,1.0,10.782715307921196
camCAN,2746,47.0,1.25,10.243004221019035
camCAN,2746,47.0,1.5,9.857818931596798
camCAN,2747,48.0,0.25,10.419426127632518
camCAN,2747,48.0,0.5,10.460172761724856
camCAN,2747,48.0,0.75,10.459565222813419
camCAN,2747,48.0,1.0,10.370997287241824
camCAN,2747,48.0,1.25,10.113546793154015
camCAN,2747,48.0,1.5,9.824202741976809
camCAN,2748,40.0,0.25,11.736245043351538
camCAN,2748,40.0,0.5,9.996456491824295
camCAN,2748,40.0,0.75,9.106879976275785
camCAN,2748,40.0,1.0,8.884102104153094
camCAN,2748,40.0,1.25,8.736624051609242
camCAN,2748,40.0,1.5,8.634874513744583
camCAN,2749,48.0,0.25,11.722157971201131
camCAN,2749,48.0,0.5,11.962295217888098
camCAN,2749,48.0,0.75,11.431569866646813
camCAN,2749,48.0,1.0,10.665663431529444
camCAN,2749,48.0,1.25,9.925575249284028
camCAN,2749,48.0,1.5,9.181399230188847
camCAN,2750,46.0,0.25,11.718508466211562
camCAN,2750,46.0,0.5,11.986950024707141
camCAN,2750,46.0,0.75,11.22550886645458
camCAN,2750,46.0,1.0,10.048535300953787
camCAN,2750,46.0,1.25,9.508244232228089
camCAN,2750,46.0,1.5,9.29148871367367
camCAN,2751,48.0,0.25,11.57403356071515
camCAN,2751,48.0,0.5,10.9384913786217
camCAN,2751,48.0,0.75,10.603561305768956
camCAN,2751,48.0,1.0,10.906878705055622
camCAN,2751,48.0,1.25,10.755977797232172
camCAN,2751,48.0,1.5,10.676813217692462
camCAN,2752,47.0,0.25,11.569801832862462
camCAN,2752,47.0,0.5,11.321536112293744
camCAN,2752,47.0,0.75,10.742415200721092
camCAN,2752,47.0,1.0,10.028326355510183
camCAN,2752,47.0,1.25,10.251330297565486
camCAN,2752,47.0,1.5,10.26255093016544
camCAN,2753,39.0,0.25,11.525835093951198
camCAN,2753,39.0,0.5,11.15522220603421
camCAN,2753,39.0,0.75,10.614876459241616
camCAN,2753,39.0,1.0,10.249351056374383
camCAN,2753,39.0,1.25,10.092530543416478
camCAN,2753,39.0,1.5,9.820183060632445
camCAN,2754,42.0,0.25,11.693823772897705
camCAN,2754,42.0,0.5,10.904720306017296
camCAN,2754,42.0,0.75,9.83659754414728
camCAN,2754,42.0,1.0,9.073934101809675
camCAN,2754,42.0,1.25,8.71144532891088
camCAN,2754,42.0,1.5,8.491386786238053
camCAN,2755,41.0,0.25,10.728465823197038
camCAN,2755,41.0,0.5,10.696150108896212
camCAN,2755,41.0,0.75,9.633519041945481
camCAN,2755,41.0,1.0,9.047174613991402
camCAN,2755,41.0,1.25,8.83576188432793
camCAN,2755,41.0,1.5,8.671772052869933
camCAN,2756,44.0,0.25,10.103057410170843
camCAN,2756,44.0,0.5,10.399596040015016
camCAN,2756,44.0,0.75,10.632835754792918
camCAN,2756,44.0,1.0,10.650824617668222
camCAN,2756,44.0,1.25,10.649050422154694
camCAN,2756,44.0,1.5,10.334057045057353
camCAN,2757,44.0,0.25,7.455379855548059
camCAN,2757,44.0,0.5,7.500435358356121
camCAN,2757,44.0,0.75,7.581911550114072
camCAN,2757,44.0,1.0,7.691566785093617
camCAN,2757,44.0,1.25,7.805042416204399
camCAN,2757,44.0,1.5,7.8982419091057094
camCAN,2758,40.0,0.25,11.48627176684751
camCAN,2758,40.0,0.5,11.259575868712613
camCAN,2758,40.0,0.75,9.684981032972363
camCAN,2758,40.0,1.0,8.653690593096657
camCAN,2758,40.0,1.25,7.874337558202421
camCAN,2758,40.0,1.5,7.487430746130323
camCAN,2759,48.0,0.25,10.458937972603907
camCAN,2759,48.0,0.5,10.119380271364626
camCAN,2759,48.0,0.75,10.029483540668382
camCAN,2759,48.0,1.0,9.739336892723234
camCAN,2759,48.0,1.25,9.116178680602502
camCAN,2759,48.0,1.5,9.038268285696942
camCAN,2760,48.0,0.25,9.747019212819417
camCAN,2760,48.0,0.5,9.46499366384192
camCAN,2760,48.0,0.75,9.466535176445348
camCAN,2760,48.0,1.0,9.383023987782922
camCAN,2760,48.0,1.25,9.103749942563644
camCAN,2760,48.0,1.5,8.862386954296579
camCAN,2761,40.0,0.25,11.494468381498537
camCAN,2761,40.0,0.5,11.335311169858167
camCAN,2761,40.0,0.75,11.66208068981569
camCAN,2761,40.0,1.0,11.719626406271367
camCAN,2761,40.0,1.25,11.781767945721274
camCAN,2761,40.0,1.5,11.894021364367841
camCAN,2762,48.0,0.25,12.015868819629388
camCAN,2762,48.0,0.5,10.87185734148683
camCAN,2762,48.0,0.75,9.363426731640654
camCAN,2762,48.0,1.0,8.775708169520918
camCAN,2762,48.0,1.25,8.545499757773742
camCAN,2762,48.0,1.5,8.446958652703698
camCAN,2763,43.0,0.25,9.459960715201813
camCAN,2763,43.0,0.5,10.704123284790013
camCAN,2763,43.0,0.75,10.43704351769118
camCAN,2763,43.0,1.0,9.52508763123424
camCAN,2763,43.0,1.25,9.204018928094792
camCAN,2763,43.0,1.5,8.974938468761154
camCAN,2764,43.0,0.25,10.901919167364259
camCAN,2764,43.0,0.5,11.31764748821699
camCAN,2764,43.0,0.75,11.023972490570221
camCAN,2764,43.0,1.0,10.649345783611631
camCAN,2764,43.0,1.25,10.370351688121048
camCAN,2764,43.0,1.5,10.169235836642919
camCAN,2765,40.0,0.25,11.029771887277576
camCAN,2765,40.0,0.5,10.044456383194355
camCAN,2765,40.0,0.75,8.93210861679198
camCAN,2765,40.0,1.0,8.677046301323454
camCAN,2765,40.0,1.25,8.52636581680063
camCAN,2765,40.0,1.5,8.54966525986938
camCAN,2766,46.0,0.25,10.77906263163599
camCAN,2766,46.0,0.5,10.401780255751488
camCAN,2766,46.0,0.75,9.866454423460942
camCAN,2766,46.0,1.0,9.708541891996475
camCAN,2766,46.0,1.25,9.40445769870854
camCAN,2766,46.0,1.5,9.01901468724481
camCAN,2767,48.0,0.25,11.800640829186797
camCAN,2767,48.0,0.5,11.326816147289211
camCAN,2767,48.0,0.75,11.166587187386808
camCAN,2767,48.0,1.0,10.999281099277368
camCAN,2767,48.0,1.25,11.347941707489042
camCAN,2767,48.0,1.5,11.417553794642505
camCAN,2768,44.0,0.25,11.678914218835146
camCAN,2768,44.0,0.5,10.661577754916207
camCAN,2768,44.0,0.75,9.39977322382278
camCAN,2768,44.0,1.0,8.692586069246389
camCAN,2768,44.0,1.25,7.932179516388261
camCAN,2768,44.0,1.5,7.915466999771183
camCAN,2769,40.0,0.25,11.543357718510801
camCAN,2769,40.0,0.5,10.379009202025184
camCAN,2769,40.0,0.75,9.665996196432705
camCAN,2769,40.0,1.0,9.154863494074958
camCAN,2769,40.0,1.25,8.781827147167773
camCAN,2769,40.0,1.5,8.63096150800374
camCAN,2770,40.0,0.25,9.540735118393679
camCAN,2770,40.0,0.5,9.622707702923742
camCAN,2770,40.0,0.75,9.127927323970589
camCAN,2770,40.0,1.0,8.55960616275482
camCAN,2770,40.0,1.25,7.9387536555992835
camCAN,2770,40.0,1.5,7.720797912553545
camCAN,2771,46.0,0.25,10.87070288038808
camCAN,2771,46.0,0.5,11.18684404643578
camCAN,2771,46.0,0.75,9.616894928127818
camCAN,2771,46.0,1.0,8.520765723263807
camCAN,2771,46.0,1.25,7.932612608841865
camCAN,2771,46.0,1.5,7.644793106470439
camCAN,2772,45.0,0.25,11.75829802006179
camCAN,2772,45.0,0.5,10.542894077661618
camCAN,2772,45.0,0.75,10.30730719757876
camCAN,2772,45.0,1.0,9.980129187373587
camCAN,2772,45.0,1.25,9.883099157246749
camCAN,2772,45.0,1.5,10.000056548186937
camCAN,2773,39.0,0.25,11.576354980054568
camCAN,2773,39.0,0.5,11.365480189933495
camCAN,2773,39.0,0.75,10.67060966098332
camCAN,2773,39.0,1.0,10.163749398400372
camCAN,2773,39.0,1.25,9.874370938077393
camCAN,2773,39.0,1.5,9.647051582939643
camCAN,2774,46.0,0.25,11.932033462594418
camCAN,2774,46.0,0.5,12.115074451827367
camCAN,2774,46.0,0.75,11.219632025530105
camCAN,2774,46.0,1.0,10.400714674352233
camCAN,2774,46.0,1.25,9.987828245319577
camCAN,2774,46.0,1.5,9.641395320424477
camCAN,2775,45.0,0.25,10.261646358971305
camCAN,2775,45.0,0.5,10.339270949642003
camCAN,2775,45.0,0.75,10.352830325674615
camCAN,2775,45.0,1.0,10.69978880974364
camCAN,2775,45.0,1.25,10.925512390604698
camCAN,2775,45.0,1.5,10.892561757752329
camCAN,2776,42.0,0.25,8.756723058342226
camCAN,2776,42.0,0.5,10.11788344837254
camCAN,2776,42.0,0.75,10.93208771736429
camCAN,2776,42.0,1.0,11.141638328340056
camCAN,2776,42.0,1.25,11.119886127675755
camCAN,2776,42.0,1.5,10.851600016460274
camCAN,2777,44.0,0.25,11.544996063705824
camCAN,2777,44.0,0.5,11.518572291995667
camCAN,2777,44.0,0.75,11.075230926988576
camCAN,2777,44.0,1.0,10.739244011466996
camCAN,2777,44.0,1.25,10.76588329249814
camCAN,2777,44.0,1.5,10.666511804792698
camCAN,2778,41.0,0.25,11.87332008973773
camCAN,2778,41.0,0.5,11.626248927047387
camCAN,2778,41.0,0.75,9.892353652139677
camCAN,2778,41.0,1.0,9.390472047225687
camCAN,2778,41.0,1.25,9.406733388706177
camCAN,2778,41.0,1.5,9.243518008007495
camCAN,2779,41.0,0.25,11.474997058846078
camCAN,2779,41.0,0.5,11.015076512665797
camCAN,2779,41.0,0.75,10.586971909460882
camCAN,2779,41.0,1.0,9.717436148213709
camCAN,2779,41.0,1.25,9.419004693187647
camCAN,2779,41.0,1.5,9.424432712440023
camCAN,2780,42.0,0.25,9.65228317524153
camCAN,2780,42.0,0.5,9.109295419079963
camCAN,2780,42.0,0.75,8.901226879685133
camCAN,2780,42.0,1.0,8.757143423458988
camCAN,2780,42.0,1.25,8.513132527509983
camCAN,2780,42.0,1.5,8.265171396087528
camCAN,2781,44.0,0.25,10.434348297797953
camCAN,2781,44.0,0.5,10.875278835447261
camCAN,2781,44.0,0.75,11.099282581564628
camCAN,2781,44.0,1.0,10.523903325977802
camCAN,2781,44.0,1.25,9.461902618010845
camCAN,2781,44.0,1.5,9.073212409806109
camCAN,2782,47.0,0.25,10.920187890709242
camCAN,2782,47.0,0.5,10.77635826041426
camCAN,2782,47.0,0.75,10.87394259637748
camCAN,2782,47.0,1.0,11.202086799874236
camCAN,2782,47.0,1.25,11.486982147165978
camCAN,2782,47.0,1.5,11.485954088217433
camCAN,2783,44.0,0.25,11.358882199585052
camCAN,2783,44.0,0.5,10.07353485869897
camCAN,2783,44.0,0.75,8.686759331753295
camCAN,2783,44.0,1.0,8.278396760142646
camCAN,2783,44.0,1.25,7.901056367779169
camCAN,2783,44.0,1.5,7.68488903757554
camCAN,2784,47.0,0.25,11.6182659668405
camCAN,2784,47.0,0.5,10.352788812997126
camCAN,2784,47.0,0.75,9.009020804501942
camCAN,2784,47.0,1.0,8.975563982296714
camCAN,2784,47.0,1.25,8.72180512404562
camCAN,2784,47.0,1.5,8.495499126254256
camCAN,2785,48.0,0.25,9.11601442276799
camCAN,2785,48.0,0.5,9.137702890914934
camCAN,2785,48.0,0.75,9.286100505278693
camCAN,2785,48.0,1.0,9.382336888065423
camCAN,2785,48.0,1.25,9.275070441225214
camCAN,2785,48.0,1.5,9.312725312917744
camCAN,2786,47.0,0.25,10.917458886744566
camCAN,2786,47.0,0.5,10.974528209677837
camCAN,2786,47.0,0.75,10.227429043114165
camCAN,2786,47.0,1.0,9.712005034374064
camCAN,2786,47.0,1.25,9.27553254196915
camCAN,2786,47.0,1.5,8.911522639443106
camCAN,2787,47.0,0.25,10.100606916778943
camCAN,2787,47.0,0.5,10.161930710990678
camCAN,2787,47.0,0.75,9.857291092044079
camCAN,2787,47.0,1.0,9.326428923484174
camCAN,2787,47.0,1.25,8.901905909911067
camCAN,2787,47.0,1.5,8.590867056770607
camCAN,2788,43.0,0.25,9.305203008912324
camCAN,2788,43.0,0.5,9.450919178522026
camCAN,2788,43.0,0.75,9.520015727859949
camCAN,2788,43.0,1.0,9.329777281148171
camCAN,2788,43.0,1.25,8.867304361128694
camCAN,2788,43.0,1.5,8.647191005882583
camCAN,2789,40.0,0.25,11.159460536617896
camCAN,2789,40.0,0.5,11.13154298921084
camCAN,2789,40.0,0.75,9.93798614448791
camCAN,2789,40.0,1.0,9.13869004932021
camCAN,2789,40.0,1.25,8.667814714074233
camCAN,2789,40.0,1.5,8.13290250611587
camCAN,2790,40.0,0.25,10.703717771748451
camCAN,2790,40.0,0.5,9.85531405830246
camCAN,2790,40.0,0.75,9.671967637123968
camCAN,2790,40.0,1.0,9.348890094173987
camCAN,2790,40.0,1.25,9.165198406093955
camCAN,2790,40.0,1.5,9.24941681511526
camCAN,2791,40.0,0.25,10.6388714113273
camCAN,2791,40.0,0.5,10.273730303458212
camCAN,2791,40.0,0.75,10.637276983766895
camCAN,2791,40.0,1.0,10.536947557899648
camCAN,2791,40.0,1.25,10.527914552615439
camCAN,2791,40.0,1.5,10.499745676577865
camCAN,2792,42.0,0.25,9.612333836997799
camCAN,2792,42.0,0.5,10.708215570524098
camCAN,2792,42.0,0.75,11.130312942005938
camCAN,2792,42.0,1.0,10.70735960311813
camCAN,2792,42.0,1.25,10.799230534894106
camCAN,2792,42.0,1.5,10.618510172829463
camCAN,2793,44.0,0.25,9.986907766583279
camCAN,2793,44.0,0.5,10.100223121643586
camCAN,2793,44.0,0.75,10.224279739442125
camCAN,2793,44.0,1.0,10.38442488086806
camCAN,2793,44.0,1.25,10.78850606599114
camCAN,2793,44.0,1.5,11.055384300865207
camCAN,2794,41.0,0.25,9.844689097611553
camCAN,2794,41.0,0.5,9.267017373084666
camCAN,2794,41.0,0.75,9.50984327481622
camCAN,2794,41.0,1.0,9.242973848654344
camCAN,2794,41.0,1.25,8.883662792524214
camCAN,2794,41.0,1.5,8.664912029765143
camCAN,2795,45.0,0.25,10.722217694723607
camCAN,2795,45.0,0.5,10.617540875355838
camCAN,2795,45.0,0.75,10.383459176637398
camCAN,2795,45.0,1.0,10.481039026841335
camCAN,2795,45.0,1.25,10.253040701687594
camCAN,2795,45.0,1.5,10.05321386364096
camCAN,2796,41.0,0.25,11.030937575387783
camCAN,2796,41.0,0.5,10.976301724237505
camCAN,2796,41.0,0.75,10.883610157969471
camCAN,2796,41.0,1.0,11.074602215841425
camCAN,2796,41.0,1.25,10.60642893438402
camCAN,2796,41.0,1.5,10.342517527568086
camCAN,2797,48.0,0.25,10.24022946784089
camCAN,2797,48.0,0.5,10.149790149564533
camCAN,2797,48.0,0.75,9.926648463730315
camCAN,2797,48.0,1.0,10.07295384891664
camCAN,2797,48.0,1.25,10.127744165810284
camCAN,2797,48.0,1.5,10.33552450680347
camCAN,2798,40.0,0.25,10.375155494093539
camCAN,2798,40.0,0.5,11.239498153974312
camCAN,2798,40.0,0.75,11.28448999129992
camCAN,2798,40.0,1.0,10.886477899697324
camCAN,2798,40.0,1.25,10.626103163375685
camCAN,2798,40.0,1.5,10.320634161518493
camCAN,2799,41.0,0.25,11.601037264543812
camCAN,2799,41.0,0.5,10.810743683709246
camCAN,2799,41.0,0.75,9.51216036527423
camCAN,2799,41.0,1.0,9.19397522347256
camCAN,2799,41.0,1.25,8.924411467999054
camCAN,2799,41.0,1.5,8.805990678318041
camCAN,2800,46.0,0.25,11.495714189013343
camCAN,2800,46.0,0.5,11.331700513736621
camCAN,2800,46.0,0.75,10.976901759808586
camCAN,2800,46.0,1.0,10.614343001302908
camCAN,2800,46.0,1.25,10.489593288946633
camCAN,2800,46.0,1.5,10.29486162973637
camCAN,2801,45.0,0.25,8.881655972636375
camCAN,2801,45.0,0.5,8.967410886988958
camCAN,2801,45.0,0.75,9.324961938417141
camCAN,2801,45.0,1.0,9.792826392871056
camCAN,2801,45.0,1.25,9.959618741775902
camCAN,2801,45.0,1.5,10.366738022408537
camCAN,2802,46.0,0.25,11.05247990079367
camCAN,2802,46.0,0.5,8.716825287911915
camCAN,2802,46.0,0.75,7.704422124354924
camCAN,2802,46.0,1.0,7.172996630030672
camCAN,2802,46.0,1.25,6.818568637934426
camCAN,2802,46.0,1.5,6.7406421979384925
camCAN,2803,46.0,0.25,11.779636766253839
camCAN,2803,46.0,0.5,11.786081580531558
camCAN,2803,46.0,0.75,11.548122867467649
camCAN,2803,46.0,1.0,10.499908339267973
camCAN,2803,46.0,1.25,10.899488425040227
camCAN,2803,46.0,1.5,10.391134060599835
camCAN,2804,43.0,0.25,11.653170537487174
camCAN,2804,43.0,0.5,11.170906076185927
camCAN,2804,43.0,0.75,10.183367587124273
camCAN,2804,43.0,1.0,9.572810837782345
camCAN,2804,43.0,1.25,9.06539391416195
camCAN,2804,43.0,1.5,8.650332829653493
camCAN,2805,49.0,0.25,11.277121912128461
camCAN,2805,49.0,0.5,9.954881121664194
camCAN,2805,49.0,0.75,8.91998971706203
camCAN,2805,49.0,1.0,8.314396959690113
camCAN,2805,49.0,1.25,7.959660397059967
camCAN,2805,49.0,1.5,7.772992857480845
camCAN,2806,45.0,0.25,11.151028280270948
camCAN,2806,45.0,0.5,11.18860886946882
camCAN,2806,45.0,0.75,11.003816854144574
camCAN,2806,45.0,1.0,11.09469556078692
camCAN,2806,45.0,1.25,11.050461423617055
camCAN,2806,45.0,1.5,10.829182508034972
camCAN,2807,43.0,0.25,10.310482216583656
camCAN,2807,43.0,0.5,10.945470045780082
camCAN,2807,43.0,0.75,11.307965859516942
camCAN,2807,43.0,1.0,10.990297792262844
camCAN,2807,43.0,1.25,10.53937676095602
camCAN,2807,43.0,1.5,10.176645303417997
camCAN,2808,39.0,0.25,11.841736049572296
camCAN,2808,39.0,0.5,9.357958842313504
camCAN,2808,39.0,0.75,8.266833800466497
camCAN,2808,39.0,1.0,7.6210910720195555
camCAN,2808,39.0,1.25,7.30094848157199
camCAN,2808,39.0,1.5,6.6525404985669185
camCAN,2809,40.0,0.25,11.60151676095065
camCAN,2809,40.0,0.5,10.814986708634592
camCAN,2809,40.0,0.75,9.293539263946391
camCAN,2809,40.0,1.0,8.518874667544791
camCAN,2809,40.0,1.25,8.044018116109552
camCAN,2809,40.0,1.5,7.682680106677268
camCAN,2810,45.0,0.25,11.14064208753289
camCAN,2810,45.0,0.5,10.766673362520493
camCAN,2810,45.0,0.75,9.238477195621744
camCAN,2810,45.0,1.0,8.659783708788343
camCAN,2810,45.0,1.25,8.372753672823901
camCAN,2810,45.0,1.5,8.160901486015844
camCAN,2811,45.0,0.25,11.546136307227794
camCAN,2811,45.0,0.5,10.650282467904384
camCAN,2811,45.0,0.75,10.243649554065193
camCAN,2811,45.0,1.0,9.644892172071573
camCAN,2811,45.0,1.25,9.081388486439817
camCAN,2811,45.0,1.5,8.888365389454133
camCAN,2812,44.0,0.25,9.945068911144617
camCAN,2812,44.0,0.5,9.40214604946361
camCAN,2812,44.0,0.75,9.687446312370067
camCAN,2812,44.0,1.0,9.386122543748186
camCAN,2812,44.0,1.25,9.167877574415776
camCAN,2812,44.0,1.5,9.01625488111586
camCAN,2813,43.0,0.25,9.671102132480243
camCAN,2813,43.0,0.5,9.128260295421569
camCAN,2813,43.0,0.75,8.591485870049677
camCAN,2813,43.0,1.0,7.972303556062098
camCAN,2813,43.0,1.25,7.466779483889481
camCAN,2813,43.0,1.5,7.639259033498096
camCAN,2814,45.0,0.25,11.866831413624398
camCAN,2814,45.0,0.5,11.888332593543424
camCAN,2814,45.0,0.75,11.69926956005798
camCAN,2814,45.0,1.0,11.269980271076856
camCAN,2814,45.0,1.25,10.771429762474058
camCAN,2814,45.0,1.5,10.265062232750502
camCAN,2815,49.0,0.25,11.689248110019562
camCAN,2815,49.0,0.5,12.091989847299626
camCAN,2815,49.0,0.75,11.13790306058219
camCAN,2815,49.0,1.0,9.98491757870967
camCAN,2815,49.0,1.25,9.389703412173393
camCAN,2815,49.0,1.5,9.241803348392109
camCAN,2816,43.0,0.25,11.097356029541213
camCAN,2816,43.0,0.5,10.144866985696458
camCAN,2816,43.0,0.75,8.90809949317256
camCAN,2816,43.0,1.0,8.13691438716328
camCAN,2816,43.0,1.25,7.642128992730898
camCAN,2816,43.0,1.5,7.659764815052488
camCAN,2817,48.0,0.25,9.688627798075506
camCAN,2817,48.0,0.5,9.686157898551087
camCAN,2817,48.0,0.75,9.667073118996537
camCAN,2817,48.0,1.0,9.755040852872323
camCAN,2817,48.0,1.25,9.861795855778452
camCAN,2817,48.0,1.5,10.213803862755622
camCAN,2818,52.0,0.25,11.77448432489357
camCAN,2818,52.0,0.5,11.846746666350363
camCAN,2818,52.0,0.75,10.425656926283537
camCAN,2818,52.0,1.0,9.50334162013307
camCAN,2818,52.0,1.25,9.358352609670211
camCAN,2818,52.0,1.5,9.055779276954683
camCAN,2819,56.0,0.25,11.629453342870871
camCAN,2819,56.0,0.5,11.701375241637185
camCAN,2819,56.0,0.75,11.331659413039286
camCAN,2819,56.0,1.0,11.865543864994718
camCAN,2819,56.0,1.25,11.435378588288557
camCAN,2819,56.0,1.5,11.188438019873658
camCAN,2820,56.0,0.25,11.817787609703274
camCAN,2820,56.0,0.5,11.959227350055496
camCAN,2820,56.0,0.75,11.669008393791016
camCAN,2820,56.0,1.0,11.363004773784972
camCAN,2820,56.0,1.25,11.299630167244132
camCAN,2820,56.0,1.5,10.922020088843754
camCAN,2821,57.0,0.25,8.90836810983583
camCAN,2821,57.0,0.5,8.911333994366426
camCAN,2821,57.0,0.75,8.92879336102761
camCAN,2821,57.0,1.0,8.665049907597163
camCAN,2821,57.0,1.25,8.595935186096897
camCAN,2821,57.0,1.5,8.599234081554568
camCAN,2822,57.0,0.25,11.15472007515577
camCAN,2822,57.0,0.5,10.99042153706163
camCAN,2822,57.0,0.75,11.281546775244681
camCAN,2822,57.0,1.0,10.353813733674846
camCAN,2822,57.0,1.25,9.451425391368584
camCAN,2822,57.0,1.5,9.006401917424867
camCAN,2823,54.0,0.25,12.012501514923624
camCAN,2823,54.0,0.5,11.905042370707278
camCAN,2823,54.0,0.75,10.619795929934648
camCAN,2823,54.0,1.0,9.878753729299161
camCAN,2823,54.0,1.25,9.507589608625894
camCAN,2823,54.0,1.5,9.239694900475326
camCAN,2824,50.0,0.25,9.242248268503763
camCAN,2824,50.0,0.5,9.881887537150059
camCAN,2824,50.0,0.75,10.626148685648971
camCAN,2824,50.0,1.0,11.168119731833386
camCAN,2824,50.0,1.25,11.43295626550628
camCAN,2824,50.0,1.5,11.48393194224731
camCAN,2825,57.0,0.25,11.658706273306423
camCAN,2825,57.0,0.5,11.486311620773721
camCAN,2825,57.0,0.75,11.351790334256163
camCAN,2825,57.0,1.0,11.20242190416201
camCAN,2825,57.0,1.25,11.051479424862578
camCAN,2825,57.0,1.5,10.927676358154146
camCAN,2826,56.0,0.25,11.879038279605561
camCAN,2826,56.0,0.5,11.02845494754116
camCAN,2826,56.0,0.75,10.316135948521032
camCAN,2826,56.0,1.0,9.817781424129315
camCAN,2826,56.0,1.25,9.30866548346727
camCAN,2826,56.0,1.5,8.956510694246331
camCAN,2827,58.0,0.25,10.848722514006203
camCAN,2827,58.0,0.5,10.601061284145022
camCAN,2827,58.0,0.75,10.513293299603284
camCAN,2827,58.0,1.0,9.759405737018229
camCAN,2827,58.0,1.25,9.033405391371277
camCAN,2827,58.0,1.5,8.739903436760107
camCAN,2828,53.0,0.25,11.776795763741498
camCAN,2828,53.0,0.5,11.968759785456289
camCAN,2828,53.0,0.75,11.351353447455574
camCAN,2828,53.0,1.0,10.188213477408532
camCAN,2828,53.0,1.25,9.014970958915999
camCAN,2828,53.0,1.5,8.536109617619621
camCAN,2829,58.0,0.25,11.665927103081824
camCAN,2829,58.0,0.5,11.566057784963673
camCAN,2829,58.0,0.75,11.362867259161185
camCAN,2829,58.0,1.0,11.350219715459108
camCAN,2829,58.0,1.25,11.006422460109901
camCAN,2829,58.0,1.5,11.128575396536752
camCAN,2830,50.0,0.25,11.730551867649394
camCAN,2830,50.0,0.5,11.050968958450238
camCAN,2830,50.0,0.75,9.830881791640946
camCAN,2830,50.0,1.0,9.391137372632837
camCAN,2830,50.0,1.25,9.171180227516535
camCAN,2830,50.0,1.5,9.024559180704294
camCAN,2831,56.0,0.25,11.5317598728946
camCAN,2831,56.0,0.5,11.504697597633257
camCAN,2831,56.0,0.75,10.617255701677509
camCAN,2831,56.0,1.0,9.816449681339087
camCAN,2831,56.0,1.25,9.279701295745273
camCAN,2831,56.0,1.5,8.950113520675037
camCAN,2832,57.0,0.25,11.283368448862916
camCAN,2832,57.0,0.5,11.018589084755975
camCAN,2832,57.0,0.75,10.075846116268064
camCAN,2832,57.0,1.0,10.221752494761162
camCAN,2832,57.0,1.25,10.117885908586793
camCAN,2832,57.0,1.5,10.003689737603427
camCAN,2833,56.0,0.25,10.841207557102928
camCAN,2833,56.0,0.5,10.261457275864865
camCAN,2833,56.0,0.75,9.247161231341293
camCAN,2833,56.0,1.0,8.918371739032512
camCAN,2833,56.0,1.25,8.67484436622916
camCAN,2833,56.0,1.5,8.352368259593588
camCAN,2834,53.0,0.25,11.644416425974983
camCAN,2834,53.0,0.5,10.249631811074815
camCAN,2834,53.0,0.75,9.925296025976232
camCAN,2834,53.0,1.0,9.647070869142944
camCAN,2834,53.0,1.25,9.617075054182083
camCAN,2834,53.0,1.5,9.552841757311555
camCAN,2835,52.0,0.25,10.655981566536218
camCAN,2835,52.0,0.5,10.834635069489176
camCAN,2835,52.0,0.75,9.711410676531004
camCAN,2835,52.0,1.0,8.864163528147918
camCAN,2835,52.0,1.25,8.151296742671619
camCAN,2835,52.0,1.5,7.855662947886218
camCAN,2836,55.0,0.25,11.349325321593138
camCAN,2836,55.0,0.5,11.560535391496801
camCAN,2836,55.0,0.75,11.385307734141193
camCAN,2836,55.0,1.0,10.442105546102475
camCAN,2836,55.0,1.25,9.883684294591443
camCAN,2836,55.0,1.5,9.695390736929992
camCAN,2837,57.0,0.25,10.799655626021027
camCAN,2837,57.0,0.5,11.37745634666379
camCAN,2837,57.0,0.75,10.928444073422959
camCAN,2837,57.0,1.0,10.004943984610952
camCAN,2837,57.0,1.25,9.235007940156532
camCAN,2837,57.0,1.5,8.35411372154722
camCAN,2838,57.0,0.25,10.529293026255722
camCAN,2838,57.0,0.5,11.027656330551045
camCAN,2838,57.0,0.75,9.920292679673805
camCAN,2838,57.0,1.0,9.046236318837487
camCAN,2838,57.0,1.25,8.714973532763786
camCAN,2838,57.0,1.5,8.31518840162075
camCAN,2839,55.0,0.25,10.211189028257097
camCAN,2839,55.0,0.5,10.26526627904417
camCAN,2839,55.0,0.75,10.306133343199278
camCAN,2839,55.0,1.0,10.321401779637217
camCAN,2839,55.0,1.25,10.319418132792942
camCAN,2839,55.0,1.5,10.671090608012458
camCAN,2840,54.0,0.25,11.432718570242962
camCAN,2840,54.0,0.5,11.375506100514102
camCAN,2840,54.0,0.75,9.84084232270075
camCAN,2840,54.0,1.0,9.178527319638453
camCAN,2840,54.0,1.25,8.748041215852753
camCAN,2840,54.0,1.5,8.403412950931589
camCAN,2841,50.0,0.25,11.76582284721073
camCAN,2841,50.0,0.5,11.570744394792174
camCAN,2841,50.0,0.75,11.046346640460678
camCAN,2841,50.0,1.0,10.420948641983978
camCAN,2841,50.0,1.25,9.770605008080308
camCAN,2841,50.0,1.5,9.781365343066915
camCAN,2842,59.0,0.25,11.307291869282304
camCAN,2842,59.0,0.5,11.233866018043598
camCAN,2842,59.0,0.75,11.204358274728746
camCAN,2842,59.0,1.0,11.127835715514728
camCAN,2842,59.0,1.25,11.044211989377823
camCAN,2842,59.0,1.5,11.304254481642708
camCAN,2843,58.0,0.25,9.629866878683538
camCAN,2843,58.0,0.5,9.763563285908038
camCAN,2843,58.0,0.75,9.623446126713809
camCAN,2843,58.0,1.0,9.356201089883774
camCAN,2843,58.0,1.25,9.238355386390834
camCAN,2843,58.0,1.5,9.090446117279978
camCAN,2844,58.0,0.25,10.110347566374537
camCAN,2844,58.0,0.5,10.763189881058704
camCAN,2844,58.0,0.75,9.238317409505527
camCAN,2844,58.0,1.0,8.633541261069505
camCAN,2844,58.0,1.25,8.181223893540325
camCAN,2844,58.0,1.5,7.6254872477353155
camCAN,2845,51.0,0.25,12.133727599184464
camCAN,2845,51.0,0.5,11.624451183856719
camCAN,2845,51.0,0.75,9.679569049274379
camCAN,2845,51.0,1.0,8.457053762857388
camCAN,2845,51.0,1.25,7.798495148613322
camCAN,2845,51.0,1.5,7.653483415921785
camCAN,2846,54.0,0.25,11.755868569483695
camCAN,2846,54.0,0.5,10.280444713296745
camCAN,2846,54.0,0.75,9.424437874711765
camCAN,2846,54.0,1.0,8.946081510224342
camCAN,2846,54.0,1.25,8.712383709915969
camCAN,2846,54.0,1.5,8.589273404267505
camCAN,2847,49.0,0.25,9.37766628176473
camCAN,2847,49.0,0.5,10.07553100008703
camCAN,2847,49.0,0.75,9.697651243966272
camCAN,2847,49.0,1.0,9.029003439065823
camCAN,2847,49.0,1.25,8.565086576016073
camCAN,2847,49.0,1.5,8.029164808270776
camCAN,2848,58.0,0.25,10.599174215540344
camCAN,2848,58.0,0.5,10.710823637691634
camCAN,2848,58.0,0.75,9.937286794717286
camCAN,2848,58.0,1.0,9.075631768918901
camCAN,2848,58.0,1.25,8.682619850450866
camCAN,2848,58.0,1.5,8.391354065714236
camCAN,2849,56.0,0.25,10.215947857566576
camCAN,2849,56.0,0.5,11.31265770346422
camCAN,2849,56.0,0.75,11.131895927161564
camCAN,2849,56.0,1.0,10.39822988834612
camCAN,2849,56.0,1.25,10.557718932095767
camCAN,2849,56.0,1.5,10.336635788721084
camCAN,2850,53.0,0.25,11.639975253727421
camCAN,2850,53.0,0.5,11.819367723035247
camCAN,2850,53.0,0.75,10.801512967566826
camCAN,2850,53.0,1.0,9.89982184448286
camCAN,2850,53.0,1.25,9.586024704040684
camCAN,2850,53.0,1.5,9.299355946353622
camCAN,2851,54.0,0.25,10.981311856740206
camCAN,2851,54.0,0.5,10.979304678585201
camCAN,2851,54.0,0.75,9.690515413145219
camCAN,2851,54.0,1.0,9.160678762177003
camCAN,2851,54.0,1.25,8.794710751562604
camCAN,2851,54.0,1.5,8.400021684097391
camCAN,2852,50.0,0.25,12.222621378478138
camCAN,2852,50.0,0.5,11.220427458211143
camCAN,2852,50.0,0.75,9.485956758542008
camCAN,2852,50.0,1.0,9.088667415641128
camCAN,2852,50.0,1.25,8.823326305177176
camCAN,2852,50.0,1.5,8.66071018339636
camCAN,2853,51.0,0.25,11.055402836053876
camCAN,2853,51.0,0.5,11.157133185868654
camCAN,2853,51.0,0.75,11.142133671616232
camCAN,2853,51.0,1.0,10.95879063872531
camCAN,2853,51.0,1.25,10.66314723784256
camCAN,2853,51.0,1.5,10.171690275761955
camCAN,2854,57.0,0.25,11.434565901357919
camCAN,2854,57.0,0.5,11.114801852908917
camCAN,2854,57.0,0.75,10.035835286839616
camCAN,2854,57.0,1.0,9.174964951768391
camCAN,2854,57.0,1.25,8.71054483028732
camCAN,2854,57.0,1.5,8.506374099423683
camCAN,2855,53.0,0.25,11.713893975224327
camCAN,2855,53.0,0.5,11.616045699564701
camCAN,2855,53.0,0.75,11.398176276028192
camCAN,2855,53.0,1.0,11.422056437286608
camCAN,2855,53.0,1.25,11.090886890501942
camCAN,2855,53.0,1.5,10.762101404855274
camCAN,2856,53.0,0.25,8.603442217992379
camCAN,2856,53.0,0.5,8.586130818647502
camCAN,2856,53.0,0.75,8.915991924685759
camCAN,2856,53.0,1.0,8.971627079961264
camCAN,2856,53.0,1.25,8.941283068508374
camCAN,2856,53.0,1.5,9.011707344134132
camCAN,2857,49.0,0.25,11.241260578983953
camCAN,2857,49.0,0.5,10.720362768761767
camCAN,2857,49.0,0.75,10.165253621092328
camCAN,2857,49.0,1.0,9.696705487549808
camCAN,2857,49.0,1.25,9.578777051575383
camCAN,2857,49.0,1.5,9.793962180553542
camCAN,2858,53.0,0.25,10.892416762644025
camCAN,2858,53.0,0.5,11.141458082014353
camCAN,2858,53.0,0.75,11.137964592310942
camCAN,2858,53.0,1.0,10.696069421653938
camCAN,2858,53.0,1.25,11.100095534488947
camCAN,2858,53.0,1.5,11.188978770859086
camCAN,2859,56.0,0.25,11.19593296700908
camCAN,2859,56.0,0.5,11.256784465486088
camCAN,2859,56.0,0.75,11.39749275270709
camCAN,2859,56.0,1.0,11.549762669409748
camCAN,2859,56.0,1.25,11.485614178741399
camCAN,2859,56.0,1.5,11.416902288749503
camCAN,2860,56.0,0.25,11.183940704918179
camCAN,2860,56.0,0.5,11.243787455177943
camCAN,2860,56.0,0.75,10.66458229783095
camCAN,2860,56.0,1.0,10.076331368641569
camCAN,2860,56.0,1.25,9.439809223674358
camCAN,2860,56.0,1.5,9.068410937989091
camCAN,2861,56.0,0.25,9.435981891342236
camCAN,2861,56.0,0.5,9.20693888402485
camCAN,2861,56.0,0.75,9.700196287062097
camCAN,2861,56.0,1.0,9.451467850519856
camCAN,2861,56.0,1.25,9.112912819189498
camCAN,2861,56.0,1.5,8.832343826732844
camCAN,2862,54.0,0.25,11.24218317356749
camCAN,2862,54.0,0.5,11.195180060523931
camCAN,2862,54.0,0.75,11.022766601530705
camCAN,2862,54.0,1.0,11.67161336626601
camCAN,2862,54.0,1.25,11.63870886514434
camCAN,2862,54.0,1.5,11.60294675057735
camCAN,2863,56.0,0.25,10.694940043009591
camCAN,2863,56.0,0.5,9.983225479369947
camCAN,2863,56.0,0.75,9.447922386504295
camCAN,2863,56.0,1.0,9.127889150772031
camCAN,2863,56.0,1.25,9.072076873400476
camCAN,2863,56.0,1.5,8.96997288766852
camCAN,2864,52.0,0.25,11.504299816679758
camCAN,2864,52.0,0.5,10.690987238198996
camCAN,2864,52.0,0.75,9.463833066091988
camCAN,2864,52.0,1.0,8.779561540497461
camCAN,2864,52.0,1.25,8.498504059994934
camCAN,2864,52.0,1.5,7.994972211158637
camCAN,2865,58.0,0.25,12.098050100267688
camCAN,2865,58.0,0.5,11.874349480039427
camCAN,2865,58.0,0.75,11.392785675391062
camCAN,2865,58.0,1.0,10.682889300877681
camCAN,2865,58.0,1.25,10.002352567573347
camCAN,2865,58.0,1.5,9.756966183337859
camCAN,2866,52.0,0.25,11.53592809504511
camCAN,2866,52.0,0.5,11.51928038056851
camCAN,2866,52.0,0.75,11.54483383933015
camCAN,2866,52.0,1.0,11.802409595483107
camCAN,2866,52.0,1.25,11.525456667932625
camCAN,2866,52.0,1.5,11.732619695447383
camCAN,2867,50.0,0.25,11.159987629641698
camCAN,2867,50.0,0.5,11.440822841314693
camCAN,2867,50.0,0.75,11.153755248450986
camCAN,2867,50.0,1.0,10.241372553191079
camCAN,2867,50.0,1.25,9.532801371383615
camCAN,2867,50.0,1.5,8.926600502228938
camCAN,2868,57.0,0.25,10.329462237436745
camCAN,2868,57.0,0.5,10.286952194569444
camCAN,2868,57.0,0.75,9.250012488107659
camCAN,2868,57.0,1.0,8.59532088805994
camCAN,2868,57.0,1.25,7.443192517183248
camCAN,2868,57.0,1.5,7.142108200183019
camCAN,2869,53.0,0.25,10.026008181128702
camCAN,2869,53.0,0.5,10.017735043711117
camCAN,2869,53.0,0.75,9.845227101296196
camCAN,2869,53.0,1.0,9.843528062623136
camCAN,2869,53.0,1.25,9.527963387141304
camCAN,2869,53.0,1.5,9.229281035605608
camCAN,2870,55.0,0.25,10.733648702112083
camCAN,2870,55.0,0.5,11.394870065850567
camCAN,2870,55.0,0.75,11.33595274352929
camCAN,2870,55.0,1.0,11.125001824221563
camCAN,2870,55.0,1.25,9.765847558703998
camCAN,2870,55.0,1.5,9.221036591518933
camCAN,2871,58.0,0.25,11.585383220250222
camCAN,2871,58.0,0.5,11.133245677161844
camCAN,2871,58.0,0.75,10.434452945318167
camCAN,2871,58.0,1.0,9.731177106044514
camCAN,2871,58.0,1.25,9.242325637455652
camCAN,2871,58.0,1.5,8.828600409539359
camCAN,2872,51.0,0.25,9.233504699078223
camCAN,2872,51.0,0.5,9.766406649086955
camCAN,2872,51.0,0.75,10.103257349962625
camCAN,2872,51.0,1.0,10.498735369823612
camCAN,2872,51.0,1.25,10.149864243907142
camCAN,2872,51.0,1.5,11.043314723392202
camCAN,2873,54.0,0.25,10.613073342528676
camCAN,2873,54.0,0.5,10.707765889852142
camCAN,2873,54.0,0.75,10.180864809922582
camCAN,2873,54.0,1.0,10.066808115890526
camCAN,2873,54.0,1.25,9.603406681534238
camCAN,2873,54.0,1.5,9.680757049439874
camCAN,2874,51.0,0.25,11.518153600916197
camCAN,2874,51.0,0.5,11.6633412635069
camCAN,2874,51.0,0.75,11.530635076576566
camCAN,2874,51.0,1.0,11.217611580357108
camCAN,2874,51.0,1.25,11.06688391488643
camCAN,2874,51.0,1.5,10.765725089283336
camCAN,2875,56.0,0.25,11.673040707976604
camCAN,2875,56.0,0.5,11.56935339052248
camCAN,2875,56.0,0.75,11.383198968560269
camCAN,2875,56.0,1.0,10.606940027687553
camCAN,2875,56.0,1.25,10.513726392279763
camCAN,2875,56.0,1.5,10.214134463653991
camCAN,2876,50.0,0.25,9.110855873688664
camCAN,2876,50.0,0.5,8.622745401822979
camCAN,2876,50.0,0.75,8.005594116701008
camCAN,2876,50.0,1.0,7.5713803648807385
camCAN,2876,50.0,1.25,7.0732005616151294
camCAN,2876,50.0,1.5,6.738508652718147
camCAN,2877,53.0,0.25,11.094419743498841
camCAN,2877,53.0,0.5,10.94370515020905
camCAN,2877,53.0,0.75,10.315070686300697
camCAN,2877,53.0,1.0,9.817610284885106
camCAN,2877,53.0,1.25,9.608910789991965
camCAN,2877,53.0,1.5,9.519846271963011
camCAN,2878,55.0,0.25,12.079150902217568
camCAN,2878,55.0,0.5,11.283389790601543
camCAN,2878,55.0,0.75,10.309303570477521
camCAN,2878,55.0,1.0,9.595779199764912
camCAN,2878,55.0,1.25,9.325904528457867
camCAN,2878,55.0,1.5,9.355697583326547
camCAN,2879,53.0,0.25,10.957085506585402
camCAN,2879,53.0,0.5,11.27908458032917
camCAN,2879,53.0,0.75,11.0208129715004
camCAN,2879,53.0,1.0,10.518614147650409
camCAN,2879,53.0,1.25,9.800320017191993
camCAN,2879,53.0,1.5,9.006815785643097
camCAN,2880,56.0,0.25,10.441133452423106
camCAN,2880,56.0,0.5,10.329633948656538
camCAN,2880,56.0,0.75,10.181546745939809
camCAN,2880,56.0,1.0,10.144163021306818
camCAN,2880,56.0,1.25,10.18399157645868
camCAN,2880,56.0,1.5,10.077087913627762
camCAN,2881,52.0,0.25,11.317864637976239
camCAN,2881,52.0,0.5,10.287127332991144
camCAN,2881,52.0,0.75,9.959267825353809
camCAN,2881,52.0,1.0,8.975995714206539
camCAN,2881,52.0,1.25,8.723134810154187
camCAN,2881,52.0,1.5,8.410915521978593
camCAN,2882,51.0,0.25,10.64817311996304
camCAN,2882,51.0,0.5,10.756660722614287
camCAN,2882,51.0,0.75,10.81351833543028
camCAN,2882,51.0,1.0,10.566154748335768
camCAN,2882,51.0,1.25,9.84878730452993
camCAN,2882,51.0,1.5,9.54977104517659
camCAN,2883,55.0,0.25,11.790035440058011
camCAN,2883,55.0,0.5,11.049254350815712
camCAN,2883,55.0,0.75,9.141407673028189
camCAN,2883,55.0,1.0,8.664607122746279
camCAN,2883,55.0,1.25,8.226614400745351
camCAN,2883,55.0,1.5,7.896220279893721
camCAN,2884,57.0,0.25,11.453657796237502
camCAN,2884,57.0,0.5,11.523627856127304
camCAN,2884,57.0,0.75,11.253198641759734
camCAN,2884,57.0,1.0,10.636129568759621
camCAN,2884,57.0,1.25,10.379395966912176
camCAN,2884,57.0,1.5,10.048165832023328
camCAN,2885,49.0,0.25,11.890666461999118
camCAN,2885,49.0,0.5,11.751964558573825
camCAN,2885,49.0,0.75,11.701725370301531
camCAN,2885,49.0,1.0,11.204077288639022
camCAN,2885,49.0,1.25,10.530214525017493
camCAN,2885,49.0,1.5,10.102542409062947
camCAN,2886,53.0,0.25,8.085023222610571
camCAN,2886,53.0,0.5,8.27095436621226
camCAN,2886,53.0,0.75,8.714638501041403
camCAN,2886,53.0,1.0,9.034272535371922
camCAN,2886,53.0,1.25,9.453011505634462
camCAN,2886,53.0,1.5,9.69414724365959
camCAN,2887,57.0,0.25,10.234436213699171
camCAN,2887,57.0,0.5,9.495191757454803
camCAN,2887,57.0,0.75,9.064275229953143
camCAN,2887,57.0,1.0,8.77934704985328
camCAN,2887,57.0,1.25,8.818283038918992
camCAN,2887,57.0,1.5,8.700539588604205
camCAN,2888,55.0,0.25,10.388625031054417
camCAN,2888,55.0,0.5,10.320911576067713
camCAN,2888,55.0,0.75,10.288353765032145
camCAN,2888,55.0,1.0,10.522012381122146
camCAN,2888,55.0,1.25,10.776049403995808
camCAN,2888,55.0,1.5,11.001773877176374
camCAN,2889,49.0,0.25,9.921657096290339
camCAN,2889,49.0,0.5,9.455397889360214
camCAN,2889,49.0,0.75,8.445572758097539
camCAN,2889,49.0,1.0,8.082263168413109
camCAN,2889,49.0,1.25,7.960370781367412
camCAN,2889,49.0,1.5,7.838807339466948
camCAN,2890,52.0,0.25,11.636830251624925
camCAN,2890,52.0,0.5,11.477696905373074
camCAN,2890,52.0,0.75,10.36622882068043
camCAN,2890,52.0,1.0,9.789433712136969
camCAN,2890,52.0,1.25,9.152941255926159
camCAN,2890,52.0,1.5,8.80855760947847
camCAN,2891,54.0,0.25,9.776582033437993
camCAN,2891,54.0,0.5,10.402044816109425
camCAN,2891,54.0,0.75,10.095936992668051
camCAN,2891,54.0,1.0,9.53449763470307
camCAN,2891,54.0,1.25,8.950585681959032
camCAN,2891,54.0,1.5,8.65131000555115
camCAN,2892,49.0,0.25,11.17625054250996
camCAN,2892,49.0,0.5,11.291020591910945
camCAN,2892,49.0,0.75,11.422042327831758
camCAN,2892,49.0,1.0,11.508002687534356
camCAN,2892,49.0,1.25,11.739774805440351
camCAN,2892,49.0,1.5,11.672078476738072
camCAN,2893,53.0,0.25,11.732254306773745
camCAN,2893,53.0,0.5,11.795455779394965
camCAN,2893,53.0,0.75,11.71455647164441
camCAN,2893,53.0,1.0,11.781534552433303
camCAN,2893,53.0,1.25,11.639967854438806
camCAN,2893,53.0,1.5,11.48155649595496
camCAN,2894,52.0,0.25,11.33720705721657
camCAN,2894,52.0,0.5,9.92404631764306
camCAN,2894,52.0,0.75,9.054075030604679
camCAN,2894,52.0,1.0,8.789829096517662
camCAN,2894,52.0,1.25,8.662507527685294
camCAN,2894,52.0,1.5,8.733375498374814
camCAN,2895,54.0,0.25,10.272115525992938
camCAN,2895,54.0,0.5,10.238178216034136
camCAN,2895,54.0,0.75,10.204604938870466
camCAN,2895,54.0,1.0,10.179076333848688
camCAN,2895,54.0,1.25,10.162630077246497
camCAN,2895,54.0,1.5,10.153950068311861
camCAN,2896,56.0,0.25,11.08007928124385
camCAN,2896,56.0,0.5,11.357781269075602
camCAN,2896,56.0,0.75,10.923098103770968
camCAN,2896,56.0,1.0,9.924432408014532
camCAN,2896,56.0,1.25,9.415117461361616
camCAN,2896,56.0,1.5,9.176037375528422
camCAN,2897,56.0,0.25,11.275661223564065
camCAN,2897,56.0,0.5,11.477492131409864
camCAN,2897,56.0,0.75,10.32540521292811
camCAN,2897,56.0,1.0,9.405233096162346
camCAN,2897,56.0,1.25,8.75992397159667
camCAN,2897,56.0,1.5,8.31892675796228
camCAN,2898,52.0,0.25,11.677567581157419
camCAN,2898,52.0,0.5,11.634099511361189
camCAN,2898,52.0,0.75,11.45304058727775
camCAN,2898,52.0,1.0,10.79540755159207
camCAN,2898,52.0,1.25,10.639589593592229
camCAN,2898,52.0,1.5,10.3551802287785
camCAN,2899,55.0,0.25,10.879850657627077
camCAN,2899,55.0,0.5,10.615404438767486
camCAN,2899,55.0,0.75,10.024537408737073
camCAN,2899,55.0,1.0,9.531832308955316
camCAN,2899,55.0,1.25,8.334152022645018
camCAN,2899,55.0,1.5,8.363123145342463
camCAN,2900,49.0,0.25,11.42338233371499
camCAN,2900,49.0,0.5,11.139120540541159
camCAN,2900,49.0,0.75,10.303560841832924
camCAN,2900,49.0,1.0,9.208584039681893
camCAN,2900,49.0,1.25,8.539113804443817
camCAN,2900,49.0,1.5,7.939953680939759
camCAN,2901,53.0,0.25,11.162228008526819
camCAN,2901,53.0,0.5,11.480763074865873
camCAN,2901,53.0,0.75,11.626408297630825
camCAN,2901,53.0,1.0,11.74181766238975
camCAN,2901,53.0,1.25,11.825293196350259
camCAN,2901,53.0,1.5,11.750512959877621
camCAN,2902,51.0,0.25,9.750317110839548
camCAN,2902,51.0,0.5,9.874337056851974
camCAN,2902,51.0,0.75,9.932260550709085
camCAN,2902,51.0,1.0,9.938927494586041
camCAN,2902,51.0,1.25,9.894805278180586
camCAN,2902,51.0,1.5,9.77885498700056
camCAN,2903,50.0,0.25,11.682047072374719
camCAN,2903,50.0,0.5,10.332247702960029
camCAN,2903,50.0,0.75,9.19346757955432
camCAN,2903,50.0,1.0,8.323906749409845
camCAN,2903,50.0,1.25,7.9129785349464
camCAN,2903,50.0,1.5,7.731918757834673
camCAN,2904,56.0,0.25,10.46000906393258
camCAN,2904,56.0,0.5,10.163950345167482
camCAN,2904,56.0,0.75,9.444368176778651
camCAN,2904,56.0,1.0,8.775759135869272
camCAN,2904,56.0,1.25,8.140541090179193
camCAN,2904,56.0,1.5,7.82244676309631
camCAN,2905,50.0,0.25,11.502013657962108
camCAN,2905,50.0,0.5,11.479637266941955
camCAN,2905,50.0,0.75,11.252909160663094
camCAN,2905,50.0,1.0,10.718018767410411
camCAN,2905,50.0,1.25,10.58519724231582
camCAN,2905,50.0,1.5,10.265076464845885
camCAN,2906,51.0,0.25,10.719345279392995
camCAN,2906,51.0,0.5,10.704495809582532
camCAN,2906,51.0,0.75,11.131584042658512
camCAN,2906,51.0,1.0,11.484489222778267
camCAN,2906,51.0,1.25,11.380796754679675
camCAN,2906,51.0,1.5,11.027072708603383
camCAN,2907,59.0,0.25,11.038342581714913
camCAN,2907,59.0,0.5,11.086936859473251
camCAN,2907,59.0,0.75,10.430548069037021
camCAN,2907,59.0,1.0,10.330005380939715
camCAN,2907,59.0,1.25,10.157060201718078
camCAN,2907,59.0,1.5,10.06914710570469
camCAN,2908,61.0,0.25,9.351604162189776
camCAN,2908,61.0,0.5,9.614911829696865
camCAN,2908,61.0,0.75,10.210305768858928
camCAN,2908,61.0,1.0,10.71133889998802
camCAN,2908,61.0,1.25,11.132865054826606
camCAN,2908,61.0,1.5,11.18173978864113
camCAN,2909,59.0,0.25,11.832544895181758
camCAN,2909,59.0,0.5,11.33930110446746
camCAN,2909,59.0,0.75,10.659425117571061
camCAN,2909,59.0,1.0,10.704379206899878
camCAN,2909,59.0,1.25,10.24780893353983
camCAN,2909,59.0,1.5,9.921283963657732
camCAN,2910,59.0,0.25,11.51270296877913
camCAN,2910,59.0,0.5,11.59116586707691
camCAN,2910,59.0,0.75,11.563685224192563
camCAN,2910,59.0,1.0,10.803269728223169
camCAN,2910,59.0,1.25,9.92359582390561
camCAN,2910,59.0,1.5,9.147458993754904
camCAN,2911,62.0,0.25,11.064553022700387
camCAN,2911,62.0,0.5,11.30824147149795
camCAN,2911,62.0,0.75,11.5726711277462
camCAN,2911,62.0,1.0,11.783744850680947
camCAN,2911,62.0,1.25,11.79249803300644
camCAN,2911,62.0,1.5,11.707352516595352
camCAN,2912,66.0,0.25,11.34203227248146
camCAN,2912,66.0,0.5,10.357385990799612
camCAN,2912,66.0,0.75,9.340103673739845
camCAN,2912,66.0,1.0,8.629523816073954
camCAN,2912,66.0,1.25,8.304198187858706
camCAN,2912,66.0,1.5,7.874938226639408
camCAN,2913,62.0,0.25,10.2461577875943
camCAN,2913,62.0,0.5,10.840996310729643
camCAN,2913,62.0,0.75,10.49705754016743
camCAN,2913,62.0,1.0,10.234980791122268
camCAN,2913,62.0,1.25,10.062977331571984
camCAN,2913,62.0,1.5,9.925878088548025
camCAN,2914,58.0,0.25,9.694554590900928
camCAN,2914,58.0,0.5,9.725601614710493
camCAN,2914,58.0,0.75,9.703283492470653
camCAN,2914,58.0,1.0,9.3529475707407
camCAN,2914,58.0,1.25,9.719258712780293
camCAN,2914,58.0,1.5,10.356541999760264
camCAN,2915,64.0,0.25,9.560557162097881
camCAN,2915,64.0,0.5,9.466318067581641
camCAN,2915,64.0,0.75,9.538822800773467
camCAN,2915,64.0,1.0,10.10081721605924
camCAN,2915,64.0,1.25,10.363278055601931
camCAN,2915,64.0,1.5,10.471243554357644
camCAN,2916,67.0,0.25,11.760907896731606
camCAN,2916,67.0,0.5,11.4424726540654
camCAN,2916,67.0,0.75,10.532518849933167
camCAN,2916,67.0,1.0,9.837969460543126
camCAN,2916,67.0,1.25,9.091318786594808
camCAN,2916,67.0,1.5,9.117352118271953
camCAN,2917,67.0,0.25,10.495056295850754
camCAN,2917,67.0,0.5,10.457616317185158
camCAN,2917,67.0,0.75,10.503854845428085
camCAN,2917,67.0,1.0,10.583166518208065
camCAN,2917,67.0,1.25,10.578399948316699
camCAN,2917,67.0,1.5,10.483250120563113
camCAN,2918,67.0,0.25,10.872917047954985
camCAN,2918,67.0,0.5,10.543810070990284
camCAN,2918,67.0,0.75,9.38270194847211
camCAN,2918,67.0,1.0,9.034061572680955
camCAN,2918,67.0,1.25,8.340986031832463
camCAN,2918,67.0,1.5,8.603279690459171
camCAN,2919,67.0,0.25,11.102796240006157
camCAN,2919,67.0,0.5,10.04606845581967
camCAN,2919,67.0,0.75,9.036889414777582
camCAN,2919,67.0,1.0,8.315780857668972
camCAN,2919,67.0,1.25,8.04206758174434
camCAN,2919,67.0,1.5,7.721510375536513
camCAN,2920,61.0,0.25,11.134847205615724
camCAN,2920,61.0,0.5,11.298019291768787
camCAN,2920,61.0,0.75,10.698343385724492
camCAN,2920,61.0,1.0,10.48355422020428
camCAN,2920,61.0,1.25,10.248969427176844
camCAN,2920,61.0,1.5,10.043225461451888
camCAN,2921,61.0,0.25,11.746712369335778
camCAN,2921,61.0,0.5,12.053181575200226
camCAN,2921,61.0,0.75,11.997893112940577
camCAN,2921,61.0,1.0,11.633199466346005
camCAN,2921,61.0,1.25,11.156372389697168
camCAN,2921,61.0,1.5,10.646822165194568
camCAN,2922,63.0,0.25,10.587235973679102
camCAN,2922,63.0,0.5,10.595949214623632
camCAN,2922,63.0,0.75,10.794265756813072
camCAN,2922,63.0,1.0,11.001168869565166
camCAN,2922,63.0,1.25,10.529555935441808
camCAN,2922,63.0,1.5,10.554979233309028
camCAN,2923,64.0,0.25,10.840130313391159
camCAN,2923,64.0,0.5,10.824718774831855
camCAN,2923,64.0,0.75,10.833903480527763
camCAN,2923,64.0,1.0,10.764608720664544
camCAN,2923,64.0,1.25,10.423733973787742
camCAN,2923,64.0,1.5,10.575018029272371
camCAN,2924,60.0,0.25,10.747718219010338
camCAN,2924,60.0,0.5,8.755945816959038
camCAN,2924,60.0,0.75,7.768098276333209
camCAN,2924,60.0,1.0,7.088701150093922
camCAN,2924,60.0,1.25,6.648094814911524
camCAN,2924,60.0,1.5,6.617007776737702
camCAN,2925,60.0,0.25,10.809222365566974
camCAN,2925,60.0,0.5,10.634937104157881
camCAN,2925,60.0,0.75,9.763152149730004
camCAN,2925,60.0,1.0,9.26548490796356
camCAN,2925,60.0,1.25,8.87974024392721
camCAN,2925,60.0,1.5,8.695122443638404
camCAN,2926,61.0,0.25,9.48722257156432
camCAN,2926,61.0,0.5,9.86840728737587
camCAN,2926,61.0,0.75,10.482148026794556
camCAN,2926,61.0,1.0,10.567825290276364
camCAN,2926,61.0,1.25,10.239726090048434
camCAN,2926,61.0,1.5,10.253741615546524
camCAN,2927,67.0,0.25,10.34998433414213
camCAN,2927,67.0,0.5,10.160637275731759
camCAN,2927,67.0,0.75,10.44460744055436
camCAN,2927,67.0,1.0,10.25981528573281
camCAN,2927,67.0,1.25,10.192406979913473
camCAN,2927,67.0,1.5,10.07716378325093
camCAN,2928,65.0,0.25,11.42934895004925
camCAN,2928,65.0,0.5,11.84802250235138
camCAN,2928,65.0,0.75,12.014707794239799
camCAN,2928,65.0,1.0,11.806256530319352
camCAN,2928,65.0,1.25,11.271686962536503
camCAN,2928,65.0,1.5,10.660912842488164
camCAN,2929,65.0,0.25,10.555755953601226
camCAN,2929,65.0,0.5,10.416596309719303
camCAN,2929,65.0,0.75,10.511605206831723
camCAN,2929,65.0,1.0,10.297131183150624
camCAN,2929,65.0,1.25,10.50986997256271
camCAN,2929,65.0,1.5,10.193116680092432
camCAN,2930,64.0,0.25,10.256376771476038
camCAN,2930,64.0,0.5,10.352674064827951
camCAN,2930,64.0,0.75,10.854534797026684
camCAN,2930,64.0,1.0,11.228605163052926
camCAN,2930,64.0,1.25,11.431107636357538
camCAN,2930,64.0,1.5,11.463034496811108
camCAN,2931,64.0,0.25,9.703262218848051
camCAN,2931,64.0,0.5,10.00596993715664
camCAN,2931,64.0,0.75,10.142258742212137
camCAN,2931,64.0,1.0,10.428067820918002
camCAN,2931,64.0,1.25,10.55817270187705
camCAN,2931,64.0,1.5,10.569025645171696
camCAN,2932,63.0,0.25,11.657615705779001
camCAN,2932,63.0,0.5,11.348210639953694
camCAN,2932,63.0,0.75,9.914622622086862
camCAN,2932,63.0,1.0,9.60631983916642
camCAN,2932,63.0,1.25,9.39374723345175
camCAN,2932,63.0,1.5,9.259428464739079
camCAN,2933,65.0,0.25,11.443811872074555
camCAN,2933,65.0,0.5,11.068248149612401
camCAN,2933,65.0,0.75,10.404403411961086
camCAN,2933,65.0,1.0,9.512175348709436
camCAN,2933,65.0,1.25,8.913104840961841
camCAN,2933,65.0,1.5,8.675088504701337
camCAN,2934,68.0,0.25,11.752540162612942
camCAN,2934,68.0,0.5,11.601215872872565
camCAN,2934,68.0,0.75,10.20583902408624
camCAN,2934,68.0,1.0,9.60065544225445
camCAN,2934,68.0,1.25,9.234691464250709
camCAN,2934,68.0,1.5,8.956281861393087
camCAN,2935,68.0,0.25,11.00528673012012
camCAN,2935,68.0,0.5,10.953071258303895
camCAN,2935,68.0,0.75,10.797169163145472
camCAN,2935,68.0,1.0,10.510135279265413
camCAN,2935,68.0,1.25,9.757449979644546
camCAN,2935,68.0,1.5,9.969214371073436
camCAN,2936,68.0,0.25,8.628128033641147
camCAN,2936,68.0,0.5,8.70390059333898
camCAN,2936,68.0,0.75,8.776663612964697
camCAN,2936,68.0,1.0,8.733430971137377
camCAN,2936,68.0,1.25,8.933592962635482
camCAN,2936,68.0,1.5,9.540147340528826
camCAN,2937,64.0,0.25,10.825578617482496
camCAN,2937,64.0,0.5,11.52351148239097
camCAN,2937,64.0,0.75,11.636990190902454
camCAN,2937,64.0,1.0,11.35470492679523
camCAN,2937,64.0,1.25,11.067272337509504
camCAN,2937,64.0,1.5,10.682129040348997
camCAN,2938,62.0,0.25,11.95761164066019
camCAN,2938,62.0,0.5,11.87281712247412
camCAN,2938,62.0,0.75,10.945454562529326
camCAN,2938,62.0,1.0,10.320705249577019
camCAN,2938,62.0,1.25,9.806069622959079
camCAN,2938,62.0,1.5,9.815925206545446
camCAN,2939,65.0,0.25,11.603919355341135
camCAN,2939,65.0,0.5,11.77840490190951
camCAN,2939,65.0,0.75,10.963282981786715
camCAN,2939,65.0,1.0,9.312817637901558
camCAN,2939,65.0,1.25,8.592699298359802
camCAN,2939,65.0,1.5,8.042810156524668
camCAN,2940,63.0,0.25,11.679877870935844
camCAN,2940,63.0,0.5,11.708845249946545
camCAN,2940,63.0,0.75,11.689420029444697
camCAN,2940,63.0,1.0,11.586333491436024
camCAN,2940,63.0,1.25,11.406345783077265
camCAN,2940,63.0,1.5,11.273751714635784
camCAN,2941,65.0,0.25,9.688023640014444
camCAN,2941,65.0,0.5,9.999659025580852
camCAN,2941,65.0,0.75,10.402774015222965
camCAN,2941,65.0,1.0,10.70864599769094
camCAN,2941,65.0,1.25,10.177912923043001
camCAN,2941,65.0,1.5,9.452202433462176
camCAN,2942,67.0,0.25,9.579900183818607
camCAN,2942,67.0,0.5,9.500235157654378
camCAN,2942,67.0,0.75,9.339169697052247
camCAN,2942,67.0,1.0,9.659279787852018
camCAN,2942,67.0,1.25,9.948275336295346
camCAN,2942,67.0,1.5,9.985303249226545
camCAN,2943,68.0,0.25,10.37806386895659
camCAN,2943,68.0,0.5,10.450650200192628
camCAN,2943,68.0,0.75,10.545803048009125
camCAN,2943,68.0,1.0,10.708143349181455
camCAN,2943,68.0,1.25,10.944112907238507
camCAN,2943,68.0,1.5,11.08985682016368
camCAN,2944,61.0,0.25,9.332296225074828
camCAN,2944,61.0,0.5,9.54304843339927
camCAN,2944,61.0,0.75,10.36200157597296
camCAN,2944,61.0,1.0,10.624190169819359
camCAN,2944,61.0,1.25,10.50937740403651
camCAN,2944,61.0,1.5,10.147650757114633
camCAN,2945,64.0,0.25,11.115190389917478
camCAN,2945,64.0,0.5,10.961208099403956
camCAN,2945,64.0,0.75,10.79312805579391
camCAN,2945,64.0,1.0,10.416559441463427
camCAN,2945,64.0,1.25,10.307452698812188
camCAN,2945,64.0,1.5,10.183626058118957
camCAN,2946,66.0,0.25,11.739247543910448
camCAN,2946,66.0,0.5,11.607918245715993
camCAN,2946,66.0,0.75,10.558431131558637
camCAN,2946,66.0,1.0,10.254606372471754
camCAN,2946,66.0,1.25,9.760904956583222
camCAN,2946,66.0,1.5,9.572148845059742
camCAN,2947,63.0,0.25,11.630054588574021
camCAN,2947,63.0,0.5,11.7203022703581
camCAN,2947,63.0,0.75,10.666651075182342
camCAN,2947,63.0,1.0,10.501665428236285
camCAN,2947,63.0,1.25,10.028811427524966
camCAN,2947,63.0,1.5,9.741264377454579
camCAN,2948,61.0,0.25,11.378867454414598
camCAN,2948,61.0,0.5,10.90744381971166
camCAN,2948,61.0,0.75,10.613959537073839
camCAN,2948,61.0,1.0,10.05077653711047
camCAN,2948,61.0,1.25,9.677307681263157
camCAN,2948,61.0,1.5,9.234427766295159
camCAN,2949,61.0,0.25,11.652623020906038
camCAN,2949,61.0,0.5,11.675434268612523
camCAN,2949,61.0,0.75,11.48028550156438
camCAN,2949,61.0,1.0,11.042281144424729
camCAN,2949,61.0,1.25,10.628366643069281
camCAN,2949,61.0,1.5,9.792852830188787
camCAN,2950,59.0,0.25,10.548420733116364
camCAN,2950,59.0,0.5,10.42314882035796
camCAN,2950,59.0,0.75,9.72814035208371
camCAN,2950,59.0,1.0,9.194147162951552
camCAN,2950,59.0,1.25,9.16145656860609
camCAN,2950,59.0,1.5,9.127711645684503
camCAN,2951,62.0,0.25,10.556786294754547
camCAN,2951,62.0,0.5,10.438631237319662
camCAN,2951,62.0,0.75,10.371263489207465
camCAN,2951,62.0,1.0,10.648516568033791
camCAN,2951,62.0,1.25,10.32089783882786
camCAN,2951,62.0,1.5,10.003496693790982
camCAN,2952,63.0,0.25,10.010779484932904
camCAN,2952,63.0,0.5,10.015180365235688
camCAN,2952,63.0,0.75,10.048148672331601
camCAN,2952,63.0,1.0,10.113577869232735
camCAN,2952,63.0,1.25,10.262598321466221
camCAN,2952,63.0,1.5,10.366128456607996
camCAN,2953,65.0,0.25,9.668817376165263
camCAN,2953,65.0,0.5,9.739263790296228
camCAN,2953,65.0,0.75,9.13123460162007
camCAN,2953,65.0,1.0,8.433956905984077
camCAN,2953,65.0,1.25,7.82634089930034
camCAN,2953,65.0,1.5,7.47261691124734
camCAN,2954,60.0,0.25,9.651062990350988
camCAN,2954,60.0,0.5,9.910793195150537
camCAN,2954,60.0,0.75,10.698801596884179
camCAN,2954,60.0,1.0,10.640934939440346
camCAN,2954,60.0,1.25,10.132464467469045
camCAN,2954,60.0,1.5,9.651964247996856
camCAN,2955,67.0,0.25,9.274367615914178
camCAN,2955,67.0,0.5,10.208604155033774
camCAN,2955,67.0,0.75,10.896407985081058
camCAN,2955,67.0,1.0,11.030952397199536
camCAN,2955,67.0,1.25,10.823780074134937
camCAN,2955,67.0,1.5,10.578947138521523
camCAN,2956,59.0,0.25,10.5934661702627
camCAN,2956,59.0,0.5,10.836228149511962
camCAN,2956,59.0,0.75,10.949247793876928
camCAN,2956,59.0,1.0,10.705501693836379
camCAN,2956,59.0,1.25,10.489621637803559
camCAN,2956,59.0,1.5,10.746521037273686
camCAN,2957,65.0,0.25,11.797903243864704
camCAN,2957,65.0,0.5,11.920554759459783
camCAN,2957,65.0,0.75,11.961857566320198
camCAN,2957,65.0,1.0,11.937165627024937
camCAN,2957,65.0,1.25,12.077529597337502
camCAN,2957,65.0,1.5,12.002197483542684
camCAN,2958,61.0,0.25,11.374108926411667
camCAN,2958,61.0,0.5,11.420913641599766
camCAN,2958,61.0,0.75,11.593685665073435
camCAN,2958,61.0,1.0,11.701381419810353
camCAN,2958,61.0,1.25,11.487255481014413
camCAN,2958,61.0,1.5,10.842528787392236
camCAN,2959,61.0,0.25,11.242564536503057
camCAN,2959,61.0,0.5,11.095072632806737
camCAN,2959,61.0,0.75,10.889795551284122
camCAN,2959,61.0,1.0,10.609758609652058
camCAN,2959,61.0,1.25,10.610250332667796
camCAN,2959,61.0,1.5,10.691986181364278
camCAN,2960,64.0,0.25,11.489569366847725
camCAN,2960,64.0,0.5,11.167495989537764
camCAN,2960,64.0,0.75,10.933573808299656
camCAN,2960,64.0,1.0,10.167922058006933
camCAN,2960,64.0,1.25,9.73553038633441
camCAN,2960,64.0,1.5,9.722185781659334
camCAN,2961,62.0,0.25,9.46028734036397
camCAN,2961,62.0,0.5,9.738803801413505
camCAN,2961,62.0,0.75,10.629437690449551
camCAN,2961,62.0,1.0,10.65035039264083
camCAN,2961,62.0,1.25,10.576476338526088
camCAN,2961,62.0,1.5,10.544265260127332
camCAN,2962,67.0,0.25,10.28672280209215
camCAN,2962,67.0,0.5,10.26148403251739
camCAN,2962,67.0,0.75,10.14531676631312
camCAN,2962,67.0,1.0,10.314323458077792
camCAN,2962,67.0,1.25,9.599686033147243
camCAN,2962,67.0,1.5,9.656223305560992
camCAN,2963,66.0,0.25,11.565974591552576
camCAN,2963,66.0,0.5,11.228399652357709
camCAN,2963,66.0,0.75,9.907181616265504
camCAN,2963,66.0,1.0,9.097073665845057
camCAN,2963,66.0,1.25,9.071793523552905
camCAN,2963,66.0,1.5,8.851610584204531
camCAN,2964,67.0,0.25,11.036577782320984
camCAN,2964,67.0,0.5,11.114533553769428
camCAN,2964,67.0,0.75,10.73353347142471
camCAN,2964,67.0,1.0,10.081751283278681
camCAN,2964,67.0,1.25,9.650400073279659
camCAN,2964,67.0,1.5,9.106885740553919
camCAN,2965,65.0,0.25,11.153756095152644
camCAN,2965,65.0,0.5,10.851379595426144
camCAN,2965,65.0,0.75,9.206290852894083
camCAN,2965,65.0,1.0,8.554316317590851
camCAN,2965,65.0,1.25,7.89793215524636
camCAN,2965,65.0,1.5,7.475034792185652
camCAN,2966,61.0,0.25,11.099923263458894
camCAN,2966,61.0,0.5,11.064844370267906
camCAN,2966,61.0,0.75,11.108552140818166
camCAN,2966,61.0,1.0,10.515853511801636
camCAN,2966,61.0,1.25,9.752982192451565
camCAN,2966,61.0,1.5,9.102148701522706
camCAN,2967,60.0,0.25,11.25753978439016
camCAN,2967,60.0,0.5,11.151035214236845
camCAN,2967,60.0,0.75,10.866686525003763
camCAN,2967,60.0,1.0,10.3798968187294
camCAN,2967,60.0,1.25,9.600887385656351
camCAN,2967,60.0,1.5,9.235191785863858
camCAN,2968,61.0,0.25,11.352001017946495
camCAN,2968,61.0,0.5,8.897662447089827
camCAN,2968,61.0,0.75,7.575185794518324
camCAN,2968,61.0,1.0,6.873401332253626
camCAN,2968,61.0,1.25,6.600694557783661
camCAN,2968,61.0,1.5,6.5262120656235885
camCAN,2969,59.0,0.25,11.104187116503429
camCAN,2969,59.0,0.5,11.524125910514503
camCAN,2969,59.0,0.75,11.19451716666403
camCAN,2969,59.0,1.0,10.593941702886774
camCAN,2969,59.0,1.25,10.108543117215405
camCAN,2969,59.0,1.5,9.981791509928238
camCAN,2970,67.0,0.25,11.77379930693929
camCAN,2970,67.0,0.5,11.920003307773522
camCAN,2970,67.0,0.75,11.630561000762743
camCAN,2970,67.0,1.0,11.105820314348213
camCAN,2970,67.0,1.25,10.53836210646839
camCAN,2970,67.0,1.5,10.03335201045259
camCAN,2971,67.0,0.25,11.204971913020227
camCAN,2971,67.0,0.5,10.859207394840176
camCAN,2971,67.0,0.75,9.386513615160414
camCAN,2971,67.0,1.0,8.33012680757194
camCAN,2971,67.0,1.25,7.565644930447336
camCAN,2971,67.0,1.5,7.265395144168299
camCAN,2972,64.0,0.25,10.352446446237368
camCAN,2972,64.0,0.5,10.363587388853464
camCAN,2972,64.0,0.75,9.891456098463282
camCAN,2972,64.0,1.0,9.27576105104026
camCAN,2972,64.0,1.25,8.82665234372682
camCAN,2972,64.0,1.5,8.323840275834902
camCAN,2973,64.0,0.25,11.745484032316108
camCAN,2973,64.0,0.5,11.74834099828736
camCAN,2973,64.0,0.75,11.657680591208695
camCAN,2973,64.0,1.0,10.72843232899207
camCAN,2973,64.0,1.25,9.939488063144944
camCAN,2973,64.0,1.5,9.3797757866459
camCAN,2974,66.0,0.25,11.236997182959126
camCAN,2974,66.0,0.5,11.194769256143324
camCAN,2974,66.0,0.75,11.113760493593217
camCAN,2974,66.0,1.0,11.46550299872502
camCAN,2974,66.0,1.25,11.590829375350236
camCAN,2974,66.0,1.5,11.537416143650542
camCAN,2975,64.0,0.25,10.391440181311188
camCAN,2975,64.0,0.5,10.969909499602272
camCAN,2975,64.0,0.75,11.07387881454171
camCAN,2975,64.0,1.0,10.905138547150582
camCAN,2975,64.0,1.25,11.060848699970332
camCAN,2975,64.0,1.5,10.750980841432957
camCAN,2976,59.0,0.25,10.014175159355108
camCAN,2976,59.0,0.5,10.139451916516583
camCAN,2976,59.0,0.75,10.340352300168021
camCAN,2976,59.0,1.0,10.516926305519137
camCAN,2976,59.0,1.25,10.62465589494817
camCAN,2976,59.0,1.5,10.391621912049091
camCAN,2977,67.0,0.25,10.245545965903835
camCAN,2977,67.0,0.5,10.24870669840782
camCAN,2977,67.0,0.75,10.250981380250582
camCAN,2977,67.0,1.0,10.246077645934218
camCAN,2977,67.0,1.25,10.21796553040869
camCAN,2977,67.0,1.5,10.130790783410923
camCAN,2978,68.0,0.25,11.550166371466231
camCAN,2978,68.0,0.5,11.581141296144201
camCAN,2978,68.0,0.75,11.600419703758854
camCAN,2978,68.0,1.0,11.62304779004653
camCAN,2978,68.0,1.25,11.6348542650134
camCAN,2978,68.0,1.5,11.53568286696829
camCAN,2979,59.0,0.25,10.229413638333593
camCAN,2979,59.0,0.5,9.922889858933269
camCAN,2979,59.0,0.75,9.603113133960306
camCAN,2979,59.0,1.0,9.435619488337935
camCAN,2979,59.0,1.25,8.876053052049322
camCAN,2979,59.0,1.5,8.70234568952561
camCAN,2980,64.0,0.25,10.201317441022232
camCAN,2980,64.0,0.5,11.101323076322446
camCAN,2980,64.0,0.75,11.287512715160723
camCAN,2980,64.0,1.0,10.583056180438108
camCAN,2980,64.0,1.25,10.222289808929498
camCAN,2980,64.0,1.5,9.898245762510916
camCAN,2981,66.0,0.25,10.66957118871823
camCAN,2981,66.0,0.5,11.04650352903707
camCAN,2981,66.0,0.75,11.520945061569329
camCAN,2981,66.0,1.0,11.65674870361195
camCAN,2981,66.0,1.25,11.573026252688754
camCAN,2981,66.0,1.5,11.054593443959746
camCAN,2982,64.0,0.25,10.372017636433538
camCAN,2982,64.0,0.5,10.575695911854734
camCAN,2982,64.0,0.75,11.52218055943343
camCAN,2982,64.0,1.0,11.54728366622115
camCAN,2982,64.0,1.25,11.321460117652645
camCAN,2982,64.0,1.5,10.38033663892372
camCAN,2983,61.0,0.25,11.77668651332583
camCAN,2983,61.0,0.5,11.927414125446326
camCAN,2983,61.0,0.75,11.669267053820201
camCAN,2983,61.0,1.0,11.125143142139969
camCAN,2983,61.0,1.25,10.798404734246814
camCAN,2983,61.0,1.5,10.396786777198002
camCAN,2984,60.0,0.25,11.99555850076088
camCAN,2984,60.0,0.5,11.238502462490246
camCAN,2984,60.0,0.75,10.433916394228511
camCAN,2984,60.0,1.0,9.78555618777874
camCAN,2984,60.0,1.25,9.190768533511147
camCAN,2984,60.0,1.5,8.929762554947189
camCAN,2985,64.0,0.25,11.573254096618186
camCAN,2985,64.0,0.5,11.29020867895453
camCAN,2985,64.0,0.75,11.650287746802167
camCAN,2985,64.0,1.0,11.122975978060756
camCAN,2985,64.0,1.25,10.349485799275186
camCAN,2985,64.0,1.5,10.021618554009615
camCAN,2986,66.0,0.25,11.416324312377759
camCAN,2986,66.0,0.5,11.39442776407378
camCAN,2986,66.0,0.75,11.381486213830863
camCAN,2986,66.0,1.0,11.470484417531662
camCAN,2986,66.0,1.25,11.991076873800584
camCAN,2986,66.0,1.5,11.676282645301876
camCAN,2987,61.0,0.25,10.272588679855525
camCAN,2987,61.0,0.5,9.863300270857637
camCAN,2987,61.0,0.75,8.823545377286457
camCAN,2987,61.0,1.0,8.307747995577746
camCAN,2987,61.0,1.25,7.885301839821082
camCAN,2987,61.0,1.5,7.5184374097621145
camCAN,2988,67.0,0.25,10.948757972653109
camCAN,2988,67.0,0.5,10.921376348312174
camCAN,2988,67.0,0.75,10.659553239064415
camCAN,2988,67.0,1.0,10.476781523102668
camCAN,2988,67.0,1.25,10.187798396446237
camCAN,2988,67.0,1.5,9.886700191586288
camCAN,2989,65.0,0.25,10.966123223158975
camCAN,2989,65.0,0.5,11.00407595057012
camCAN,2989,65.0,0.75,11.014757717152087
camCAN,2989,65.0,1.0,11.060601846476127
camCAN,2989,65.0,1.25,11.149097998913401
camCAN,2989,65.0,1.5,11.05997200702711
camCAN,2990,65.0,0.25,11.595607666178513
camCAN,2990,65.0,0.5,11.62860803415138
camCAN,2990,65.0,0.75,11.917382356078049
camCAN,2990,65.0,1.0,11.777550855582595
camCAN,2990,65.0,1.25,11.353551026397007
camCAN,2990,65.0,1.5,10.907536852789475
camCAN,2991,66.0,0.25,10.063268454462603
camCAN,2991,66.0,0.5,9.931124937389217
camCAN,2991,66.0,0.75,8.489997812375718
camCAN,2991,66.0,1.0,8.387469818513713
camCAN,2991,66.0,1.25,7.824663049110201
camCAN,2991,66.0,1.5,7.644506968803976
camCAN,2992,66.0,0.25,10.995114276213117
camCAN,2992,66.0,0.5,9.842779603119137
camCAN,2992,66.0,0.75,8.461799529878657
camCAN,2992,66.0,1.0,7.521876131626215
camCAN,2992,66.0,1.25,6.9627540852270995
camCAN,2992,66.0,1.5,6.683857095340805
camCAN,2993,59.0,0.25,11.27244461461424
camCAN,2993,59.0,0.5,10.790344079977377
camCAN,2993,59.0,0.75,9.19483589575348
camCAN,2993,59.0,1.0,8.055193476660822
camCAN,2993,59.0,1.25,7.506602062496587
camCAN,2993,59.0,1.5,7.257779115962493
camCAN,2994,68.0,0.25,12.1097287072369
camCAN,2994,68.0,0.5,12.068488994214093
camCAN,2994,68.0,0.75,11.973823404571432
camCAN,2994,68.0,1.0,11.731571905142797
camCAN,2994,68.0,1.25,11.445143936909991
camCAN,2994,68.0,1.5,11.415749455806088
camCAN,2995,64.0,0.25,10.90602427542964
camCAN,2995,64.0,0.5,10.522372724133358
camCAN,2995,64.0,0.75,10.40225241071012
camCAN,2995,64.0,1.0,9.693925717526609
camCAN,2995,64.0,1.25,9.19951294900982
camCAN,2995,64.0,1.5,8.76976285729379
camCAN,2996,64.0,0.25,12.04644641704485
camCAN,2996,64.0,0.5,11.809574749299907
camCAN,2996,64.0,0.75,9.694017262900797
camCAN,2996,64.0,1.0,8.497227728287912
camCAN,2996,64.0,1.25,7.8655278611255595
camCAN,2996,64.0,1.5,7.627255183064853
camCAN,2997,61.0,0.25,11.095963697468989
camCAN,2997,61.0,0.5,11.456631973860516
camCAN,2997,61.0,0.75,11.499894716881357
camCAN,2997,61.0,1.0,11.331958651621843
camCAN,2997,61.0,1.25,11.476892919543584
camCAN,2997,61.0,1.5,11.496806376102697
camCAN,2998,68.0,0.25,11.671369705118858
camCAN,2998,68.0,0.5,11.609357487779459
camCAN,2998,68.0,0.75,10.911970944456717
camCAN,2998,68.0,1.0,10.996166330907062
camCAN,2998,68.0,1.25,10.657770796013875
camCAN,2998,68.0,1.5,10.652347878023544
camCAN,2999,63.0,0.25,10.889540555074598
camCAN,2999,63.0,0.5,11.319361315691191
camCAN,2999,63.0,0.75,10.862035291258126
camCAN,2999,63.0,1.0,10.263537235508858
camCAN,2999,63.0,1.25,9.193541789452244
camCAN,2999,63.0,1.5,8.701094862386974
camCAN,3000,61.0,0.25,11.39199970992526
camCAN,3000,61.0,0.5,11.563439254160567
camCAN,3000,61.0,0.75,11.108316040421267
camCAN,3000,61.0,1.0,10.861294155989238
camCAN,3000,61.0,1.25,10.656256681944384
camCAN,3000,61.0,1.5,10.44341285229605
camCAN,3001,67.0,0.25,11.586160097633583
camCAN,3001,67.0,0.5,11.559026737651422
camCAN,3001,67.0,0.75,11.443490055462425
camCAN,3001,67.0,1.0,10.47097270383014
camCAN,3001,67.0,1.25,9.24501190669864
camCAN,3001,67.0,1.5,8.604612171533512
camCAN,3002,68.0,0.25,11.392465219760375
camCAN,3002,68.0,0.5,11.772849441338089
camCAN,3002,68.0,0.75,11.613134449634417
camCAN,3002,68.0,1.0,11.633974050411522
camCAN,3002,68.0,1.25,10.999034091454355
camCAN,3002,68.0,1.5,10.94058952487937
camCAN,3003,63.0,0.25,11.069052797384721
camCAN,3003,63.0,0.5,11.130337162376039
camCAN,3003,63.0,0.75,10.950101433619585
camCAN,3003,63.0,1.0,11.18015452658417
camCAN,3003,63.0,1.25,11.362807555132987
camCAN,3003,63.0,1.5,11.254379683529134
camCAN,3004,68.0,0.25,10.265175627055712
camCAN,3004,68.0,0.5,10.248021678118297
camCAN,3004,68.0,0.75,9.895324581072268
camCAN,3004,68.0,1.0,9.92792083566431
camCAN,3004,68.0,1.25,9.86828762800829
camCAN,3004,68.0,1.5,9.750353726048356
camCAN,3005,69.0,0.25,11.642289515110916
camCAN,3005,69.0,0.5,11.548267832845141
camCAN,3005,69.0,0.75,11.584908942333044
camCAN,3005,69.0,1.0,11.159204646010304
camCAN,3005,69.0,1.25,11.543486694958053
camCAN,3005,69.0,1.5,11.522954850914902
camCAN,3006,70.0,0.25,7.984044435200757
camCAN,3006,70.0,0.5,8.144643472268625
camCAN,3006,70.0,0.75,8.34359898622225
camCAN,3006,70.0,1.0,8.89798776706139
camCAN,3006,70.0,1.25,9.360187257393859
camCAN,3006,70.0,1.5,9.788217629140616
camCAN,3007,73.0,0.25,10.86874177356951
camCAN,3007,73.0,0.5,11.24183883670815
camCAN,3007,73.0,0.75,11.51013358635098
camCAN,3007,73.0,1.0,11.667038139821535
camCAN,3007,73.0,1.25,11.756774238366797
camCAN,3007,73.0,1.5,11.728274904467309
camCAN,3008,73.0,0.25,10.90969495469776
camCAN,3008,73.0,0.5,10.944320599812613
camCAN,3008,73.0,0.75,11.251451493716115
camCAN,3008,73.0,1.0,11.537473297331417
camCAN,3008,73.0,1.25,11.826908903453155
camCAN,3008,73.0,1.5,12.065895208578366
camCAN,3009,72.0,0.25,12.16296526227787
camCAN,3009,72.0,0.5,11.09888263035319
camCAN,3009,72.0,0.75,9.571244130733627
camCAN,3009,72.0,1.0,9.023392002513948
camCAN,3009,72.0,1.25,8.418657410883467
camCAN,3009,72.0,1.5,8.50822482224601
camCAN,3010,69.0,0.25,10.992305006250744
camCAN,3010,69.0,0.5,11.059570237859162
camCAN,3010,69.0,0.75,10.978680336743912
camCAN,3010,69.0,1.0,11.155084525110558
camCAN,3010,69.0,1.25,11.358164499124353
camCAN,3010,69.0,1.5,11.398601540291143
camCAN,3011,78.0,0.25,11.365816831720789
camCAN,3011,78.0,0.5,11.40445473003259
camCAN,3011,78.0,0.75,11.364622840712572
camCAN,3011,78.0,1.0,11.21820924308515
camCAN,3011,78.0,1.25,11.072853162689132
camCAN,3011,78.0,1.5,11.152582723863743
camCAN,3012,73.0,0.25,10.628767291123175
camCAN,3012,73.0,0.5,10.63672880869735
camCAN,3012,73.0,0.75,10.631472414330991
camCAN,3012,73.0,1.0,10.660505751242027
camCAN,3012,73.0,1.25,10.91935392718158
camCAN,3012,73.0,1.5,11.021125784789943
camCAN,3013,77.0,0.25,11.277099539290834
camCAN,3013,77.0,0.5,11.235557306295505
camCAN,3013,77.0,0.75,11.218664883380736
camCAN,3013,77.0,1.0,11.51827675400194
camCAN,3013,77.0,1.25,11.512779732716494
camCAN,3013,77.0,1.5,11.324963659467855
camCAN,3014,69.0,0.25,10.383339891923594
camCAN,3014,69.0,0.5,10.63747854019359
camCAN,3014,69.0,0.75,10.79990244876381
camCAN,3014,69.0,1.0,10.700000175650532
camCAN,3014,69.0,1.25,11.021539498197436
camCAN,3014,69.0,1.5,11.168855795811266
camCAN,3015,78.0,0.25,10.758324573779358
camCAN,3015,78.0,0.5,10.837831528370362
camCAN,3015,78.0,0.75,10.859897499895617
camCAN,3015,78.0,1.0,10.867872060732937
camCAN,3015,78.0,1.25,10.850498249732835
camCAN,3015,78.0,1.5,10.709054061764023
camCAN,3016,69.0,0.25,11.960145661139382
camCAN,3016,69.0,0.5,11.716707392680267
camCAN,3016,69.0,0.75,11.740825053515865
camCAN,3016,69.0,1.0,11.80071735668037
camCAN,3016,69.0,1.25,11.682558748815136
camCAN,3016,69.0,1.5,11.439528135226222
camCAN,3017,69.0,0.25,11.992938321305349
camCAN,3017,69.0,0.5,11.938399199986147
camCAN,3017,69.0,0.75,11.937770553943057
camCAN,3017,69.0,1.0,11.741871177386173
camCAN,3017,69.0,1.25,12.172526693261355
camCAN,3017,69.0,1.5,12.179362942933393
camCAN,3018,76.0,0.25,10.933385705517404
camCAN,3018,76.0,0.5,11.021843761902026
camCAN,3018,76.0,0.75,11.138612476353073
camCAN,3018,76.0,1.0,11.125863384537508
camCAN,3018,76.0,1.25,11.034450281677183
camCAN,3018,76.0,1.5,10.446120847737376
camCAN,3019,73.0,0.25,11.055703236278285
camCAN,3019,73.0,0.5,11.021310231422579
camCAN,3019,73.0,0.75,10.913268422497335
camCAN,3019,73.0,1.0,11.042976853145397
camCAN,3019,73.0,1.25,10.977482040213042
camCAN,3019,73.0,1.5,11.020107708430658
camCAN,3020,75.0,0.25,9.574376525104578
camCAN,3020,75.0,0.5,9.649563406147298
camCAN,3020,75.0,0.75,9.716326112025813
camCAN,3020,75.0,1.0,9.541969502456958
camCAN,3020,75.0,1.25,9.51552956789472
camCAN,3020,75.0,1.5,9.431509963014879
camCAN,3021,77.0,0.25,12.028716706532073
camCAN,3021,77.0,0.5,11.945695737606934
camCAN,3021,77.0,0.75,11.912428602383317
camCAN,3021,77.0,1.0,11.919879317666458
camCAN,3021,77.0,1.25,11.750362177973486
camCAN,3021,77.0,1.5,11.383063553008006
camCAN,3022,76.0,0.25,10.92177186524005
camCAN,3022,76.0,0.5,10.946375636417699
camCAN,3022,76.0,0.75,10.755823045493432
camCAN,3022,76.0,1.0,10.907636036440405
camCAN,3022,76.0,1.25,11.033518405195474
camCAN,3022,76.0,1.5,11.03079820043435
camCAN,3023,71.0,0.25,9.923413473521919
camCAN,3023,71.0,0.5,9.96575649415487
camCAN,3023,71.0,0.75,10.025685756482735
camCAN,3023,71.0,1.0,10.052970403648285
camCAN,3023,71.0,1.25,9.850076072762349
camCAN,3023,71.0,1.5,10.283310648980404
camCAN,3024,70.0,0.25,9.27209825365382
camCAN,3024,70.0,0.5,9.271938304879342
camCAN,3024,70.0,0.75,9.307363808041341
camCAN,3024,70.0,1.0,9.372774012358166
camCAN,3024,70.0,1.25,9.450851143471597
camCAN,3024,70.0,1.5,9.526679302676111
camCAN,3025,73.0,0.25,10.640310216880371
camCAN,3025,73.0,0.5,11.17848450159955
camCAN,3025,73.0,0.75,9.978305840854622
camCAN,3025,73.0,1.0,8.99414819867398
camCAN,3025,73.0,1.25,8.675044475042549
camCAN,3025,73.0,1.5,7.963984932295545
camCAN,3026,69.0,0.25,9.78781607479112
camCAN,3026,69.0,0.5,9.79129548732045
camCAN,3026,69.0,0.75,9.811184757461778
camCAN,3026,69.0,1.0,9.82332904944178
camCAN,3026,69.0,1.25,9.988943237923515
camCAN,3026,69.0,1.5,10.105100711455515
camCAN,3027,72.0,0.25,11.497043938298704
camCAN,3027,72.0,0.5,11.207325074286763
camCAN,3027,72.0,0.75,11.211329949818618
camCAN,3027,72.0,1.0,10.938405281053521
camCAN,3027,72.0,1.25,10.573446042885532
camCAN,3027,72.0,1.5,10.321098297686774
camCAN,3028,71.0,0.25,11.564349928060619
camCAN,3028,71.0,0.5,11.552184026944902
camCAN,3028,71.0,0.75,11.538217544309429
camCAN,3028,71.0,1.0,11.575646696476692
camCAN,3028,71.0,1.25,11.656177084506341
camCAN,3028,71.0,1.5,11.62005119554949
camCAN,3029,76.0,0.25,11.526476151893466
camCAN,3029,76.0,0.5,11.825683290851696
camCAN,3029,76.0,0.75,11.68622999293492
camCAN,3029,76.0,1.0,10.710085055401283
camCAN,3029,76.0,1.25,10.557873444708154
camCAN,3029,76.0,1.5,10.12202723294635
camCAN,3030,72.0,0.25,11.88408499496642
camCAN,3030,72.0,0.5,11.639825143142595
camCAN,3030,72.0,0.75,11.529338569630704
camCAN,3030,72.0,1.0,11.18126994288305
camCAN,3030,72.0,1.25,11.072843259899647
camCAN,3030,72.0,1.5,10.870229335977625
camCAN,3031,76.0,0.25,11.647489733076466
camCAN,3031,76.0,0.5,11.914273433588695
camCAN,3031,76.0,0.75,11.634405672260481
camCAN,3031,76.0,1.0,10.758471680591223
camCAN,3031,76.0,1.25,10.154967423183919
camCAN,3031,76.0,1.5,9.597639363601091
camCAN,3032,73.0,0.25,11.17455081529485
camCAN,3032,73.0,0.5,11.326379652997428
camCAN,3032,73.0,0.75,11.451402650676188
camCAN,3032,73.0,1.0,11.494809335662616
camCAN,3032,73.0,1.25,11.490832285393775
camCAN,3032,73.0,1.5,11.444418549576827
camCAN,3033,70.0,0.25,10.883553535176594
camCAN,3033,70.0,0.5,11.736456066351202
camCAN,3033,70.0,0.75,10.926051575396365
camCAN,3033,70.0,1.0,9.881185842626856
camCAN,3033,70.0,1.25,9.578595521339185
camCAN,3033,70.0,1.5,9.22187982692114
camCAN,3034,77.0,0.25,10.902587702769075
camCAN,3034,77.0,0.5,10.88850695653523
camCAN,3034,77.0,0.75,10.864854471943024
camCAN,3034,77.0,1.0,10.81305847667262
camCAN,3034,77.0,1.25,10.712221864827404
camCAN,3034,77.0,1.5,10.720207331863136
camCAN,3035,77.0,0.25,11.46390527058599
camCAN,3035,77.0,0.5,11.52379472796685
camCAN,3035,77.0,0.75,11.440143631006583
camCAN,3035,77.0,1.0,11.638834173849366
camCAN,3035,77.0,1.25,11.701909651374937
camCAN,3035,77.0,1.5,11.649235507849957
camCAN,3036,71.0,0.25,11.02411530926712
camCAN,3036,71.0,0.5,10.970414580050052
camCAN,3036,71.0,0.75,11.039597840234956
camCAN,3036,71.0,1.0,10.99877335991705
camCAN,3036,71.0,1.25,10.628996517795784
camCAN,3036,71.0,1.5,9.840896834118816
camCAN,3037,72.0,0.25,11.556360225594549
camCAN,3037,72.0,0.5,11.563355447806495
camCAN,3037,72.0,0.75,11.491771151465203
camCAN,3037,72.0,1.0,11.503158629420431
camCAN,3037,72.0,1.25,11.545361412518808
camCAN,3037,72.0,1.5,11.621417531644267
camCAN,3038,70.0,0.25,10.94507181627212
camCAN,3038,70.0,0.5,10.517863974011217
camCAN,3038,70.0,0.75,10.341979630773936
camCAN,3038,70.0,1.0,10.241132363180697
camCAN,3038,70.0,1.25,9.539743467061111
camCAN,3038,70.0,1.5,9.689070712608755
camCAN,3039,74.0,0.25,11.238187798797515
camCAN,3039,74.0,0.5,11.122169085337942
camCAN,3039,74.0,0.75,10.962201690406113
camCAN,3039,74.0,1.0,10.93417537399261
camCAN,3039,74.0,1.25,11.048554075846171
camCAN,3039,74.0,1.5,11.089571235226583
camCAN,3040,71.0,0.25,11.394391652945798
camCAN,3040,71.0,0.5,10.536193635349433
camCAN,3040,71.0,0.75,8.958413027130206
camCAN,3040,71.0,1.0,8.248155954341001
camCAN,3040,71.0,1.25,7.914184867546577
camCAN,3040,71.0,1.5,7.8278217074456515
camCAN,3041,78.0,0.25,10.985124154169378
camCAN,3041,78.0,0.5,11.213978425979652
camCAN,3041,78.0,0.75,11.163332150939727
camCAN,3041,78.0,1.0,10.988540938677108
camCAN,3041,78.0,1.25,11.135299624190562
camCAN,3041,78.0,1.5,11.23726140440573
camCAN,3042,72.0,0.25,11.654650271633201
camCAN,3042,72.0,0.5,11.670142607907927
camCAN,3042,72.0,0.75,11.438466765695091
camCAN,3042,72.0,1.0,10.592410247207802
camCAN,3042,72.0,1.25,10.375182686113044
camCAN,3042,72.0,1.5,10.029643138434308
camCAN,3043,79.0,0.25,10.464676777940879
camCAN,3043,79.0,0.5,10.18049999656047
camCAN,3043,79.0,0.75,10.922737894900031
camCAN,3043,79.0,1.0,10.851684935865931
camCAN,3043,79.0,1.25,11.09573380338198
camCAN,3043,79.0,1.5,10.814971894294997
camCAN,3044,70.0,0.25,10.437590294186457
camCAN,3044,70.0,0.5,10.453070311643305
camCAN,3044,70.0,0.75,10.47300501141942
camCAN,3044,70.0,1.0,10.494874800382323
camCAN,3044,70.0,1.25,10.595660873851333
camCAN,3044,70.0,1.5,10.76971644850188
camCAN,3045,75.0,0.25,11.510721330476315
camCAN,3045,75.0,0.5,11.529784722601033
camCAN,3045,75.0,0.75,11.664003511530764
camCAN,3045,75.0,1.0,11.60050737183373
camCAN,3045,75.0,1.25,11.169761220892335
camCAN,3045,75.0,1.5,10.70584761157601
camCAN,3046,70.0,0.25,11.93530180758762
camCAN,3046,70.0,0.5,11.937172935302998
camCAN,3046,70.0,0.75,11.86627349692183
camCAN,3046,70.0,1.0,11.744740805592151
camCAN,3046,70.0,1.25,11.827771245044161
camCAN,3046,70.0,1.5,11.70533003084412
camCAN,3047,73.0,0.25,9.36686839087588
camCAN,3047,73.0,0.5,9.504473211888875
camCAN,3047,73.0,0.75,9.677562889195329
camCAN,3047,73.0,1.0,9.801436969735294
camCAN,3047,73.0,1.25,9.879127527971681
camCAN,3047,73.0,1.5,9.973106839934081
camCAN,3048,70.0,0.25,10.38569925282183
camCAN,3048,70.0,0.5,10.055589683203454
camCAN,3048,70.0,0.75,10.042842846661387
camCAN,3048,70.0,1.0,9.44596037659363
camCAN,3048,70.0,1.25,9.130977305977156
camCAN,3048,70.0,1.5,9.436314034366454
camCAN,3049,70.0,0.25,10.373508721893623
camCAN,3049,70.0,0.5,10.445401940428766
camCAN,3049,70.0,0.75,10.55126119102681
camCAN,3049,70.0,1.0,10.694927684033182
camCAN,3049,70.0,1.25,10.958642566573698
camCAN,3049,70.0,1.5,11.33743126697183
camCAN,3050,72.0,0.25,10.515487601849877
camCAN,3050,72.0,0.5,10.730224039725693
camCAN,3050,72.0,0.75,10.758798226716367
camCAN,3050,72.0,1.0,11.010941373039078
camCAN,3050,72.0,1.25,10.827686304365832
camCAN,3050,72.0,1.5,10.339834354818567
camCAN,3051,71.0,0.25,9.417236691385149
camCAN,3051,71.0,0.5,9.461926158456418
camCAN,3051,71.0,0.75,9.534828901742898
camCAN,3051,71.0,1.0,9.632124414680595
camCAN,3051,71.0,1.25,9.689795795022812
camCAN,3051,71.0,1.5,9.724544023281904
camCAN,3052,73.0,0.25,10.703385771341551
camCAN,3052,73.0,0.5,10.704412846225845
camCAN,3052,73.0,0.75,10.599772881942988
camCAN,3052,73.0,1.0,10.56010034909002
camCAN,3052,73.0,1.25,10.770410566736116
camCAN,3052,73.0,1.5,11.07719366092197
camCAN,3053,71.0,0.25,10.220970363254294
camCAN,3053,71.0,0.5,10.24859319392753
camCAN,3053,71.0,0.75,10.352381752117795
camCAN,3053,71.0,1.0,10.52651029136357
camCAN,3053,71.0,1.25,10.7105933389715
camCAN,3053,71.0,1.5,10.915472104043463
camCAN,3054,68.0,0.25,10.714396884118909
camCAN,3054,68.0,0.5,10.861765398813233
camCAN,3054,68.0,0.75,11.190410186156756
camCAN,3054,68.0,1.0,11.544576488364768
camCAN,3054,68.0,1.25,11.391451998475151
camCAN,3054,68.0,1.5,11.210441844800542
camCAN,3055,75.0,0.25,10.671812835455581
camCAN,3055,75.0,0.5,10.736449947137368
camCAN,3055,75.0,0.75,10.70252113987808
camCAN,3055,75.0,1.0,10.297067989373678
camCAN,3055,75.0,1.25,9.816038714343627
camCAN,3055,75.0,1.5,9.020909060181397
camCAN,3056,74.0,0.25,10.95659693805383
camCAN,3056,74.0,0.5,11.287831443404515
camCAN,3056,74.0,0.75,11.280221992301797
camCAN,3056,74.0,1.0,10.76700395710251
camCAN,3056,74.0,1.25,10.443146546449567
camCAN,3056,74.0,1.5,9.896116200232763
camCAN,3057,73.0,0.25,11.2496920738606
camCAN,3057,73.0,0.5,11.525128334886134
camCAN,3057,73.0,0.75,11.487610415899278
camCAN,3057,73.0,1.0,11.431381099529355
camCAN,3057,73.0,1.25,11.17791694614763
camCAN,3057,73.0,1.5,10.825825610554217
camCAN,3058,76.0,0.25,10.722241804019452
camCAN,3058,76.0,0.5,10.819643027555662
camCAN,3058,76.0,0.75,10.908776034930238
camCAN,3058,76.0,1.0,10.95508934772093
camCAN,3058,76.0,1.25,10.585058464448585
camCAN,3058,76.0,1.5,10.991724523723917
camCAN,3059,69.0,0.25,10.821839435460868
camCAN,3059,69.0,0.5,11.109900162068596
camCAN,3059,69.0,0.75,10.828759234978675
camCAN,3059,69.0,1.0,10.664157175646052
camCAN,3059,69.0,1.25,10.206725977796028
camCAN,3059,69.0,1.5,10.074005096867777
camCAN,3060,70.0,0.25,11.501886544408942
camCAN,3060,70.0,0.5,11.285784330654488
camCAN,3060,70.0,0.75,11.558175004655658
camCAN,3060,70.0,1.0,11.492436083652928
camCAN,3060,70.0,1.25,11.595593521148421
camCAN,3060,70.0,1.5,11.297558634071565
camCAN,3061,76.0,0.25,10.887883889043813
camCAN,3061,76.0,0.5,11.391515979929961
camCAN,3061,76.0,0.75,11.85825690337986
camCAN,3061,76.0,1.0,12.021026280975262
camCAN,3061,76.0,1.25,11.735711057230136
camCAN,3061,76.0,1.5,11.40764412705802
camCAN,3062,78.0,0.25,10.919227815144929
camCAN,3062,78.0,0.5,10.84063121678688
camCAN,3062,78.0,0.75,10.69082647403643
camCAN,3062,78.0,1.0,10.634704457851795
camCAN,3062,78.0,1.25,10.645708114715172
camCAN,3062,78.0,1.5,10.588790173067892
camCAN,3063,76.0,0.25,11.203934598899373
camCAN,3063,76.0,0.5,11.16887266991393
camCAN,3063,76.0,0.75,11.312084510567589
camCAN,3063,76.0,1.0,11.583118639083342
camCAN,3063,76.0,1.25,11.705538436869324
camCAN,3063,76.0,1.5,11.757652546684977
camCAN,3064,75.0,0.25,10.892043073438764
camCAN,3064,75.0,0.5,10.876610415378016
camCAN,3064,75.0,0.75,10.83419706433751
camCAN,3064,75.0,1.0,10.934453299414503
camCAN,3064,75.0,1.25,11.068279023603257
camCAN,3064,75.0,1.5,11.25587344663515
camCAN,3065,78.0,0.25,10.175266989838576
camCAN,3065,78.0,0.5,10.17530628539558
camCAN,3065,78.0,0.75,9.106131692096984
camCAN,3065,78.0,1.0,8.201711168475567
camCAN,3065,78.0,1.25,7.699952168917615
camCAN,3065,78.0,1.5,7.058305415067702
camCAN,3066,69.0,0.25,11.428237495511526
camCAN,3066,69.0,0.5,11.442759236572268
camCAN,3066,69.0,0.75,11.300520055207826
camCAN,3066,69.0,1.0,11.483431094631305
camCAN,3066,69.0,1.25,11.25623472801414
camCAN,3066,69.0,1.5,11.013563757393035
camCAN,3067,76.0,0.25,12.243960562297518
camCAN,3067,76.0,0.5,11.77167497196507
camCAN,3067,76.0,0.75,11.369342490549844
camCAN,3067,76.0,1.0,10.411896131653588
camCAN,3067,76.0,1.25,9.642270894305359
camCAN,3067,76.0,1.5,9.541283211699408
camCAN,3068,69.0,0.25,10.203661495960175
camCAN,3068,69.0,0.5,10.25841322557704
camCAN,3068,69.0,0.75,10.325144876554873
camCAN,3068,69.0,1.0,10.39084836399272
camCAN,3068,69.0,1.25,10.651464164599329
camCAN,3068,69.0,1.5,11.078356090500238
camCAN,3069,76.0,0.25,9.416001372248067
camCAN,3069,76.0,0.5,9.463648800932823
camCAN,3069,76.0,0.75,9.499572352442472
camCAN,3069,76.0,1.0,9.478077307449519
camCAN,3069,76.0,1.25,9.759624385496092
camCAN,3069,76.0,1.5,10.133012232369074
camCAN,3070,70.0,0.25,12.104225291632236
camCAN,3070,70.0,0.5,10.94232739409681
camCAN,3070,70.0,0.75,9.23562876811034
camCAN,3070,70.0,1.0,8.454345867797844
camCAN,3070,70.0,1.25,8.078174097596774
camCAN,3070,70.0,1.5,7.804797344643657
camCAN,3071,78.0,0.25,10.505616884234469
camCAN,3071,78.0,0.5,10.485046820914675
camCAN,3071,78.0,0.75,10.471215350202087
camCAN,3071,78.0,1.0,10.467233109968333
camCAN,3071,78.0,1.25,10.475042645309326
camCAN,3071,78.0,1.5,10.49454854851646
camCAN,3072,77.0,0.25,11.316358992555745
camCAN,3072,77.0,0.5,11.348023248994124
camCAN,3072,77.0,0.75,11.389503119690314
camCAN,3072,77.0,1.0,11.250091147667437
camCAN,3072,77.0,1.25,11.17817114421668
camCAN,3072,77.0,1.5,11.48603676988104
camCAN,3073,75.0,0.25,11.053609877850807
camCAN,3073,75.0,0.5,11.083019933963676
camCAN,3073,75.0,0.75,11.198433560615586
camCAN,3073,75.0,1.0,11.454587564129458
camCAN,3073,75.0,1.25,11.53456728924382
camCAN,3073,75.0,1.5,11.478008904598873
camCAN,3074,75.0,0.25,9.900014635507945
camCAN,3074,75.0,0.5,10.01368428732943
camCAN,3074,75.0,0.75,9.711470585578496
camCAN,3074,75.0,1.0,10.577957362678388
camCAN,3074,75.0,1.25,10.917689990631127
camCAN,3074,75.0,1.5,10.875400185901356
camCAN,3075,76.0,0.25,10.57831177912488
camCAN,3075,76.0,0.5,10.516707057006288
camCAN,3075,76.0,0.75,10.35742667403433
camCAN,3075,76.0,1.0,10.64598730279973
camCAN,3075,76.0,1.25,10.780511813743395
camCAN,3075,76.0,1.5,10.847472305613922
camCAN,3076,69.0,0.25,8.727875895435602
camCAN,3076,69.0,0.5,10.37978238530523
camCAN,3076,69.0,0.75,10.402262209691425
camCAN,3076,69.0,1.0,10.030035816988324
camCAN,3076,69.0,1.25,9.715178039953187
camCAN,3076,69.0,1.5,9.38254217706098
camCAN,3077,75.0,0.25,10.907768701720476
camCAN,3077,75.0,0.5,11.022372602383914
camCAN,3077,75.0,0.75,10.511920134526969
camCAN,3077,75.0,1.0,10.111504356943984
camCAN,3077,75.0,1.25,9.908522313058109
camCAN,3077,75.0,1.5,9.620837964996072
camCAN,3078,70.0,0.25,10.584401727872576
camCAN,3078,70.0,0.5,10.5316423594034
camCAN,3078,70.0,0.75,10.148152658149666
camCAN,3078,70.0,1.0,9.533955143297383
camCAN,3078,70.0,1.25,8.775055408301384
camCAN,3078,70.0,1.5,8.746723358347312
camCAN,3079,71.0,0.25,9.896268657049012
camCAN,3079,71.0,0.5,9.942498440259882
camCAN,3079,71.0,0.75,10.340259509305858
camCAN,3079,71.0,1.0,10.661533712165218
camCAN,3079,71.0,1.25,10.779601311532772
camCAN,3079,71.0,1.5,10.764526060665172
camCAN,3080,76.0,0.25,11.197147301763541
camCAN,3080,76.0,0.5,11.487347993176634
camCAN,3080,76.0,0.75,11.032379078775504
camCAN,3080,76.0,1.0,11.012399710787225
camCAN,3080,76.0,1.25,10.728098453879488
camCAN,3080,76.0,1.5,10.367766056419486
camCAN,3081,79.0,0.25,10.531236285182898
camCAN,3081,79.0,0.5,10.565549203386851
camCAN,3081,79.0,0.75,10.602498986245912
camCAN,3081,79.0,1.0,10.614046433411607
camCAN,3081,79.0,1.25,10.624624401218231
camCAN,3081,79.0,1.5,10.609451514822634
camCAN,3082,73.0,0.25,10.806985580311029
camCAN,3082,73.0,0.5,10.71398783526016
camCAN,3082,73.0,0.75,11.101249784676266
camCAN,3082,73.0,1.0,10.786238735869551
camCAN,3082,73.0,1.25,10.615235909706561
camCAN,3082,73.0,1.5,10.514952732610688
camCAN,3083,74.0,0.25,11.935847816999456
camCAN,3083,74.0,0.5,12.00930925721183
camCAN,3083,74.0,0.75,11.831350455429835
camCAN,3083,74.0,1.0,11.827012534031093
camCAN,3083,74.0,1.25,11.955864164958914
camCAN,3083,74.0,1.5,11.71027643043488
camCAN,3084,75.0,0.25,11.112083027026879
camCAN,3084,75.0,0.5,11.059075420527158
camCAN,3084,75.0,0.75,11.32351857482893
camCAN,3084,75.0,1.0,11.052650209883588
camCAN,3084,75.0,1.25,10.479411973861453
camCAN,3084,75.0,1.5,9.827038366587637
camCAN,3085,73.0,0.25,11.968964974159185
camCAN,3085,73.0,0.5,12.003348673537527
camCAN,3085,73.0,0.75,11.97252358283192
camCAN,3085,73.0,1.0,11.981895012275936
camCAN,3085,73.0,1.25,12.007213529257037
camCAN,3085,73.0,1.5,12.047628876129139
camCAN,3086,74.0,0.25,11.603570313342763
camCAN,3086,74.0,0.5,11.682781874526828
camCAN,3086,74.0,0.75,11.445077165434945
camCAN,3086,74.0,1.0,11.434361838877994
camCAN,3086,74.0,1.25,11.139612925591509
camCAN,3086,74.0,1.5,10.830740540061674
camCAN,3087,78.0,0.25,10.10328537160099
camCAN,3087,78.0,0.5,10.133625556113445
camCAN,3087,78.0,0.75,10.16057308805992
camCAN,3087,78.0,1.0,10.165234498116545
camCAN,3087,78.0,1.25,10.141095125801
camCAN,3087,78.0,1.5,10.124997978965357
camCAN,3088,74.0,0.25,11.899284089893124
camCAN,3088,74.0,0.5,11.855741557280718
camCAN,3088,74.0,0.75,11.871212397349266
camCAN,3088,74.0,1.0,11.890683408477786
camCAN,3088,74.0,1.25,11.76965218545469
camCAN,3088,74.0,1.5,11.468319009936925
camCAN,3089,76.0,0.25,10.664261994204738
camCAN,3089,76.0,0.5,10.638871093426104
camCAN,3089,76.0,0.75,10.800200451385047
camCAN,3089,76.0,1.0,10.893328076283268
camCAN,3089,76.0,1.25,10.925213726359482
camCAN,3089,76.0,1.5,10.91628197091373
camCAN,3090,72.0,0.25,11.803528785147984
camCAN,3090,72.0,0.5,11.862746701301877
camCAN,3090,72.0,0.75,11.92592832470404
camCAN,3090,72.0,1.0,11.95638611200785
camCAN,3090,72.0,1.25,11.900891533071766
camCAN,3090,72.0,1.5,12.071606887736158
camCAN,3091,71.0,0.25,11.7403734463076
camCAN,3091,71.0,0.5,11.59169874401959
camCAN,3091,71.0,0.75,11.341568310873454
camCAN,3091,71.0,1.0,11.169614434965816
camCAN,3091,71.0,1.25,10.558681764063396
camCAN,3091,71.0,1.5,10.182950102979355
camCAN,3092,77.0,0.25,10.681020995807565
camCAN,3092,77.0,0.5,10.643214814552449
camCAN,3092,77.0,0.75,10.449261340696456
camCAN,3092,77.0,1.0,10.222815080784676
camCAN,3092,77.0,1.25,10.006718969076243
camCAN,3092,77.0,1.5,9.917896579885909
camCAN,3093,79.0,0.25,11.828687933841213
camCAN,3093,79.0,0.5,9.898317534967049
camCAN,3093,79.0,0.75,8.17553383308632
camCAN,3093,79.0,1.0,7.6861756288630865
camCAN,3093,79.0,1.25,7.491011238229751
camCAN,3093,79.0,1.5,7.347901775392935
camCAN,3094,69.0,0.25,11.151144617437614
camCAN,3094,69.0,0.5,11.37221429197812
camCAN,3094,69.0,0.75,11.567007057914813
camCAN,3094,69.0,1.0,11.39023217774738
camCAN,3094,69.0,1.25,11.204496478006543
camCAN,3094,69.0,1.5,10.787741181637907
camCAN,3095,71.0,0.25,10.89868458311284
camCAN,3095,71.0,0.5,10.917991726334964
camCAN,3095,71.0,0.75,10.931988751945811
camCAN,3095,71.0,1.0,10.93746951542534
camCAN,3095,71.0,1.25,10.932578649149358
camCAN,3095,71.0,1.5,10.906812871094589
camCAN,3096,70.0,0.25,11.599240251540632
camCAN,3096,70.0,0.5,11.617785106945686
camCAN,3096,70.0,0.75,11.608294171679962
camCAN,3096,70.0,1.0,11.560297582416693
camCAN,3096,70.0,1.25,11.480459477724365
camCAN,3096,70.0,1.5,11.431876629677639
camCAN,3097,78.0,0.25,10.088948555232497
camCAN,3097,78.0,0.5,10.095159936912674
camCAN,3097,78.0,0.75,10.647762413115952
camCAN,3097,78.0,1.0,10.692016380677948
camCAN,3097,78.0,1.25,10.514434784482862
camCAN,3097,78.0,1.5,10.171952809285498
camCAN,3098,78.0,0.25,10.534755606164737
camCAN,3098,78.0,0.5,10.70500724359659
camCAN,3098,78.0,0.75,10.842977958906854
camCAN,3098,78.0,1.0,10.95093250506858
camCAN,3098,78.0,1.25,10.761963315322443
camCAN,3098,78.0,1.5,10.34411396710735
camCAN,3099,72.0,0.25,10.934186535042894
camCAN,3099,72.0,0.5,10.901605844391183
camCAN,3099,72.0,0.75,10.82807986590346
camCAN,3099,72.0,1.0,10.719063462549231
camCAN,3099,72.0,1.25,10.609881630674673
camCAN,3099,72.0,1.5,10.530771830227405
camCAN,3100,76.0,0.25,10.222491100834256
camCAN,3100,76.0,0.5,10.216846558053916
camCAN,3100,76.0,0.75,10.213089925934332
camCAN,3100,76.0,1.0,10.211484683083139
camCAN,3100,76.0,1.25,10.212224435121124
camCAN,3100,76.0,1.5,10.215327397409975
camCAN,3101,71.0,0.25,11.959042876026285
camCAN,3101,71.0,0.5,11.962609147903219
camCAN,3101,71.0,0.75,11.946475798279623
camCAN,3101,71.0,1.0,11.92749100221206
camCAN,3101,71.0,1.25,11.946900622849222
camCAN,3101,71.0,1.5,12.008544801559403
camCAN,3102,77.0,0.25,11.305291381202213
camCAN,3102,77.0,0.5,11.232484478498261
camCAN,3102,77.0,0.75,11.391047424540352
camCAN,3102,77.0,1.0,11.29644688809325
camCAN,3102,77.0,1.25,11.621978914851816
camCAN,3102,77.0,1.5,11.9775472713484
camCAN,3103,76.0,0.25,10.058276245616643
camCAN,3103,76.0,0.5,10.040049944332397
camCAN,3103,76.0,0.75,9.962562540475856
camCAN,3103,76.0,1.0,10.20270156725051
camCAN,3103,76.0,1.25,10.476188008434713
camCAN,3103,76.0,1.5,11.112993852178182
camCAN,3104,70.0,0.25,11.527562744840628
camCAN,3104,70.0,0.5,11.511478143411932
camCAN,3104,70.0,0.75,11.468313463705364
camCAN,3104,70.0,1.0,11.567762459118901
camCAN,3104,70.0,1.25,11.790543638552975
camCAN,3104,70.0,1.5,11.799357817107419
camCAN,3105,73.0,0.25,10.096213170412048
camCAN,3105,73.0,0.5,10.167158947137175
camCAN,3105,73.0,0.75,10.21008603365191
camCAN,3105,73.0,1.0,10.454662680574414
camCAN,3105,73.0,1.25,10.639492915540108
camCAN,3105,73.0,1.5,10.815165929996361
camCAN,3106,72.0,0.25,11.446060870521654
camCAN,3106,72.0,0.5,11.015475742058788
camCAN,3106,72.0,0.75,11.144150603002842
camCAN,3106,72.0,1.0,11.220371550369126
camCAN,3106,72.0,1.25,11.338373360623834
camCAN,3106,72.0,1.5,11.15718665642313
camCAN,3107,79.0,0.25,11.935440685849398
camCAN,3107,79.0,0.5,11.892292582229894
camCAN,3107,79.0,0.75,11.860086141467235
camCAN,3107,79.0,1.0,11.832761438504164
camCAN,3107,79.0,1.25,11.794894245636812
camCAN,3107,79.0,1.5,11.73436804825
camCAN,3108,73.0,0.25,10.82436830801637
camCAN,3108,73.0,0.5,11.47998817422318
camCAN,3108,73.0,0.75,11.348725267238407
camCAN,3108,73.0,1.0,11.090981236053633
camCAN,3108,73.0,1.25,10.50953719939881
camCAN,3108,73.0,1.5,9.840405731750927
camCAN,3109,79.0,0.25,10.734662988609813
camCAN,3109,79.0,0.5,11.132720934653502
camCAN,3109,79.0,0.75,11.449555322889433
camCAN,3109,79.0,1.0,11.052283458983878
camCAN,3109,79.0,1.25,10.196250148477878
camCAN,3109,79.0,1.5,9.648057655141637
camCAN,3110,83.0,0.25,11.741293851113111
camCAN,3110,83.0,0.5,11.80802262763758
camCAN,3110,83.0,0.75,11.532270527509722
camCAN,3110,83.0,1.0,11.61177715704299
camCAN,3110,83.0,1.25,11.285647581354011
camCAN,3110,83.0,1.5,10.682968341906964
camCAN,3111,86.0,0.25,11.04253003175508
camCAN,3111,86.0,0.5,11.032310201192203
camCAN,3111,86.0,0.75,11.027515460498115
camCAN,3111,86.0,1.0,11.021509517978519
camCAN,3111,86.0,1.25,11.013801212900681
camCAN,3111,86.0,1.5,11.005625946387575
camCAN,3112,85.0,0.25,10.300090950170114
camCAN,3112,85.0,0.5,10.585863202020027
camCAN,3112,85.0,0.75,10.79231844622829
camCAN,3112,85.0,1.0,10.90504744597172
camCAN,3112,85.0,1.25,11.022038184214397
camCAN,3112,85.0,1.5,11.134885749965894
camCAN,3113,83.0,0.25,11.45585552772619
camCAN,3113,83.0,0.5,11.460814145258693
camCAN,3113,83.0,0.75,11.42840225850135
camCAN,3113,83.0,1.0,11.436493905763117
camCAN,3113,83.0,1.25,11.401729348737696
camCAN,3113,83.0,1.5,11.37952289631133
camCAN,3114,79.0,0.25,11.545365296362204
camCAN,3114,79.0,0.5,11.706483345736565
camCAN,3114,79.0,0.75,11.805588242351282
camCAN,3114,79.0,1.0,11.593041736954357
camCAN,3114,79.0,1.25,11.4275774488854
camCAN,3114,79.0,1.5,11.40194675192491
camCAN,3115,79.0,0.25,11.779957331508193
camCAN,3115,79.0,0.5,11.661895934661878
camCAN,3115,79.0,0.75,11.366592171747152
camCAN,3115,79.0,1.0,11.269534205881229
camCAN,3115,79.0,1.25,10.876989859944551
camCAN,3115,79.0,1.5,10.853941501297522
camCAN,3116,81.0,0.25,10.878090966190582
camCAN,3116,81.0,0.5,10.894678152760573
camCAN,3116,81.0,0.75,10.90882226742684
camCAN,3116,81.0,1.0,10.948789522493918
camCAN,3116,81.0,1.25,10.811842771853112
camCAN,3116,81.0,1.5,11.122769062828793
camCAN,3117,84.0,0.25,11.740390919830226
camCAN,3117,84.0,0.5,11.74208678747791
camCAN,3117,84.0,0.75,11.717896174258161
camCAN,3117,84.0,1.0,11.670320531044212
camCAN,3117,84.0,1.25,11.587920620851898
camCAN,3117,84.0,1.5,11.432518298109407
camCAN,3118,82.0,0.25,10.793806251454864
camCAN,3118,82.0,0.5,10.877271067088996
camCAN,3118,82.0,0.75,10.915886418323545
camCAN,3118,82.0,1.0,10.666187518061703
camCAN,3118,82.0,1.25,10.30187095022648
camCAN,3118,82.0,1.5,10.442623019285785
camCAN,3119,84.0,0.25,11.325103457153123
camCAN,3119,84.0,0.5,11.388134280584781
camCAN,3119,84.0,0.75,11.438599961372585
camCAN,3119,84.0,1.0,11.4754659055963
camCAN,3119,84.0,1.25,11.507315358211876
camCAN,3119,84.0,1.5,11.540482247293106
camCAN,3120,82.0,0.25,11.259546288090004
camCAN,3120,82.0,0.5,11.159155045668923
camCAN,3120,82.0,0.75,10.941993302734287
camCAN,3120,82.0,1.0,10.350044665069365
camCAN,3120,82.0,1.25,9.877047049934482
camCAN,3120,82.0,1.5,9.257307588125574
camCAN,3121,81.0,0.25,11.487557887476084
camCAN,3121,81.0,0.5,11.53861382280158
camCAN,3121,81.0,0.75,11.431420326602536
camCAN,3121,81.0,1.0,11.259520988792879
camCAN,3121,81.0,1.25,11.364279133721373
camCAN,3121,81.0,1.5,11.32247298031419
camCAN,3122,86.0,0.25,11.233350012423822
camCAN,3122,86.0,0.5,11.265001331088921
camCAN,3122,86.0,0.75,11.478681343426857
camCAN,3122,86.0,1.0,11.673153460112822
camCAN,3122,86.0,1.25,11.427971834752787
camCAN,3122,86.0,1.5,11.145791542953408
camCAN,3123,83.0,0.25,11.49762282618553
camCAN,3123,83.0,0.5,11.590189150791463
camCAN,3123,83.0,0.75,11.540261474272581
camCAN,3123,83.0,1.0,11.400665144013375
camCAN,3123,83.0,1.25,11.048870790538606
camCAN,3123,83.0,1.5,10.647810709034077
camCAN,3124,79.0,0.25,12.084648060993505
camCAN,3124,79.0,0.5,11.369822849516822
camCAN,3124,79.0,0.75,10.465728370569764
camCAN,3124,79.0,1.0,10.179084967335687
camCAN,3124,79.0,1.25,10.142539471757198
camCAN,3124,79.0,1.5,9.969334842335654
camCAN,3125,81.0,0.25,10.532780267949626
camCAN,3125,81.0,0.5,10.638525099408376
camCAN,3125,81.0,0.75,10.725234735223976
camCAN,3125,81.0,1.0,10.673475674036476
camCAN,3125,81.0,1.25,10.555960487441673
camCAN,3125,81.0,1.5,10.75867750119478
camCAN,3126,84.0,0.25,10.816662751564724
camCAN,3126,84.0,0.5,10.307034811776186
camCAN,3126,84.0,0.75,10.071907090073985
camCAN,3126,84.0,1.0,9.56005550962558
camCAN,3126,84.0,1.25,9.369208066272439
camCAN,3126,84.0,1.5,9.243054790733222
camCAN,3127,83.0,0.25,9.538585428909196
camCAN,3127,83.0,0.5,9.548951507819181
camCAN,3127,83.0,0.75,9.433074103172613
camCAN,3127,83.0,1.0,9.494901406848514
camCAN,3127,83.0,1.25,9.813835861023938
camCAN,3127,83.0,1.5,9.974276025442412
camCAN,3128,85.0,0.25,10.924506636740553
camCAN,3128,85.0,0.5,10.956194383213457
camCAN,3128,85.0,0.75,10.807836830185208
camCAN,3128,85.0,1.0,10.676520227268588
camCAN,3128,85.0,1.25,10.958593916223881
camCAN,3128,85.0,1.5,11.137803988206615
camCAN,3129,83.0,0.25,10.048298636236249
camCAN,3129,83.0,0.5,10.179186122457212
camCAN,3129,83.0,0.75,10.17219882586033
camCAN,3129,83.0,1.0,10.11645538954204
camCAN,3129,83.0,1.25,10.359792652588657
camCAN,3129,83.0,1.5,10.387604329067385
camCAN,3130,84.0,0.25,11.717070964649023
camCAN,3130,84.0,0.5,11.644786502514258
camCAN,3130,84.0,0.75,11.590172283516386
camCAN,3130,84.0,1.0,11.59277685931061
camCAN,3130,84.0,1.25,11.463073505692206
camCAN,3130,84.0,1.5,11.493055113251332
camCAN,3131,82.0,0.25,11.184202849212634
camCAN,3131,82.0,0.5,11.139150076561913
camCAN,3131,82.0,0.75,11.376949196649157
camCAN,3131,82.0,1.0,11.50668897844259
camCAN,3131,82.0,1.25,11.576843921961506
camCAN,3131,82.0,1.5,11.544188017800112
camCAN,3132,85.0,0.25,10.621742422490918
camCAN,3132,85.0,0.5,10.608765339998818
camCAN,3132,85.0,0.75,10.603462619641805
camCAN,3132,85.0,1.0,10.616367942961208
camCAN,3132,85.0,1.25,10.65295042763774
camCAN,3132,85.0,1.5,10.7102358663539
camCAN,3133,80.0,0.25,10.743013972519012
camCAN,3133,80.0,0.5,10.81345894223951
camCAN,3133,80.0,0.75,10.869336768907962
camCAN,3133,80.0,1.0,10.89279931734093
camCAN,3133,80.0,1.25,10.881874653048815
camCAN,3133,80.0,1.5,10.481749502728958
camCAN,3134,79.0,0.25,10.208417406828502
camCAN,3134,79.0,0.5,10.516402540915035
camCAN,3134,79.0,0.75,10.781508744163643
camCAN,3134,79.0,1.0,10.980871772654014
camCAN,3134,79.0,1.25,11.146817634182907
camCAN,3134,79.0,1.5,11.588646323214022
camCAN,3135,80.0,0.25,10.968444258270857
camCAN,3135,80.0,0.5,11.03753191725452
camCAN,3135,80.0,0.75,11.13419295310325
camCAN,3135,80.0,1.0,11.094009498884065
camCAN,3135,80.0,1.25,10.988137415773018
camCAN,3135,80.0,1.5,11.201032195539671
camCAN,3136,89.0,0.25,10.51291317607052
camCAN,3136,89.0,0.5,10.523843984386549
camCAN,3136,89.0,0.75,10.545384117665142
camCAN,3136,89.0,1.0,10.699736784062226
camCAN,3136,89.0,1.25,10.876407972651634
camCAN,3136,89.0,1.5,10.912496368248114
camCAN,3137,80.0,0.25,10.064132199510672
camCAN,3137,80.0,0.5,10.411400840240214
camCAN,3137,80.0,0.75,11.131040078699481
camCAN,3137,80.0,1.0,10.838972965428875
camCAN,3137,80.0,1.25,10.620395840307168
camCAN,3137,80.0,1.5,10.334275222607035
camCAN,3138,81.0,0.25,11.310788390711773
camCAN,3138,81.0,0.5,11.408449333005194
camCAN,3138,81.0,0.75,11.471451195297908
camCAN,3138,81.0,1.0,11.441489410493134
camCAN,3138,81.0,1.25,11.383606172829724
camCAN,3138,81.0,1.5,11.239567583738145
camCAN,3139,86.0,0.25,10.620351723705477
camCAN,3139,86.0,0.5,10.652205384367614
camCAN,3139,86.0,0.75,10.226827217649609
camCAN,3139,86.0,1.0,10.643686828435964
camCAN,3139,86.0,1.25,10.634762453943727
camCAN,3139,86.0,1.5,10.627338649257041
camCAN,3140,85.0,0.25,11.169429668297566
camCAN,3140,85.0,0.5,11.19224781824031
camCAN,3140,85.0,0.75,11.195275640750532
camCAN,3140,85.0,1.0,11.163767675503967
camCAN,3140,85.0,1.25,11.002596282855603
camCAN,3140,85.0,1.5,10.984669075325261
camCAN,3141,87.0,0.25,11.26786024563388
camCAN,3141,87.0,0.5,11.176587087751539
camCAN,3141,87.0,0.75,11.031908866846848
camCAN,3141,87.0,1.0,11.136913526000631
camCAN,3141,87.0,1.25,11.22672675825031
camCAN,3141,87.0,1.5,11.23011041683042
camCAN,3142,83.0,0.25,10.166047453347295
camCAN,3142,83.0,0.5,10.358880785230843
camCAN,3142,83.0,0.75,10.41609878298306
camCAN,3142,83.0,1.0,10.313250239630543
camCAN,3142,83.0,1.25,10.699740214284983
camCAN,3142,83.0,1.5,10.666409158714513
camCAN,3143,83.0,0.25,11.988195497011622
camCAN,3143,83.0,0.5,12.072985127578853
camCAN,3143,83.0,0.75,10.95778573459372
camCAN,3143,83.0,1.0,9.896294956708324
camCAN,3143,83.0,1.25,9.119469836704308
camCAN,3143,83.0,1.5,8.745380798796528
camCAN,3144,81.0,0.25,10.042536106432934
camCAN,3144,81.0,0.5,10.116603996006882
camCAN,3144,81.0,0.75,9.979972679383167
camCAN,3144,81.0,1.0,10.328280700128541
camCAN,3144,81.0,1.25,10.504863876472589
camCAN,3144,81.0,1.5,10.764832933356423
camCAN,3145,80.0,0.25,11.454213049983045
camCAN,3145,80.0,0.5,11.608151438045374
camCAN,3145,80.0,0.75,11.826087133730786
camCAN,3145,80.0,1.0,11.887244881379287
camCAN,3145,80.0,1.25,11.990309984931196
camCAN,3145,80.0,1.5,11.746210344013694
camCAN,3146,79.0,0.25,10.682338819929623
camCAN,3146,79.0,0.5,10.8432078669923
camCAN,3146,79.0,0.75,10.98695199964211
camCAN,3146,79.0,1.0,11.36962025257341
camCAN,3146,79.0,1.25,11.542235137680699
camCAN,3146,79.0,1.5,11.545278733992802
camCAN,3147,78.0,0.25,9.948356305675585
camCAN,3147,78.0,0.5,10.695538048440074
camCAN,3147,78.0,0.75,10.944163924133818
camCAN,3147,78.0,1.0,10.782706983915947
camCAN,3147,78.0,1.25,11.268484585922028
camCAN,3147,78.0,1.5,11.173935556689026
camCAN,3148,80.0,0.25,11.714324841679913
camCAN,3148,80.0,0.5,11.795164385787729
camCAN,3148,80.0,0.75,11.839793383498321
camCAN,3148,80.0,1.0,11.873094472733946
camCAN,3148,80.0,1.25,11.8803304526994
camCAN,3148,80.0,1.5,11.77412037284733
camCAN,3149,84.0,0.25,10.083051849266779
camCAN,3149,84.0,0.5,10.173944506437334
camCAN,3149,84.0,0.75,10.268915701209451
camCAN,3149,84.0,1.0,10.163314801260467
camCAN,3149,84.0,1.25,10.201591688688389
camCAN,3149,84.0,1.5,10.398909419797839
camCAN,3150,81.0,0.25,12.195392751286445
camCAN,3150,81.0,0.5,12.148832201648531
camCAN,3150,81.0,0.75,12.005754212204828
camCAN,3150,81.0,1.0,11.72532515588737
camCAN,3150,81.0,1.25,11.555165003723118
camCAN,3150,81.0,1.5,11.485763951815215
camCAN,3151,80.0,0.25,10.290882377589762
camCAN,3151,80.0,0.5,10.351467757058328
camCAN,3151,80.0,0.75,10.16443055610467
camCAN,3151,80.0,1.0,10.576477233757448
camCAN,3151,80.0,1.25,10.740301117188373
camCAN,3151,80.0,1.5,10.793184292127194
camCAN,3152,84.0,0.25,10.21985489244946
camCAN,3152,84.0,0.5,10.305967319524509
camCAN,3152,84.0,0.75,10.396843263090128
camCAN,3152,84.0,1.0,9.918774606930832
camCAN,3152,84.0,1.25,9.656659716088523
camCAN,3152,84.0,1.5,9.510279958915822
camCAN,3153,86.0,0.25,9.977847152767973
camCAN,3153,86.0,0.5,10.00875971616453
camCAN,3153,86.0,0.75,9.950753708752694
camCAN,3153,86.0,1.0,9.832987897349662
camCAN,3153,86.0,1.25,9.675180973370207
camCAN,3153,86.0,1.5,9.508641705145662
camCAN,3154,83.0,0.25,11.088975077118054
camCAN,3154,83.0,0.5,11.100000872612334
camCAN,3154,83.0,0.75,11.09580152816287
camCAN,3154,83.0,1.0,11.042769346366455
camCAN,3154,83.0,1.25,10.853585517639845
camCAN,3154,83.0,1.5,11.012399797077999
camCAN,3155,81.0,0.25,10.952823938853262
camCAN,3155,81.0,0.5,10.935546347841665
camCAN,3155,81.0,0.75,11.045429728575087
camCAN,3155,81.0,1.0,11.122970285005081
camCAN,3155,81.0,1.25,11.068391564297121
camCAN,3155,81.0,1.5,10.913931400629952
camCAN,3156,79.0,0.25,10.804054228858243
camCAN,3156,79.0,0.5,10.960004948113431
camCAN,3156,79.0,0.75,10.836062314805133
camCAN,3156,79.0,1.0,10.567014579940647
camCAN,3156,79.0,1.25,10.279967432171624
camCAN,3156,79.0,1.5,10.01801719508146
camCAN,3157,84.0,0.25,11.565943157032969
camCAN,3157,84.0,0.5,11.50486369510839
camCAN,3157,84.0,0.75,11.520288324006527
camCAN,3157,84.0,1.0,11.536550752764573
camCAN,3157,84.0,1.25,11.506940262189014
camCAN,3157,84.0,1.5,11.67231490903945
camCAN,3158,82.0,0.25,10.454369078459832
camCAN,3158,82.0,0.5,10.439988311783788
camCAN,3158,82.0,0.75,10.494669961915296
camCAN,3158,82.0,1.0,10.604658211469065
camCAN,3158,82.0,1.25,10.761990733229144
camCAN,3158,82.0,1.5,10.953171170552986
camCAN,3159,81.0,0.25,9.473704165307339
camCAN,3159,81.0,0.5,9.743192225923744
camCAN,3159,81.0,0.75,10.044280824480095
camCAN,3159,81.0,1.0,9.856948429976285
camCAN,3159,81.0,1.25,10.32411667785127
camCAN,3159,81.0,1.5,10.481786834617514
camCAN,3160,80.0,0.25,11.980810026178586
camCAN,3160,80.0,0.5,11.843952439677775
camCAN,3160,80.0,0.75,12.053577508603976
camCAN,3160,80.0,1.0,12.11745233615882
camCAN,3160,80.0,1.25,12.03268051952419
camCAN,3160,80.0,1.5,11.843955315572515
camCAN,3161,82.0,0.25,11.160975177912592
camCAN,3161,82.0,0.5,11.320627103182904
camCAN,3161,82.0,0.75,10.780767895553964
camCAN,3161,82.0,1.0,10.094983166436506
camCAN,3161,82.0,1.25,9.41678603180679
camCAN,3161,82.0,1.5,9.039170628563852
camCAN,3162,79.0,0.25,10.578280965179145
camCAN,3162,79.0,0.5,11.531191493138307
camCAN,3162,79.0,0.75,11.25089893139897
camCAN,3162,79.0,1.0,10.597383717952804
camCAN,3162,79.0,1.25,9.976183979284697
camCAN,3162,79.0,1.5,9.457852114207807
camCAN,3163,84.0,0.25,10.43519938558641
camCAN,3163,84.0,0.5,10.43685704530878
camCAN,3163,84.0,0.75,10.576215667738154
camCAN,3163,84.0,1.0,10.612288384669887
camCAN,3163,84.0,1.25,10.40642405987072
camCAN,3163,84.0,1.5,10.429892850892593
camCAN,3164,80.0,0.25,10.967609695325589
camCAN,3164,80.0,0.5,11.018829807742467
camCAN,3164,80.0,0.75,11.15309993691996
camCAN,3164,80.0,1.0,11.29052377035167
camCAN,3164,80.0,1.25,11.319197830661825
camCAN,3164,80.0,1.5,11.201344528658346
camCAN,3165,79.0,0.25,11.159721195263256
camCAN,3165,79.0,0.5,11.260856221288236
camCAN,3165,79.0,0.75,9.932305083484367
camCAN,3165,79.0,1.0,8.842207637833791
camCAN,3165,79.0,1.25,7.700675261663698
camCAN,3165,79.0,1.5,7.619160639120803
camCAN,3166,80.0,0.25,11.213257007913429
camCAN,3166,80.0,0.5,11.100065045669327
camCAN,3166,80.0,0.75,10.585295633882806
camCAN,3166,80.0,1.0,9.766664933800218
camCAN,3166,80.0,1.25,9.193752503432798
camCAN,3166,80.0,1.5,9.0373556723741
camCAN,3167,88.0,0.25,11.934528995824282
camCAN,3167,88.0,0.5,11.491261767076017
camCAN,3167,88.0,0.75,10.6792089265276
camCAN,3167,88.0,1.0,9.702027181429607
camCAN,3167,88.0,1.25,9.148737291504629
camCAN,3167,88.0,1.5,9.008356466003928
camCAN,3168,81.0,0.25,11.373464434412035
camCAN,3168,81.0,0.5,11.406842825711314
camCAN,3168,81.0,0.75,11.238957727389245
camCAN,3168,81.0,1.0,11.040343665036456
camCAN,3168,81.0,1.25,9.930731428716294
camCAN,3168,81.0,1.5,9.426041215816646
camCAN,3169,79.0,0.25,9.297628063007002
camCAN,3169,79.0,0.5,9.270184289550128
camCAN,3169,79.0,0.75,9.24244631506069
camCAN,3169,79.0,1.0,9.217106219426588
camCAN,3169,79.0,1.25,9.203041855677254
camCAN,3169,79.0,1.5,9.217165903555502
camCAN,3170,87.0,0.25,10.659348457931738
camCAN,3170,87.0,0.5,10.55979215390506
camCAN,3170,87.0,0.75,10.74044241457892
camCAN,3170,87.0,1.0,10.761292188629733
camCAN,3170,87.0,1.25,11.310773599265262
camCAN,3170,87.0,1.5,11.354182554021868
camCAN,3171,81.0,0.25,12.132001496158932
camCAN,3171,81.0,0.5,12.158987786641259
camCAN,3171,81.0,0.75,12.16325398848737
camCAN,3171,81.0,1.0,12.144473520400252
camCAN,3171,81.0,1.25,11.935817862629742
camCAN,3171,81.0,1.5,12.091353193895296
camCAN,3172,81.0,0.25,9.962454478614351
camCAN,3172,81.0,0.5,9.966353409522545
camCAN,3172,81.0,0.75,10.01108927456699
camCAN,3172,81.0,1.0,10.088373152363845
camCAN,3172,81.0,1.25,10.184089747208349
camCAN,3172,81.0,1.5,10.289261058032816
camCAN,3173,79.0,0.25,11.47467823128855
camCAN,3173,79.0,0.5,11.505867915765538
camCAN,3173,79.0,0.75,11.524830647652529
camCAN,3173,79.0,1.0,11.529605821868007
camCAN,3173,79.0,1.25,11.56206430482305
camCAN,3173,79.0,1.5,11.619272466483038
camCAN,3174,85.0,0.25,11.416542340174557
camCAN,3174,85.0,0.5,11.428436630245896
camCAN,3174,85.0,0.75,11.464650436812342
camCAN,3174,85.0,1.0,11.51554867333621
camCAN,3174,85.0,1.25,11.574962023099523
camCAN,3174,85.0,1.5,11.638888674760285
camCAN,3175,83.0,0.25,11.469094878000174
camCAN,3175,83.0,0.5,11.53368320783479
camCAN,3175,83.0,0.75,11.584920113972078
camCAN,3175,83.0,1.0,11.647601244276407
camCAN,3175,83.0,1.25,11.610945521552422
camCAN,3175,83.0,1.5,11.514934715560777
camCAN,3176,80.0,0.25,10.013651330293374
camCAN,3176,80.0,0.5,9.966920703310853
camCAN,3176,80.0,0.75,10.473383220557862
camCAN,3176,80.0,1.0,11.143793720084984
camCAN,3176,80.0,1.25,11.530185083120674
camCAN,3176,80.0,1.5,11.596637317664989
camCAN,3177,88.0,0.25,9.905020088633421
camCAN,3177,88.0,0.5,9.897392524294233
camCAN,3177,88.0,0.75,10.205086221067749
camCAN,3177,88.0,1.0,10.360299365118768
camCAN,3177,88.0,1.25,10.066664581193448
camCAN,3177,88.0,1.5,10.473915252857037
camCAN,3178,79.0,0.25,11.149669415939194
camCAN,3178,79.0,0.5,11.157146429353372
camCAN,3178,79.0,0.75,11.145258357128455
camCAN,3178,79.0,1.0,11.091057300583218
camCAN,3178,79.0,1.25,11.332431684553017
camCAN,3178,79.0,1.5,11.447150958094072
camCAN,3179,82.0,0.25,11.51137538712923
camCAN,3179,82.0,0.5,11.63407656504861
camCAN,3179,82.0,0.75,11.601678288491124
camCAN,3179,82.0,1.0,11.253705856494049
camCAN,3179,82.0,1.25,11.493073301604928
camCAN,3179,82.0,1.5,11.168649433357027
camCAN,3180,81.0,0.25,10.769083332994521
camCAN,3180,81.0,0.5,10.757249980085156
camCAN,3180,81.0,0.75,10.663226438629975
camCAN,3180,81.0,1.0,10.549237212690844
camCAN,3180,81.0,1.25,10.553765514875819
camCAN,3180,81.0,1.5,10.620752428738973
camCAN,3181,83.0,0.25,11.912914226480051
camCAN,3181,83.0,0.5,11.934208865422766
camCAN,3181,83.0,0.75,11.957959811702874
camCAN,3181,83.0,1.0,11.971227377694639
camCAN,3181,83.0,1.25,12.042224681688516
camCAN,3181,83.0,1.5,11.8894772338638
camCAN,3182,81.0,0.25,11.178281003731078
camCAN,3182,81.0,0.5,11.206358583638277
camCAN,3182,81.0,0.75,11.337143673158948
camCAN,3182,81.0,1.0,11.680345295785376
camCAN,3182,81.0,1.25,11.607814989942897
camCAN,3182,81.0,1.5,11.500963664221526
camCAN,3183,81.0,0.25,11.276667050793352
camCAN,3183,81.0,0.5,11.27955856866663
camCAN,3183,81.0,0.75,11.304926901489226
camCAN,3183,81.0,1.0,11.369781268195414
camCAN,3183,81.0,1.25,11.467592377680807
camCAN,3183,81.0,1.5,11.56558368855188
camCAN,3184,79.0,0.25,11.474269866884983
camCAN,3184,79.0,0.5,11.426255720262759
camCAN,3184,79.0,0.75,11.397524060496565
camCAN,3184,79.0,1.0,11.177038914302853
camCAN,3184,79.0,1.25,11.221914950195517
camCAN,3184,79.0,1.5,10.835479469115992
camCAN,3185,84.0,0.25,11.305016209695745
camCAN,3185,84.0,0.5,11.200561590325911
camCAN,3185,84.0,0.75,11.202281715909864
camCAN,3185,84.0,1.0,11.515275604360431
camCAN,3185,84.0,1.25,11.611875759667916
camCAN,3185,84.0,1.5,11.439845632624909
camCAN,3186,80.0,0.25,10.967785378405422
camCAN,3186,80.0,0.5,11.008721057798862
camCAN,3186,80.0,0.75,11.043478699001048
camCAN,3186,80.0,1.0,11.063350627639963
camCAN,3186,80.0,1.25,11.223151320389537
camCAN,3186,80.0,1.5,11.334588972843687
camCAN,3187,87.0,0.25,11.146063951255709
camCAN,3187,87.0,0.5,11.676428051686266
camCAN,3187,87.0,0.75,11.383391359857152
camCAN,3187,87.0,1.0,11.610664927604832
camCAN,3187,87.0,1.25,11.141462446659554
camCAN,3187,87.0,1.5,10.70082173590515
camCAN,3188,79.0,0.25,9.978156342311433
camCAN,3188,79.0,0.5,10.046721691524754
camCAN,3188,79.0,0.75,10.102721972597394
camCAN,3188,79.0,1.0,10.150512653118025
camCAN,3188,79.0,1.25,10.19399716654442
camCAN,3188,79.0,1.5,10.234719301451143
camCAN,3189,80.0,0.25,8.850655816054967
camCAN,3189,80.0,0.5,9.199274670876344
camCAN,3189,80.0,0.75,9.466190315921171
camCAN,3189,80.0,1.0,9.508469032451062
camCAN,3189,80.0,1.25,9.364710191272865
camCAN,3189,80.0,1.5,9.103698878598124
camCAN,3190,79.0,0.25,9.275346875534561
camCAN,3190,79.0,0.5,9.277987369795419
camCAN,3190,79.0,0.75,9.292902556349315
camCAN,3190,79.0,1.0,9.309598704984165
camCAN,3190,79.0,1.25,9.188174688000112
camCAN,3190,79.0,1.5,9.452258982948075
camCAN,3191,80.0,0.25,11.143904998870518
camCAN,3191,80.0,0.5,11.150483107237044
camCAN,3191,80.0,0.75,11.164293662262683
camCAN,3191,80.0,1.0,11.190491428797532
camCAN,3191,80.0,1.25,11.230625121484579
camCAN,3191,80.0,1.5,11.276242924621108
camCAN,3192,84.0,0.25,10.29246209056172
camCAN,3192,84.0,0.5,10.44483154505834
camCAN,3192,84.0,0.75,10.67093176198937
camCAN,3192,84.0,1.0,10.778998704953361
camCAN,3192,84.0,1.25,10.865291076712527
camCAN,3192,84.0,1.5,10.933946680277652
camCAN,3193,80.0,0.25,9.848858109659727
camCAN,3193,80.0,0.5,9.915753074823384
camCAN,3193,80.0,0.75,9.964451405832193
camCAN,3193,80.0,1.0,9.863561620944989
camCAN,3193,80.0,1.25,9.992224790061764
camCAN,3193,80.0,1.5,9.760039288350836
camCAN,3194,86.0,0.25,9.090255049223067
camCAN,3194,86.0,0.5,9.177839802956239
camCAN,3194,86.0,0.75,9.250967794969501
camCAN,3194,86.0,1.0,9.656483678968991
camCAN,3194,86.0,1.25,9.972427395877911
camCAN,3194,86.0,1.5,10.407936654020123
HCPa,3195,47.0,0.25,11.19774198211476
HCPa,3195,47.0,0.5,11.04506622366698
HCPa,3195,47.0,0.75,10.936872532123465
HCPa,3195,47.0,1.0,10.227148599206421
HCPa,3195,47.0,1.25,10.013632259176145
HCPa,3195,47.0,1.5,9.878022860524258
HCPa,3196,65.0,0.25,10.646548515111872
HCPa,3196,65.0,0.5,11.151491920103776
HCPa,3196,65.0,0.75,11.315064990780447
HCPa,3196,65.0,1.0,10.853235920506771
HCPa,3196,65.0,1.25,10.13700220935771
HCPa,3196,65.0,1.5,9.420604804727468
HCPa,3197,36.0,0.25,11.388628384408257
HCPa,3197,36.0,0.5,11.423887070279
HCPa,3197,36.0,0.75,11.346494236870845
HCPa,3197,36.0,1.0,11.391038400193633
HCPa,3197,36.0,1.25,11.131404462420337
HCPa,3197,36.0,1.5,10.862502076238982
HCPa,3198,45.0,0.25,11.249286932318228
HCPa,3198,45.0,0.5,10.39096318897547
HCPa,3198,45.0,0.75,9.486676003713093
HCPa,3198,45.0,1.0,9.2338151603464
HCPa,3198,45.0,1.25,8.942558163446941
HCPa,3198,45.0,1.5,9.000847346634346
HCPa,3199,53.0,0.25,10.497110616669781
HCPa,3199,53.0,0.5,10.48619739138387
HCPa,3199,53.0,0.75,10.267294245693396
HCPa,3199,53.0,1.0,9.714698884477828
HCPa,3199,53.0,1.25,9.372775045105247
HCPa,3199,53.0,1.5,8.92314212402853
HCPa,3200,60.0,0.25,10.584579456228587
HCPa,3200,60.0,0.5,10.493913934087507
HCPa,3200,60.0,0.75,10.361347838305063
HCPa,3200,60.0,1.0,10.364033532017237
HCPa,3200,60.0,1.25,10.333692678747983
HCPa,3200,60.0,1.5,10.198199556754828
HCPa,3201,36.0,0.25,11.43586768949766
HCPa,3201,36.0,0.5,11.355781189294833
HCPa,3201,36.0,0.75,10.62172675359179
HCPa,3201,36.0,1.0,9.948006921824152
HCPa,3201,36.0,1.25,9.38908059801703
HCPa,3201,36.0,1.5,9.287167555737517
HCPa,3202,63.0,0.25,10.256140626141622
HCPa,3202,63.0,0.5,10.209988695724071
HCPa,3202,63.0,0.75,10.365472886809254
HCPa,3202,63.0,1.0,10.914731062280572
HCPa,3202,63.0,1.25,11.402549287294288
HCPa,3202,63.0,1.5,11.246045425924253
HCPa,3203,78.0,0.25,12.051327394783543
HCPa,3203,78.0,0.5,11.058315826308563
HCPa,3203,78.0,0.75,10.348127735390156
HCPa,3203,78.0,1.0,10.369070937663738
HCPa,3203,78.0,1.25,10.144807967302905
HCPa,3203,78.0,1.5,10.173916361043664
HCPa,3204,82.0,0.25,9.328451975951811
HCPa,3204,82.0,0.5,9.417792239147749
HCPa,3204,82.0,0.75,9.540632402228493
HCPa,3204,82.0,1.0,9.687565258512388
HCPa,3204,82.0,1.25,9.909498324129615
HCPa,3204,82.0,1.5,9.882106407815131
HCPa,3205,89.0,0.25,10.892510405846826
HCPa,3205,89.0,0.5,11.022774024916705
HCPa,3205,89.0,0.75,11.14604323870479
HCPa,3205,89.0,1.0,11.234613987073024
HCPa,3205,89.0,1.25,11.309549646042312
HCPa,3205,89.0,1.5,11.359196936362212
HCPa,3206,64.0,0.25,10.29866211412057
HCPa,3206,64.0,0.5,10.425305745710249
HCPa,3206,64.0,0.75,10.411796710013832
HCPa,3206,64.0,1.0,10.609295437589738
HCPa,3206,64.0,1.25,10.847492071460199
HCPa,3206,64.0,1.5,10.995776490604127
HCPa,3207,76.0,0.25,11.553187148242511
HCPa,3207,76.0,0.5,11.611831516687065
HCPa,3207,76.0,0.75,11.657488212587802
HCPa,3207,76.0,1.0,11.71534588414091
HCPa,3207,76.0,1.25,11.779059870774233
HCPa,3207,76.0,1.5,11.792328742718297
HCPa,3208,41.0,0.25,12.002850774385621
HCPa,3208,41.0,0.5,11.556490296878298
HCPa,3208,41.0,0.75,11.322174861245333
HCPa,3208,41.0,1.0,10.734380091779004
HCPa,3208,41.0,1.25,10.186454563316733
HCPa,3208,41.0,1.5,9.761679911286429
HCPa,3209,85.0,0.25,10.485054403733676
HCPa,3209,85.0,0.5,10.497582724564493
HCPa,3209,85.0,0.75,10.54840349597329
HCPa,3209,85.0,1.0,10.56707022272791
HCPa,3209,85.0,1.25,10.5643048779089
HCPa,3209,85.0,1.5,10.912011298834809
HCPa,3210,79.0,0.25,11.65252750713994
HCPa,3210,79.0,0.5,11.685645082002816
HCPa,3210,79.0,0.75,11.608083298648566
HCPa,3210,79.0,1.0,11.380055778518075
HCPa,3210,79.0,1.25,11.354901563931254
HCPa,3210,79.0,1.5,11.299877634835891
HCPa,3211,72.0,0.25,10.749610222444188
HCPa,3211,72.0,0.5,11.439437569039958
HCPa,3211,72.0,0.75,11.683121575043364
HCPa,3211,72.0,1.0,11.109012346781691
HCPa,3211,72.0,1.25,10.488494757758184
HCPa,3211,72.0,1.5,9.971905027495264
HCPa,3212,75.0,0.25,11.056144404197106
HCPa,3212,75.0,0.5,11.053046277710187
HCPa,3212,75.0,0.75,11.030075365042098
HCPa,3212,75.0,1.0,10.973235352383098
HCPa,3212,75.0,1.25,11.161051472352366
HCPa,3212,75.0,1.5,11.027598081523298
HCPa,3213,81.0,0.25,11.197683525201214
HCPa,3213,81.0,0.5,11.125568711746007
HCPa,3213,81.0,0.75,11.134940595517605
HCPa,3213,81.0,1.0,11.291722904613822
HCPa,3213,81.0,1.25,11.364855905468804
HCPa,3213,81.0,1.5,11.382064192387684
HCPa,3214,90.0,0.25,10.968270154907103
HCPa,3214,90.0,0.5,11.022187567887059
HCPa,3214,90.0,0.75,10.790528212541398
HCPa,3214,90.0,1.0,10.876179710352252
HCPa,3214,90.0,1.25,10.615599094697814
HCPa,3214,90.0,1.5,10.424655428620738
HCPa,3215,55.0,0.25,11.173684117172154
HCPa,3215,55.0,0.5,11.068028354467447
HCPa,3215,55.0,0.75,10.085331152748038
HCPa,3215,55.0,1.0,9.05447975709535
HCPa,3215,55.0,1.25,8.889317021534355
HCPa,3215,55.0,1.5,8.780648861542023
HCPa,3216,54.0,0.25,10.50294163489508
HCPa,3216,54.0,0.5,10.600822759597724
HCPa,3216,54.0,0.75,10.681639280190321
HCPa,3216,54.0,1.0,10.780655154074255
HCPa,3216,54.0,1.25,10.770953713612187
HCPa,3216,54.0,1.5,11.125103884721437
HCPa,3217,70.0,0.25,10.174423677855424
HCPa,3217,70.0,0.5,10.177442032440654
HCPa,3217,70.0,0.75,10.183195984289108
HCPa,3217,70.0,1.0,10.221536290962993
HCPa,3217,70.0,1.25,10.384471848637075
HCPa,3217,70.0,1.5,10.442026978201506
HCPa,3218,38.0,0.25,11.538127887169871
HCPa,3218,38.0,0.5,11.54901218105384
HCPa,3218,38.0,0.75,11.61839085601497
HCPa,3218,38.0,1.0,11.393516213343824
HCPa,3218,38.0,1.25,11.325276336775138
HCPa,3218,38.0,1.5,10.791589382488029
HCPa,3219,85.0,0.25,11.028941637973134
HCPa,3219,85.0,0.5,10.9722874098804
HCPa,3219,85.0,0.75,10.305377144859747
HCPa,3219,85.0,1.0,10.784825834988887
HCPa,3219,85.0,1.25,11.045847826555812
HCPa,3219,85.0,1.5,11.119486208553006
HCPa,3220,57.0,0.25,11.550038709276038
HCPa,3220,57.0,0.5,11.64731811674863
HCPa,3220,57.0,0.75,11.699499316983863
HCPa,3220,57.0,1.0,11.67893285990642
HCPa,3220,57.0,1.25,10.917187523127302
HCPa,3220,57.0,1.5,10.606077217691162
HCPa,3221,47.0,0.25,10.109907683221095
HCPa,3221,47.0,0.5,10.20371497737104
HCPa,3221,47.0,0.75,10.339811139684887
HCPa,3221,47.0,1.0,10.620459735619018
HCPa,3221,47.0,1.25,10.834006135963598
HCPa,3221,47.0,1.5,11.078679288253065
HCPa,3222,82.0,0.25,11.25920287470742
HCPa,3222,82.0,0.5,11.446450157378306
HCPa,3222,82.0,0.75,10.881440948158826
HCPa,3222,82.0,1.0,10.565748489882429
HCPa,3222,82.0,1.25,10.254288026768757
HCPa,3222,82.0,1.5,9.916526172305927
HCPa,3223,73.0,0.25,11.562909543107644
HCPa,3223,73.0,0.5,11.633099095586733
HCPa,3223,73.0,0.75,11.779088328478617
HCPa,3223,73.0,1.0,11.877649137569911
HCPa,3223,73.0,1.25,11.90684644650815
HCPa,3223,73.0,1.5,11.965542563565005
HCPa,3224,53.0,0.25,11.518858953856485
HCPa,3224,53.0,0.5,11.64783182672768
HCPa,3224,53.0,0.75,10.851215973660928
HCPa,3224,53.0,1.0,10.205994567929016
HCPa,3224,53.0,1.25,9.694182280950756
HCPa,3224,53.0,1.5,9.442421434716772
HCPa,3225,67.0,0.25,10.915149385691574
HCPa,3225,67.0,0.5,11.128416843805455
HCPa,3225,67.0,0.75,10.313181283978336
HCPa,3225,67.0,1.0,9.663516392596733
HCPa,3225,67.0,1.25,9.12114070154369
HCPa,3225,67.0,1.5,8.993814407642315
HCPa,3226,39.0,0.25,10.83564710753347
HCPa,3226,39.0,0.5,11.010046552471143
HCPa,3226,39.0,0.75,11.036527760854774
HCPa,3226,39.0,1.0,10.710489984215391
HCPa,3226,39.0,1.25,10.660025473827089
HCPa,3226,39.0,1.5,10.766393237382287
HCPa,3227,67.0,0.25,9.892118091602464
HCPa,3227,67.0,0.5,10.083044949354584
HCPa,3227,67.0,0.75,10.159250673092702
HCPa,3227,67.0,1.0,10.258906363031919
HCPa,3227,67.0,1.25,10.421506163583505
HCPa,3227,67.0,1.5,10.495297068009885
HCPa,3228,48.0,0.25,10.757506025790082
HCPa,3228,48.0,0.5,11.24586899252321
HCPa,3228,48.0,0.75,11.023758876392531
HCPa,3228,48.0,1.0,10.796707226580681
HCPa,3228,48.0,1.25,10.63044356460884
HCPa,3228,48.0,1.5,10.44781554951953
HCPa,3229,39.0,0.25,11.227617326631261
HCPa,3229,39.0,0.5,11.926118404919887
HCPa,3229,39.0,0.75,11.648751340528445
HCPa,3229,39.0,1.0,11.287984037046956
HCPa,3229,39.0,1.25,10.97434186517059
HCPa,3229,39.0,1.5,10.71922709350831
HCPa,3230,61.0,0.25,11.304444594848542
HCPa,3230,61.0,0.5,11.972239940428505
HCPa,3230,61.0,0.75,11.729199106194788
HCPa,3230,61.0,1.0,10.391776998957
HCPa,3230,61.0,1.25,9.482319563842397
HCPa,3230,61.0,1.5,9.118883040375568
HCPa,3231,59.0,0.25,10.960303721891155
HCPa,3231,59.0,0.5,11.318660981214812
HCPa,3231,59.0,0.75,11.646473668871574
HCPa,3231,59.0,1.0,12.065873210734056
HCPa,3231,59.0,1.25,12.194878143069012
HCPa,3231,59.0,1.5,12.066441543247999
HCPa,3232,82.0,0.25,10.087172839996224
HCPa,3232,82.0,0.5,10.090020766204242
HCPa,3232,82.0,0.75,10.09668271668991
HCPa,3232,82.0,1.0,10.112743119027824
HCPa,3232,82.0,1.25,10.145636672353897
HCPa,3232,82.0,1.5,10.238930554522005
HCPa,3233,52.0,0.25,10.781992145168322
HCPa,3233,52.0,0.5,10.551903929154912
HCPa,3233,52.0,0.75,10.374802130766467
HCPa,3233,52.0,1.0,10.200085693284631
HCPa,3233,52.0,1.25,10.093825001081573
HCPa,3233,52.0,1.5,9.771469874687817
HCPa,3234,46.0,0.25,11.596648564463786
HCPa,3234,46.0,0.5,11.571686600175848
HCPa,3234,46.0,0.75,11.305273968975175
HCPa,3234,46.0,1.0,10.997999675630775
HCPa,3234,46.0,1.25,11.043217075316948
HCPa,3234,46.0,1.5,10.961081688516623
HCPa,3235,41.0,0.25,10.676333908223187
HCPa,3235,41.0,0.5,11.177693391827015
HCPa,3235,41.0,0.75,11.298019730544869
HCPa,3235,41.0,1.0,11.591262619519846
HCPa,3235,41.0,1.25,11.257230241731524
HCPa,3235,41.0,1.5,10.806775742895395
HCPa,3236,74.0,0.25,10.859282703552994
HCPa,3236,74.0,0.5,10.810832971723197
HCPa,3236,74.0,0.75,10.743132152740271
HCPa,3236,74.0,1.0,10.995646028525899
HCPa,3236,74.0,1.25,10.903413434681346
HCPa,3236,74.0,1.5,10.713778459865198
HCPa,3237,60.0,0.25,11.6198063320213
HCPa,3237,60.0,0.5,11.456282461360143
HCPa,3237,60.0,0.75,10.080622798352064
HCPa,3237,60.0,1.0,9.25067886937612
HCPa,3237,60.0,1.25,9.05238116186388
HCPa,3237,60.0,1.5,8.905006467440153
HCPa,3238,47.0,0.25,11.581198993616747
HCPa,3238,47.0,0.5,11.228652781526952
HCPa,3238,47.0,0.75,10.986368622260464
HCPa,3238,47.0,1.0,10.06498086040299
HCPa,3238,47.0,1.25,10.024859588541196
HCPa,3238,47.0,1.5,9.93533087874557
HCPa,3239,89.0,0.25,10.64041266290247
HCPa,3239,89.0,0.5,10.67104100189806
HCPa,3239,89.0,0.75,10.721085238423116
HCPa,3239,89.0,1.0,10.776623485831157
HCPa,3239,89.0,1.25,10.837776343208827
HCPa,3239,89.0,1.5,10.907990799354865
HCPa,3240,67.0,0.25,10.687933591339805
HCPa,3240,67.0,0.5,10.797181354707995
HCPa,3240,67.0,0.75,11.174367617169443
HCPa,3240,67.0,1.0,11.04962989739172
HCPa,3240,67.0,1.25,10.816065786827867
HCPa,3240,67.0,1.5,10.677076578850357
HCPa,3241,47.0,0.25,10.028966719062861
HCPa,3241,47.0,0.5,10.539011049723229
HCPa,3241,47.0,0.75,9.923979368093299
HCPa,3241,47.0,1.0,9.139944838955724
HCPa,3241,47.0,1.25,8.831308789853018
HCPa,3241,47.0,1.5,8.65241540966408
HCPa,3242,77.0,0.25,10.598073492440466
HCPa,3242,77.0,0.5,10.854991678889665
HCPa,3242,77.0,0.75,11.069068563312635
HCPa,3242,77.0,1.0,11.211067753314863
HCPa,3242,77.0,1.25,11.257380050254843
HCPa,3242,77.0,1.5,11.243644980051007
HCPa,3243,50.0,0.25,11.375299136376862
HCPa,3243,50.0,0.5,10.580143437209003
HCPa,3243,50.0,0.75,9.937496032117002
HCPa,3243,50.0,1.0,9.548808518300207
HCPa,3243,50.0,1.25,9.130836117698703
HCPa,3243,50.0,1.5,8.809638544556373
HCPa,3244,59.0,0.25,10.99688574586598
HCPa,3244,59.0,0.5,11.062680544383502
HCPa,3244,59.0,0.75,11.156321748156147
HCPa,3244,59.0,1.0,11.262900407350072
HCPa,3244,59.0,1.25,11.369550483489208
HCPa,3244,59.0,1.5,11.466360874526703
HCPa,3245,70.0,0.25,11.402972395063253
HCPa,3245,70.0,0.5,11.050177199522764
HCPa,3245,70.0,0.75,10.310773274164463
HCPa,3245,70.0,1.0,10.196958954162923
HCPa,3245,70.0,1.25,9.905791769221846
HCPa,3245,70.0,1.5,9.685270962434336
HCPa,3246,82.0,0.25,10.170091039709419
HCPa,3246,82.0,0.5,10.458368828209137
HCPa,3246,82.0,0.75,10.5597407100742
HCPa,3246,82.0,1.0,10.580111942146218
HCPa,3246,82.0,1.25,10.511006533897554
HCPa,3246,82.0,1.5,10.312235139690412
HCPa,3247,61.0,0.25,10.74342913471751
HCPa,3247,61.0,0.5,10.559996486662637
HCPa,3247,61.0,0.75,11.107457338748771
HCPa,3247,61.0,1.0,11.244677421886115
HCPa,3247,61.0,1.25,11.291969501625271
HCPa,3247,61.0,1.5,11.307489299741626
HCPa,3248,42.0,0.25,10.725685993353466
HCPa,3248,42.0,0.5,10.72177344867833
HCPa,3248,42.0,0.75,10.43428415816
HCPa,3248,42.0,1.0,10.150642065520746
HCPa,3248,42.0,1.25,9.99475199885835
HCPa,3248,42.0,1.5,9.889293669435705
HCPa,3249,44.0,0.25,10.54484656630675
HCPa,3249,44.0,0.5,10.500641212726881
HCPa,3249,44.0,0.75,10.276308638392523
HCPa,3249,44.0,1.0,9.873138641728477
HCPa,3249,44.0,1.25,9.654649772036194
HCPa,3249,44.0,1.5,9.493217956227712
HCPa,3250,66.0,0.25,11.013943470170496
HCPa,3250,66.0,0.5,9.973259193626374
HCPa,3250,66.0,0.75,9.416182701206466
HCPa,3250,66.0,1.0,8.87526650244839
HCPa,3250,66.0,1.25,8.406894391545379
HCPa,3250,66.0,1.5,8.124916032634337
HCPa,3251,74.0,0.25,10.97045484701777
HCPa,3251,74.0,0.5,11.200167891738548
HCPa,3251,74.0,0.75,11.116689009404812
HCPa,3251,74.0,1.0,10.541507545715492
HCPa,3251,74.0,1.25,9.881222203210838
HCPa,3251,74.0,1.5,9.848811919503945
HCPa,3252,44.0,0.25,11.678279560773298
HCPa,3252,44.0,0.5,12.02023574154571
HCPa,3252,44.0,0.75,10.968357546760902
HCPa,3252,44.0,1.0,9.682229470842211
HCPa,3252,44.0,1.25,9.60362976760667
HCPa,3252,44.0,1.5,9.449081720266602
HCPa,3253,45.0,0.25,10.929428753694443
HCPa,3253,45.0,0.5,11.74415818671756
HCPa,3253,45.0,0.75,10.461008552887606
HCPa,3253,45.0,1.0,9.83864362057058
HCPa,3253,45.0,1.25,9.29056364961894
HCPa,3253,45.0,1.5,8.955275466664993
HCPa,3254,73.0,0.25,9.21593019901748
HCPa,3254,73.0,0.5,9.609444169516136
HCPa,3254,73.0,0.75,9.570399542946184
HCPa,3254,73.0,1.0,9.927166451323739
HCPa,3254,73.0,1.25,10.164558052125255
HCPa,3254,73.0,1.5,10.104483407637453
HCPa,3255,72.0,0.25,12.079409268431377
HCPa,3255,72.0,0.5,11.450846492482567
HCPa,3255,72.0,0.75,10.379400339800505
HCPa,3255,72.0,1.0,9.628089061666028
HCPa,3255,72.0,1.25,9.258179297274337
HCPa,3255,72.0,1.5,9.040959883806392
HCPa,3256,49.0,0.25,11.510268303621082
HCPa,3256,49.0,0.5,10.19066415174848
HCPa,3256,49.0,0.75,9.645903343498162
HCPa,3256,49.0,1.0,9.35117907763274
HCPa,3256,49.0,1.25,9.19640831788988
HCPa,3256,49.0,1.5,9.09634344752118
HCPa,3257,49.0,0.25,9.523944216924052
HCPa,3257,49.0,0.5,9.662026363132966
HCPa,3257,49.0,0.75,9.818264050902648
HCPa,3257,49.0,1.0,9.968354430447816
HCPa,3257,49.0,1.25,9.670841822174399
HCPa,3257,49.0,1.5,10.400460515361294
HCPa,3258,73.0,0.25,10.845096549626764
HCPa,3258,73.0,0.5,10.889364551529798
HCPa,3258,73.0,0.75,10.410704873734916
HCPa,3258,73.0,1.0,9.650990361646082
HCPa,3258,73.0,1.25,9.00732109346606
HCPa,3258,73.0,1.5,8.772756841331192
HCPa,3259,37.0,0.25,11.541114675820264
HCPa,3259,37.0,0.5,11.520594595350817
HCPa,3259,37.0,0.75,11.717064622043928
HCPa,3259,37.0,1.0,11.346965382008888
HCPa,3259,37.0,1.25,10.729390255619146
HCPa,3259,37.0,1.5,9.906622727767646
HCPa,3260,53.0,0.25,11.73684719320529
HCPa,3260,53.0,0.5,11.46805307073106
HCPa,3260,53.0,0.75,11.229224278115343
HCPa,3260,53.0,1.0,11.602326181628966
HCPa,3260,53.0,1.25,11.594859764193837
HCPa,3260,53.0,1.5,11.514113677157292
HCPa,3261,58.0,0.25,11.288159307488819
HCPa,3261,58.0,0.5,11.424922954429768
HCPa,3261,58.0,0.75,10.979968737356026
HCPa,3261,58.0,1.0,10.152295184561517
HCPa,3261,58.0,1.25,9.7583061275783
HCPa,3261,58.0,1.5,9.378012321005253
HCPa,3262,55.0,0.25,10.727675677741582
HCPa,3262,55.0,0.5,11.611916281022893
HCPa,3262,55.0,0.75,11.17144117123831
HCPa,3262,55.0,1.0,10.627066642264124
HCPa,3262,55.0,1.25,9.91227283952912
HCPa,3262,55.0,1.5,9.423316789962948
HCPa,3263,40.0,0.25,11.657644669538499
HCPa,3263,40.0,0.5,10.445143736626859
HCPa,3263,40.0,0.75,9.075179098999442
HCPa,3263,40.0,1.0,8.996980239589268
HCPa,3263,40.0,1.25,8.899119824411857
HCPa,3263,40.0,1.5,8.831509094783215
HCPa,3264,55.0,0.25,10.698721836898343
HCPa,3264,55.0,0.5,11.81858947550444
HCPa,3264,55.0,0.75,11.070867299211587
HCPa,3264,55.0,1.0,10.531076651727467
HCPa,3264,55.0,1.25,10.166921824610485
HCPa,3264,55.0,1.5,9.990091131327627
HCPa,3265,78.0,0.25,10.224147128134454
HCPa,3265,78.0,0.5,10.325564540244761
HCPa,3265,78.0,0.75,10.445949520633542
HCPa,3265,78.0,1.0,10.560139988177607
HCPa,3265,78.0,1.25,10.710914296318556
HCPa,3265,78.0,1.5,10.888312480107281
HCPa,3266,59.0,0.25,11.312727332355296
HCPa,3266,59.0,0.5,10.06990196273307
HCPa,3266,59.0,0.75,9.528638785710093
HCPa,3266,59.0,1.0,9.266023245518925
HCPa,3266,59.0,1.25,9.09524346533121
HCPa,3266,59.0,1.5,9.007903410321148
HCPa,3267,67.0,0.25,11.986991195827018
HCPa,3267,67.0,0.5,11.32290834150413
HCPa,3267,67.0,0.75,9.992235043290696
HCPa,3267,67.0,1.0,8.960458649413582
HCPa,3267,67.0,1.25,8.479747572899734
HCPa,3267,67.0,1.5,7.8903840253810404
HCPa,3268,60.0,0.25,11.931204765859972
HCPa,3268,60.0,0.5,11.532488047421172
HCPa,3268,60.0,0.75,10.461297967916309
HCPa,3268,60.0,1.0,9.921071240952319
HCPa,3268,60.0,1.25,9.50739889875175
HCPa,3268,60.0,1.5,9.124515128046923
HCPa,3269,58.0,0.25,10.082760402004721
HCPa,3269,58.0,0.5,10.489054532444523
HCPa,3269,58.0,0.75,10.391031298357824
HCPa,3269,58.0,1.0,9.862371460041915
HCPa,3269,58.0,1.25,9.028542798731973
HCPa,3269,58.0,1.5,8.634707888682591
HCPa,3270,41.0,0.25,11.620716424880376
HCPa,3270,41.0,0.5,11.285273254843663
HCPa,3270,41.0,0.75,10.428884188651148
HCPa,3270,41.0,1.0,10.156200215139435
HCPa,3270,41.0,1.25,9.847021644774559
HCPa,3270,41.0,1.5,9.671244214016374
HCPa,3271,37.0,0.25,11.421715075403784
HCPa,3271,37.0,0.5,11.563314527189135
HCPa,3271,37.0,0.75,11.197442074677813
HCPa,3271,37.0,1.0,10.590980838041224
HCPa,3271,37.0,1.25,10.175806521634128
HCPa,3271,37.0,1.5,9.894541918327436
HCPa,3272,70.0,0.25,11.337562014780042
HCPa,3272,70.0,0.5,11.43292222370121
HCPa,3272,70.0,0.75,11.547221776206898
HCPa,3272,70.0,1.0,11.60904069655001
HCPa,3272,70.0,1.25,11.54521695492041
HCPa,3272,70.0,1.5,11.336305502963606
HCPa,3273,66.0,0.25,10.659209983950959
HCPa,3273,66.0,0.5,11.684840134304396
HCPa,3273,66.0,0.75,11.40538673081383
HCPa,3273,66.0,1.0,11.61494914256606
HCPa,3273,66.0,1.25,11.12407172352637
HCPa,3273,66.0,1.5,10.458336643760322
HCPa,3274,41.0,0.25,11.620198579486233
HCPa,3274,41.0,0.5,11.116831688461447
HCPa,3274,41.0,0.75,10.208225036081902
HCPa,3274,41.0,1.0,9.841094880825342
HCPa,3274,41.0,1.25,9.416351575054739
HCPa,3274,41.0,1.5,9.153136735984233
HCPa,3275,41.0,0.25,9.435481590759267
HCPa,3275,41.0,0.5,9.74082869442978
HCPa,3275,41.0,0.75,11.032270567243792
HCPa,3275,41.0,1.0,11.433850887681086
HCPa,3275,41.0,1.25,11.051519973085291
HCPa,3275,41.0,1.5,10.535692684232993
HCPa,3276,61.0,0.25,11.688385458207305
HCPa,3276,61.0,0.5,10.45787995830016
HCPa,3276,61.0,0.75,9.521967851624431
HCPa,3276,61.0,1.0,9.05691130308312
HCPa,3276,61.0,1.25,8.766432837951003
HCPa,3276,61.0,1.5,8.446930330421676
HCPa,3277,38.0,0.25,11.575624898816965
HCPa,3277,38.0,0.5,11.463445317628464
HCPa,3277,38.0,0.75,10.681769559919784
HCPa,3277,38.0,1.0,10.175576612354035
HCPa,3277,38.0,1.25,9.746924206064566
HCPa,3277,38.0,1.5,9.546298539378776
HCPa,3278,80.0,0.25,11.095058931457206
HCPa,3278,80.0,0.5,11.28657962852413
HCPa,3278,80.0,0.75,10.399396184103743
HCPa,3278,80.0,1.0,10.222251544484342
HCPa,3278,80.0,1.25,9.574535161849546
HCPa,3278,80.0,1.5,9.159778274795798
HCPa,3279,75.0,0.25,11.083642266207356
HCPa,3279,75.0,0.5,10.582645425075018
HCPa,3279,75.0,0.75,10.14268328516377
HCPa,3279,75.0,1.0,9.913938554919246
HCPa,3279,75.0,1.25,9.732392303668197
HCPa,3279,75.0,1.5,9.057283240407088
HCPa,3280,71.0,0.25,9.654886884965599
HCPa,3280,71.0,0.5,9.691855442563286
HCPa,3280,71.0,0.75,9.742868292512247
HCPa,3280,71.0,1.0,9.805842170307852
HCPa,3280,71.0,1.25,9.830837102481844
HCPa,3280,71.0,1.5,9.888124655145248
HCPa,3281,56.0,0.25,11.90536110068328
HCPa,3281,56.0,0.5,11.881629292996356
HCPa,3281,56.0,0.75,11.71307900679844
HCPa,3281,56.0,1.0,11.625719983319463
HCPa,3281,56.0,1.25,11.931493250422674
HCPa,3281,56.0,1.5,11.928575368064603
HCPa,3282,71.0,0.25,11.412586652908496
HCPa,3282,71.0,0.5,11.405207393369016
HCPa,3282,71.0,0.75,11.434280408066012
HCPa,3282,71.0,1.0,11.125734790034763
HCPa,3282,71.0,1.25,10.69455292685622
HCPa,3282,71.0,1.5,10.062226021451183
HCPa,3283,88.0,0.25,11.704576248598762
HCPa,3283,88.0,0.5,11.591276770967012
HCPa,3283,88.0,0.75,11.647225046423062
HCPa,3283,88.0,1.0,11.996558649785733
HCPa,3283,88.0,1.25,12.032280112088673
HCPa,3283,88.0,1.5,11.958085955691114
HCPa,3284,57.0,0.25,11.267160682982094
HCPa,3284,57.0,0.5,11.197368605064819
HCPa,3284,57.0,0.75,9.592294901375487
HCPa,3284,57.0,1.0,8.3707882905251
HCPa,3284,57.0,1.25,8.29967220106351
HCPa,3284,57.0,1.5,7.99102243508153
HCPa,3285,47.0,0.25,10.978636868950076
HCPa,3285,47.0,0.5,11.122993524368091
HCPa,3285,47.0,0.75,10.669023458797541
HCPa,3285,47.0,1.0,10.078060478899813
HCPa,3285,47.0,1.25,9.87561236833295
HCPa,3285,47.0,1.5,9.80382785420925
HCPa,3286,81.0,0.25,11.196902970916279
HCPa,3286,81.0,0.5,11.015140875007766
HCPa,3286,81.0,0.75,10.702122456778625
HCPa,3286,81.0,1.0,10.249468968660402
HCPa,3286,81.0,1.25,9.713654251316184
HCPa,3286,81.0,1.5,9.307944010118021
HCPa,3287,52.0,0.25,11.08495544082185
HCPa,3287,52.0,0.5,11.174353604639409
HCPa,3287,52.0,0.75,9.518042790350552
HCPa,3287,52.0,1.0,8.731361132110692
HCPa,3287,52.0,1.25,8.265792298254171
HCPa,3287,52.0,1.5,8.123820335641922
HCPa,3288,47.0,0.25,11.932342708153433
HCPa,3288,47.0,0.5,11.453533106727106
HCPa,3288,47.0,0.75,11.32266240439876
HCPa,3288,47.0,1.0,10.975155503488894
HCPa,3288,47.0,1.25,10.680728919193687
HCPa,3288,47.0,1.5,10.444340741223632
HCPa,3289,51.0,0.25,11.47197620553985
HCPa,3289,51.0,0.5,11.534587225526618
HCPa,3289,51.0,0.75,11.027144039066197
HCPa,3289,51.0,1.0,10.214177885752859
HCPa,3289,51.0,1.25,9.758920410459885
HCPa,3289,51.0,1.5,9.233336500846972
HCPa,3290,76.0,0.25,11.564366197645683
HCPa,3290,76.0,0.5,11.553797547974538
HCPa,3290,76.0,0.75,11.553427535385257
HCPa,3290,76.0,1.0,11.514905568522863
HCPa,3290,76.0,1.25,11.453357133166593
HCPa,3290,76.0,1.5,11.373069443069227
HCPa,3291,58.0,0.25,11.192292488487167
HCPa,3291,58.0,0.5,11.44504890699222
HCPa,3291,58.0,0.75,10.782617798004248
HCPa,3291,58.0,1.0,10.125637832352902
HCPa,3291,58.0,1.25,9.447807112630173
HCPa,3291,58.0,1.5,9.100983863337975
HCPa,3292,73.0,0.25,10.029409598489027
HCPa,3292,73.0,0.5,10.451650445157913
HCPa,3292,73.0,0.75,9.924173068465082
HCPa,3292,73.0,1.0,8.88500201183035
HCPa,3292,73.0,1.25,8.565049396916793
HCPa,3292,73.0,1.5,8.3200469335964
HCPa,3293,55.0,0.25,11.341019446150588
HCPa,3293,55.0,0.5,11.50036978445248
HCPa,3293,55.0,0.75,11.425629310509738
HCPa,3293,55.0,1.0,11.398267114363017
HCPa,3293,55.0,1.25,11.134617659852362
HCPa,3293,55.0,1.5,11.328616648444168
HCPa,3294,39.0,0.25,11.01142088370711
HCPa,3294,39.0,0.5,10.199947610924465
HCPa,3294,39.0,0.75,9.703188745647285
HCPa,3294,39.0,1.0,9.47006358460938
HCPa,3294,39.0,1.25,9.251677190854771
HCPa,3294,39.0,1.5,9.044888198107788
HCPa,3295,41.0,0.25,10.858534322418047
HCPa,3295,41.0,0.5,9.74651716774259
HCPa,3295,41.0,0.75,9.250481636378511
HCPa,3295,41.0,1.0,8.924500119020289
HCPa,3295,41.0,1.25,8.791285756815679
HCPa,3295,41.0,1.5,8.693674187606286
HCPa,3296,66.0,0.25,11.511338992190133
HCPa,3296,66.0,0.5,10.352384261158017
HCPa,3296,66.0,0.75,10.001008490538746
HCPa,3296,66.0,1.0,9.754364705130389
HCPa,3296,66.0,1.25,9.77217449224741
HCPa,3296,66.0,1.5,9.7085191347953
HCPa,3297,48.0,0.25,11.94599862737131
HCPa,3297,48.0,0.5,10.380434004353189
HCPa,3297,48.0,0.75,9.463100562849972
HCPa,3297,48.0,1.0,9.195396950883795
HCPa,3297,48.0,1.25,8.924942654222466
HCPa,3297,48.0,1.5,8.717414300299614
HCPa,3298,79.0,0.25,11.096172583182364
HCPa,3298,79.0,0.5,11.141530212788401
HCPa,3298,79.0,0.75,11.213166015889412
HCPa,3298,79.0,1.0,11.198337148231804
HCPa,3298,79.0,1.25,11.19386195931603
HCPa,3298,79.0,1.5,11.244591603993909
HCPa,3299,78.0,0.25,10.673984155255594
HCPa,3299,78.0,0.5,10.79811013909873
HCPa,3299,78.0,0.75,10.894280456630257
HCPa,3299,78.0,1.0,10.972721801810954
HCPa,3299,78.0,1.25,11.037812396704375
HCPa,3299,78.0,1.5,11.030767655004762
HCPa,3300,50.0,0.25,11.273679028672747
HCPa,3300,50.0,0.5,10.615901142053794
HCPa,3300,50.0,0.75,9.967256393494804
HCPa,3300,50.0,1.0,9.630835104545598
HCPa,3300,50.0,1.25,9.401985760477018
HCPa,3300,50.0,1.5,9.225640209554394
HCPa,3301,58.0,0.25,10.888178403483332
HCPa,3301,58.0,0.5,11.098236580547253
HCPa,3301,58.0,0.75,11.654767495289612
HCPa,3301,58.0,1.0,11.239672399390965
HCPa,3301,58.0,1.25,10.50663784588113
HCPa,3301,58.0,1.5,9.860941016874774
HCPa,3302,41.0,0.25,11.30905538353369
HCPa,3302,41.0,0.5,11.486843057912475
HCPa,3302,41.0,0.75,11.403080847038407
HCPa,3302,41.0,1.0,11.140484113834981
HCPa,3302,41.0,1.25,10.6942205831516
HCPa,3302,41.0,1.5,10.177380392290416
HCPa,3303,72.0,0.25,8.095043270085473
HCPa,3303,72.0,0.5,8.126859443274352
HCPa,3303,72.0,0.75,8.192902316273448
HCPa,3303,72.0,1.0,8.588173419357911
HCPa,3303,72.0,1.25,8.924247937334455
HCPa,3303,72.0,1.5,9.266638395522147
HCPa,3304,62.0,0.25,10.88599458301915
HCPa,3304,62.0,0.5,11.183211059957664
HCPa,3304,62.0,0.75,10.433598564203608
HCPa,3304,62.0,1.0,10.00194381130883
HCPa,3304,62.0,1.25,9.86616476418024
HCPa,3304,62.0,1.5,9.826307873454603
HCPa,3305,53.0,0.25,11.681995066293227
HCPa,3305,53.0,0.5,9.628201974147045
HCPa,3305,53.0,0.75,8.758288547466798
HCPa,3305,53.0,1.0,8.484197038102312
HCPa,3305,53.0,1.25,8.213744946672701
HCPa,3305,53.0,1.5,8.065352706206292
HCPa,3306,83.0,0.25,11.263599202285791
HCPa,3306,83.0,0.5,11.300424791396475
HCPa,3306,83.0,0.75,11.338483078582561
HCPa,3306,83.0,1.0,11.366500876073912
HCPa,3306,83.0,1.25,11.359273767110594
HCPa,3306,83.0,1.5,11.328954744318803
HCPa,3307,39.0,0.25,11.42325529775358
HCPa,3307,39.0,0.5,11.502046656882309
HCPa,3307,39.0,0.75,10.916784780409703
HCPa,3307,39.0,1.0,10.359789809820555
HCPa,3307,39.0,1.25,9.960537302092504
HCPa,3307,39.0,1.5,9.64033227858261
HCPa,3308,52.0,0.25,11.92814560022625
HCPa,3308,52.0,0.5,11.818629281514157
HCPa,3308,52.0,0.75,10.96091737365575
HCPa,3308,52.0,1.0,10.106948108967362
HCPa,3308,52.0,1.25,9.581589853811339
HCPa,3308,52.0,1.5,9.219527901647906
HCPa,3309,81.0,0.25,10.241019992425203
HCPa,3309,81.0,0.5,10.565907747941125
HCPa,3309,81.0,0.75,10.912852043351606
HCPa,3309,81.0,1.0,11.642097371077206
HCPa,3309,81.0,1.25,11.503337840570385
HCPa,3309,81.0,1.5,11.014202890430564
HCPa,3310,65.0,0.25,11.853982497646838
HCPa,3310,65.0,0.5,11.751487526633992
HCPa,3310,65.0,0.75,10.747209034384607
HCPa,3310,65.0,1.0,10.249762637162387
HCPa,3310,65.0,1.25,9.455657463117477
HCPa,3310,65.0,1.5,8.982188579395716
HCPa,3311,68.0,0.25,11.190894877275428
HCPa,3311,68.0,0.5,10.735173528273664
HCPa,3311,68.0,0.75,10.113234189501005
HCPa,3311,68.0,1.0,9.460044221925894
HCPa,3311,68.0,1.25,9.452841008670601
HCPa,3311,68.0,1.5,9.203393765671226
HCPa,3312,44.0,0.25,11.413042749638164
HCPa,3312,44.0,0.5,11.793737630454533
HCPa,3312,44.0,0.75,10.167182671077848
HCPa,3312,44.0,1.0,9.12046487133532
HCPa,3312,44.0,1.25,8.669043934480596
HCPa,3312,44.0,1.5,8.493243328593918
HCPa,3313,86.0,0.25,11.141543413205177
HCPa,3313,86.0,0.5,11.548074841702821
HCPa,3313,86.0,0.75,11.633738715912362
HCPa,3313,86.0,1.0,11.620146195842146
HCPa,3313,86.0,1.25,11.46210132062877
HCPa,3313,86.0,1.5,11.14057451284088
HCPa,3314,49.0,0.25,10.443339449723497
HCPa,3314,49.0,0.5,10.496382939409086
HCPa,3314,49.0,0.75,10.846371614302596
HCPa,3314,49.0,1.0,11.61880577832736
HCPa,3314,49.0,1.25,11.72595560114421
HCPa,3314,49.0,1.5,11.709866432554831
HCPa,3315,65.0,0.25,10.880335517322283
HCPa,3315,65.0,0.5,11.165657477798563
HCPa,3315,65.0,0.75,11.091801609112897
HCPa,3315,65.0,1.0,10.55485318301636
HCPa,3315,65.0,1.25,10.034778045224154
HCPa,3315,65.0,1.5,9.621917632198192
HCPa,3316,67.0,0.25,11.756304348102132
HCPa,3316,67.0,0.5,12.046217111107294
HCPa,3316,67.0,0.75,11.325182111099956
HCPa,3316,67.0,1.0,10.81226791546251
HCPa,3316,67.0,1.25,10.722565740621132
HCPa,3316,67.0,1.5,10.48956743597626
HCPa,3317,70.0,0.25,11.02778411179446
HCPa,3317,70.0,0.5,11.381462734455372
HCPa,3317,70.0,0.75,11.521474914944974
HCPa,3317,70.0,1.0,11.525676546531328
HCPa,3317,70.0,1.25,11.102437205188016
HCPa,3317,70.0,1.5,10.536424522228288
HCPa,3318,56.0,0.25,11.583654440100537
HCPa,3318,56.0,0.5,10.985298767480009
HCPa,3318,56.0,0.75,9.98844724565041
HCPa,3318,56.0,1.0,9.280435502651082
HCPa,3318,56.0,1.25,8.963407446601202
HCPa,3318,56.0,1.5,8.85776418357542
HCPa,3319,42.0,0.25,11.015662697401146
HCPa,3319,42.0,0.5,10.921987971110342
HCPa,3319,42.0,0.75,10.382428080041896
HCPa,3319,42.0,1.0,9.68747546245307
HCPa,3319,42.0,1.25,9.310455209004585
HCPa,3319,42.0,1.5,9.09236585267962
HCPa,3320,51.0,0.25,10.66249823587047
HCPa,3320,51.0,0.5,10.694007966835263
HCPa,3320,51.0,0.75,10.082629367936233
HCPa,3320,51.0,1.0,10.017037704654811
HCPa,3320,51.0,1.25,9.502582296669997
HCPa,3320,51.0,1.5,9.118987988808007
HCPa,3321,40.0,0.25,11.924590651498816
HCPa,3321,40.0,0.5,11.754948253138645
HCPa,3321,40.0,0.75,11.451322018879926
HCPa,3321,40.0,1.0,11.0702576186719
HCPa,3321,40.0,1.25,10.427777133387318
HCPa,3321,40.0,1.5,10.278824584662505
HCPa,3322,66.0,0.25,11.532130385688623
HCPa,3322,66.0,0.5,11.359367568188189
HCPa,3322,66.0,0.75,10.914114850818288
HCPa,3322,66.0,1.0,10.496669995195532
HCPa,3322,66.0,1.25,9.924883207325994
HCPa,3322,66.0,1.5,9.952289503086028
HCPa,3323,78.0,0.25,11.418632668777601
HCPa,3323,78.0,0.5,11.772025071162476
HCPa,3323,78.0,0.75,11.807597604625064
HCPa,3323,78.0,1.0,11.828899919326187
HCPa,3323,78.0,1.25,11.989071221336415
HCPa,3323,78.0,1.5,11.78469832826648
HCPa,3324,75.0,0.25,10.6364134414288
HCPa,3324,75.0,0.5,10.679607116889093
HCPa,3324,75.0,0.75,10.689899186128853
HCPa,3324,75.0,1.0,10.46138442295707
HCPa,3324,75.0,1.25,10.643067087471406
HCPa,3324,75.0,1.5,10.77882818529762
HCPa,3325,57.0,0.25,10.771236150836367
HCPa,3325,57.0,0.5,11.563420434922357
HCPa,3325,57.0,0.75,11.52448733743874
HCPa,3325,57.0,1.0,10.912001973613544
HCPa,3325,57.0,1.25,9.889110191734543
HCPa,3325,57.0,1.5,9.011891475906477
HCPa,3326,46.0,0.25,11.186830029586519
HCPa,3326,46.0,0.5,9.731119899713335
HCPa,3326,46.0,0.75,8.756920179409732
HCPa,3326,46.0,1.0,8.693776863418092
HCPa,3326,46.0,1.25,8.745717363341754
HCPa,3326,46.0,1.5,8.595217456819022
HCPa,3327,83.0,0.25,11.594403051560644
HCPa,3327,83.0,0.5,11.36756806579045
HCPa,3327,83.0,0.75,11.539633133291051
HCPa,3327,83.0,1.0,11.596924284142721
HCPa,3327,83.0,1.25,11.594398986640229
HCPa,3327,83.0,1.5,11.56591868601343
HCPa,3328,56.0,0.25,11.332548331150383
HCPa,3328,56.0,0.5,11.324523444955382
HCPa,3328,56.0,0.75,11.256501049806353
HCPa,3328,56.0,1.0,10.835180174945162
HCPa,3328,56.0,1.25,10.344693412789814
HCPa,3328,56.0,1.5,10.334282731189104
HCPa,3329,64.0,0.25,11.192916932839454
HCPa,3329,64.0,0.5,11.193113378005751
HCPa,3329,64.0,0.75,11.295740502943355
HCPa,3329,64.0,1.0,11.49189526389366
HCPa,3329,64.0,1.25,11.2658429080771
HCPa,3329,64.0,1.5,10.924677164719972
HCPa,3330,83.0,0.25,11.09544879401374
HCPa,3330,83.0,0.5,11.122555385917634
HCPa,3330,83.0,0.75,11.331842166725735
HCPa,3330,83.0,1.0,11.364305414015337
HCPa,3330,83.0,1.25,11.237615172990873
HCPa,3330,83.0,1.5,11.129633141886092
HCPa,3331,56.0,0.25,11.287604267082756
HCPa,3331,56.0,0.5,11.260784255172497
HCPa,3331,56.0,0.75,11.39702402638383
HCPa,3331,56.0,1.0,11.76510110006914
HCPa,3331,56.0,1.25,11.992645714368722
HCPa,3331,56.0,1.5,12.011583764582522
HCPa,3332,41.0,0.25,10.199484873159252
HCPa,3332,41.0,0.5,10.262077814540913
HCPa,3332,41.0,0.75,10.197646950965968
HCPa,3332,41.0,1.0,10.211700296980766
HCPa,3332,41.0,1.25,10.29344572701548
HCPa,3332,41.0,1.5,10.520514648778851
HCPa,3333,38.0,0.25,11.177083106945375
HCPa,3333,38.0,0.5,11.362188287456895
HCPa,3333,38.0,0.75,11.276868226043542
HCPa,3333,38.0,1.0,10.318311959757052
HCPa,3333,38.0,1.25,10.190292513690364
HCPa,3333,38.0,1.5,9.826748711875672
HCPa,3334,57.0,0.25,11.103860278591949
HCPa,3334,57.0,0.5,11.35639057501841
HCPa,3334,57.0,0.75,11.025391778704035
HCPa,3334,57.0,1.0,10.94448159987849
HCPa,3334,57.0,1.25,10.721145653543415
HCPa,3334,57.0,1.5,10.507128083936603
HCPa,3335,81.0,0.25,10.675747339150261
HCPa,3335,81.0,0.5,10.789941979482665
HCPa,3335,81.0,0.75,10.855425225574791
HCPa,3335,81.0,1.0,10.90243236869963
HCPa,3335,81.0,1.25,10.925650726900447
HCPa,3335,81.0,1.5,10.951729871596674
HCPa,3336,48.0,0.25,11.40978810894142
HCPa,3336,48.0,0.5,10.943392286641847
HCPa,3336,48.0,0.75,10.62022702103469
HCPa,3336,48.0,1.0,10.867314722829516
HCPa,3336,48.0,1.25,10.723052424487072
HCPa,3336,48.0,1.5,10.591175573310306
HCPa,3337,61.0,0.25,11.103556047999938
HCPa,3337,61.0,0.5,10.430147811030878
HCPa,3337,61.0,0.75,10.465693808304485
HCPa,3337,61.0,1.0,10.214994854075519
HCPa,3337,61.0,1.25,9.619358634910816
HCPa,3337,61.0,1.5,9.785726168743118
HCPa,3338,48.0,0.25,10.387849655587022
HCPa,3338,48.0,0.5,11.419466169778259
HCPa,3338,48.0,0.75,10.929090689313949
HCPa,3338,48.0,1.0,10.013357223837403
HCPa,3338,48.0,1.25,9.874455304420549
HCPa,3338,48.0,1.5,9.474223093864449
HCPa,3339,38.0,0.25,11.248561508433044
HCPa,3339,38.0,0.5,11.720945448109271
HCPa,3339,38.0,0.75,11.124981426182739
HCPa,3339,38.0,1.0,10.38207029441692
HCPa,3339,38.0,1.25,10.510187049220068
HCPa,3339,38.0,1.5,10.21745474589386
HCPa,3340,59.0,0.25,10.236629364519422
HCPa,3340,59.0,0.5,10.359492825001574
HCPa,3340,59.0,0.75,10.458128392427033
HCPa,3340,59.0,1.0,10.548891394084789
HCPa,3340,59.0,1.25,10.635724694407791
HCPa,3340,59.0,1.5,10.70193195596235
HCPa,3341,69.0,0.25,10.82613511070728
HCPa,3341,69.0,0.5,10.877025738018233
HCPa,3341,69.0,0.75,10.894577273501962
HCPa,3341,69.0,1.0,10.905202330714474
HCPa,3341,69.0,1.25,10.944240951551722
HCPa,3341,69.0,1.5,11.092860849946176
HCPa,3342,57.0,0.25,11.228755155412715
HCPa,3342,57.0,0.5,11.412069777737587
HCPa,3342,57.0,0.75,10.50234595900613
HCPa,3342,57.0,1.0,9.934661947447347
HCPa,3342,57.0,1.25,9.31901628548738
HCPa,3342,57.0,1.5,9.38272802492085
HCPa,3343,49.0,0.25,11.623213707850988
HCPa,3343,49.0,0.5,11.544918014199679
HCPa,3343,49.0,0.75,10.008551096625691
HCPa,3343,49.0,1.0,8.991406474210264
HCPa,3343,49.0,1.25,8.906070655641642
HCPa,3343,49.0,1.5,8.67767694608323
HCPa,3344,73.0,0.25,11.900588990872015
HCPa,3344,73.0,0.5,11.132383109473922
HCPa,3344,73.0,0.75,10.26718108158994
HCPa,3344,73.0,1.0,9.684785377864623
HCPa,3344,73.0,1.25,9.417256200672224
HCPa,3344,73.0,1.5,9.190901980440017
HCPa,3345,38.0,0.25,11.025404120261923
HCPa,3345,38.0,0.5,11.101049173723547
HCPa,3345,38.0,0.75,10.97833157315522
HCPa,3345,38.0,1.0,11.051412883810292
HCPa,3345,38.0,1.25,10.763661992181675
HCPa,3345,38.0,1.5,10.614288084418583
HCPa,3346,66.0,0.25,11.396647965770539
HCPa,3346,66.0,0.5,10.670162023064604
HCPa,3346,66.0,0.75,10.213136146708182
HCPa,3346,66.0,1.0,9.743867752627644
HCPa,3346,66.0,1.25,9.407064284422553
HCPa,3346,66.0,1.5,9.183199261204349
HCPa,3347,38.0,0.25,11.819788109258969
HCPa,3347,38.0,0.5,11.323080999833538
HCPa,3347,38.0,0.75,10.241776212901648
HCPa,3347,38.0,1.0,9.559494371537042
HCPa,3347,38.0,1.25,9.305620320488124
HCPa,3347,38.0,1.5,9.415721210825021
HCPa,3348,85.0,0.25,10.407129620085046
HCPa,3348,85.0,0.5,10.473567644826018
HCPa,3348,85.0,0.75,10.521047701336158
HCPa,3348,85.0,1.0,10.569030683929384
HCPa,3348,85.0,1.25,10.624686347424323
HCPa,3348,85.0,1.5,10.676838583315627
HCPa,3349,41.0,0.25,9.8276754375492
HCPa,3349,41.0,0.5,10.002499148124388
HCPa,3349,41.0,0.75,9.55353037900381
HCPa,3349,41.0,1.0,9.498059688620184
HCPa,3349,41.0,1.25,9.268814926432531
HCPa,3349,41.0,1.5,8.95835612476359
HCPa,3350,87.0,0.25,11.20576125631601
HCPa,3350,87.0,0.5,11.077229162586177
HCPa,3350,87.0,0.75,11.171440073896834
HCPa,3350,87.0,1.0,11.347694113578063
HCPa,3350,87.0,1.25,11.216763534705358
HCPa,3350,87.0,1.5,11.403354406129726
HCPa,3351,42.0,0.25,11.21064253012804
HCPa,3351,42.0,0.5,11.558625382836206
HCPa,3351,42.0,0.75,10.599282341352355
HCPa,3351,42.0,1.0,9.466488379051972
HCPa,3351,42.0,1.25,8.823447903019458
HCPa,3351,42.0,1.5,8.430736910811223
HCPa,3352,52.0,0.25,11.060351085178361
HCPa,3352,52.0,0.5,11.186266797809065
HCPa,3352,52.0,0.75,11.281545059778527
HCPa,3352,52.0,1.0,11.114349617657517
HCPa,3352,52.0,1.25,11.359198426319042
HCPa,3352,52.0,1.5,11.327236063369845
HCPa,3353,73.0,0.25,11.659659968574575
HCPa,3353,73.0,0.5,10.74891123822124
HCPa,3353,73.0,0.75,9.650501967021134
HCPa,3353,73.0,1.0,8.91271751644928
HCPa,3353,73.0,1.25,8.389700524280764
HCPa,3353,73.0,1.5,8.35636220466337
HCPa,3354,53.0,0.25,10.229911052208248
HCPa,3354,53.0,0.5,10.297886462760271
HCPa,3354,53.0,0.75,10.706289395757793
HCPa,3354,53.0,1.0,10.776131073733678
HCPa,3354,53.0,1.25,10.702889722966422
HCPa,3354,53.0,1.5,10.429087785943777
HCPa,3355,63.0,0.25,11.584608110079092
HCPa,3355,63.0,0.5,11.591863461980436
HCPa,3355,63.0,0.75,10.911938882203993
HCPa,3355,63.0,1.0,10.51015030025178
HCPa,3355,63.0,1.25,10.188967162391616
HCPa,3355,63.0,1.5,9.865541437053698
HCPa,3356,54.0,0.25,10.058529302287912
HCPa,3356,54.0,0.5,9.826918471757624
HCPa,3356,54.0,0.75,9.398593246180566
HCPa,3356,54.0,1.0,9.049032533937805
HCPa,3356,54.0,1.25,8.961521778759746
HCPa,3356,54.0,1.5,8.942852704763583
HCPa,3357,74.0,0.25,10.33525133677026
HCPa,3357,74.0,0.5,9.791199794320095
HCPa,3357,74.0,0.75,9.31024935928538
HCPa,3357,74.0,1.0,9.188485937488045
HCPa,3357,74.0,1.25,9.024720768266132
HCPa,3357,74.0,1.5,8.898307828918137
HCPa,3358,80.0,0.25,10.58635174305243
HCPa,3358,80.0,0.5,10.645079587118516
HCPa,3358,80.0,0.75,10.685392409511367
HCPa,3358,80.0,1.0,10.715419772741557
HCPa,3358,80.0,1.25,10.873446182904148
HCPa,3358,80.0,1.5,11.07422330097687
HCPa,3359,43.0,0.25,11.359654733908311
HCPa,3359,43.0,0.5,10.063187311170239
HCPa,3359,43.0,0.75,9.923995166850766
HCPa,3359,43.0,1.0,9.29566859675139
HCPa,3359,43.0,1.25,9.12186511235219
HCPa,3359,43.0,1.5,8.95785337924983
HCPa,3360,63.0,0.25,9.493668127063206
HCPa,3360,63.0,0.5,9.576800904938402
HCPa,3360,63.0,0.75,9.63019614214121
HCPa,3360,63.0,1.0,9.552886530101041
HCPa,3360,63.0,1.25,9.933021893584574
HCPa,3360,63.0,1.5,10.031433801385633
HCPa,3361,60.0,0.25,11.525792943239901
HCPa,3361,60.0,0.5,11.357076028380119
HCPa,3361,60.0,0.75,11.654103436587391
HCPa,3361,60.0,1.0,11.703139589228462
HCPa,3361,60.0,1.25,11.713741484900861
HCPa,3361,60.0,1.5,11.713192092742917
HCPa,3362,46.0,0.25,10.761317401060882
HCPa,3362,46.0,0.5,10.421035614370334
HCPa,3362,46.0,0.75,10.249804824400451
HCPa,3362,46.0,1.0,9.771786019745075
HCPa,3362,46.0,1.25,9.398017800951084
HCPa,3362,46.0,1.5,9.315636523912723
HCPa,3363,54.0,0.25,11.825791770493472
HCPa,3363,54.0,0.5,11.40246826244835
HCPa,3363,54.0,0.75,10.520787333858468
HCPa,3363,54.0,1.0,9.779669678506332
HCPa,3363,54.0,1.25,9.42816350272744
HCPa,3363,54.0,1.5,9.278650659140936
HCPa,3364,79.0,0.25,11.398266719451804
HCPa,3364,79.0,0.5,11.57353141719216
HCPa,3364,79.0,0.75,9.978857867312552
HCPa,3364,79.0,1.0,8.946465538467365
HCPa,3364,79.0,1.25,8.304257944580057
HCPa,3364,79.0,1.5,8.016852384797607
HCPa,3365,66.0,0.25,11.714652493034972
HCPa,3365,66.0,0.5,11.656608356228295
HCPa,3365,66.0,0.75,11.55097952905641
HCPa,3365,66.0,1.0,11.374285753458544
HCPa,3365,66.0,1.25,11.519709190477771
HCPa,3365,66.0,1.5,11.39617259509381
HCPa,3366,54.0,0.25,11.231643701604568
HCPa,3366,54.0,0.5,11.152284840256181
HCPa,3366,54.0,0.75,10.984405458487108
HCPa,3366,54.0,1.0,10.709823539740514
HCPa,3366,54.0,1.25,10.448998168067318
HCPa,3366,54.0,1.5,10.299515587226564
HCPa,3367,38.0,0.25,11.754362924715782
HCPa,3367,38.0,0.5,11.806971785138053
HCPa,3367,38.0,0.75,10.70740389966958
HCPa,3367,38.0,1.0,9.896527949374889
HCPa,3367,38.0,1.25,9.31025032553251
HCPa,3367,38.0,1.5,8.947995210320183
HCPa,3368,46.0,0.25,11.25827568655781
HCPa,3368,46.0,0.5,10.195608790251002
HCPa,3368,46.0,0.75,9.160666322641031
HCPa,3368,46.0,1.0,9.08892363199779
HCPa,3368,46.0,1.25,8.985922993941548
HCPa,3368,46.0,1.5,8.950457044341068
HCPa,3369,38.0,0.25,11.288312661049828
HCPa,3369,38.0,0.5,11.513457169363473
HCPa,3369,38.0,0.75,10.565701571684695
HCPa,3369,38.0,1.0,10.171347951540243
HCPa,3369,38.0,1.25,10.231434990913309
HCPa,3369,38.0,1.5,10.150111040972712
HCPa,3370,63.0,0.25,11.605822998357985
HCPa,3370,63.0,0.5,10.52870464236317
HCPa,3370,63.0,0.75,9.291350024371697
HCPa,3370,63.0,1.0,9.011504283823639
HCPa,3370,63.0,1.25,8.728911602743107
HCPa,3370,63.0,1.5,8.533959424081113
HCPa,3371,43.0,0.25,11.631151295895453
HCPa,3371,43.0,0.5,10.137061424934364
HCPa,3371,43.0,0.75,8.87907104243118
HCPa,3371,43.0,1.0,8.277519985067068
HCPa,3371,43.0,1.25,8.004732516255865
HCPa,3371,43.0,1.5,7.834042670538999
HCPa,3372,82.0,0.25,10.00642867670943
HCPa,3372,82.0,0.5,10.830875596414696
HCPa,3372,82.0,0.75,10.16713562571966
HCPa,3372,82.0,1.0,9.247841521958938
HCPa,3372,82.0,1.25,8.50755258890722
HCPa,3372,82.0,1.5,8.315476347053123
HCPa,3373,38.0,0.25,11.251148835318391
HCPa,3373,38.0,0.5,11.478161629265552
HCPa,3373,38.0,0.75,10.902375772209261
HCPa,3373,38.0,1.0,9.995898314956325
HCPa,3373,38.0,1.25,9.858163842773857
HCPa,3373,38.0,1.5,9.623626774567006
HCPa,3374,84.0,0.25,11.2634859673302
HCPa,3374,84.0,0.5,11.277298443840689
HCPa,3374,84.0,0.75,11.299810740115236
HCPa,3374,84.0,1.0,11.335090362225484
HCPa,3374,84.0,1.25,11.365203804759869
HCPa,3374,84.0,1.5,11.399888435836333
HCPa,3375,71.0,0.25,11.459642480547119
HCPa,3375,71.0,0.5,11.600950199738834
HCPa,3375,71.0,0.75,11.72084472792184
HCPa,3375,71.0,1.0,11.521020109644368
HCPa,3375,71.0,1.25,11.089934332248312
HCPa,3375,71.0,1.5,10.855802282736274
HCPa,3376,59.0,0.25,11.339189476246574
HCPa,3376,59.0,0.5,11.491031693418098
HCPa,3376,59.0,0.75,11.348184798050449
HCPa,3376,59.0,1.0,10.80397898329953
HCPa,3376,59.0,1.25,9.840924807510739
HCPa,3376,59.0,1.5,8.988283743657712
HCPa,3377,72.0,0.25,11.639001894644155
HCPa,3377,72.0,0.5,11.067316279921679
HCPa,3377,72.0,0.75,9.911936365319345
HCPa,3377,72.0,1.0,9.50088003399979
HCPa,3377,72.0,1.25,8.765389931576177
HCPa,3377,72.0,1.5,8.820727755936229
HCPa,3378,58.0,0.25,10.288818442652683
HCPa,3378,58.0,0.5,11.301047033987038
HCPa,3378,58.0,0.75,11.382100287038156
HCPa,3378,58.0,1.0,10.551152572404394
HCPa,3378,58.0,1.25,10.092493952041501
HCPa,3378,58.0,1.5,10.081441017239824
HCPa,3379,60.0,0.25,10.630259859954036
HCPa,3379,60.0,0.5,11.069981207401726
HCPa,3379,60.0,0.75,11.335799546283827
HCPa,3379,60.0,1.0,10.664225812172187
HCPa,3379,60.0,1.25,10.015569909124082
HCPa,3379,60.0,1.5,9.662292376501927
HCPa,3380,40.0,0.25,10.837338671022772
HCPa,3380,40.0,0.5,10.704005468262405
HCPa,3380,40.0,0.75,9.016503256311672
HCPa,3380,40.0,1.0,7.871982468987496
HCPa,3380,40.0,1.25,7.655197519361408
HCPa,3380,40.0,1.5,7.454762845230265
HCPa,3381,61.0,0.25,11.70984073070697
HCPa,3381,61.0,0.5,11.23226087150899
HCPa,3381,61.0,0.75,9.28718089971589
HCPa,3381,61.0,1.0,8.435289811015686
HCPa,3381,61.0,1.25,7.881676923766046
HCPa,3381,61.0,1.5,7.610324277153101
HCPa,3382,67.0,0.25,10.7004532833107
HCPa,3382,67.0,0.5,11.189086517647754
HCPa,3382,67.0,0.75,11.223347992913602
HCPa,3382,67.0,1.0,10.952825599743306
HCPa,3382,67.0,1.25,10.612406392467303
HCPa,3382,67.0,1.5,10.150723307604807
HCPa,3383,49.0,0.25,10.972053820172542
HCPa,3383,49.0,0.5,11.308328676391515
HCPa,3383,49.0,0.75,11.043349160441174
HCPa,3383,49.0,1.0,10.20896528137005
HCPa,3383,49.0,1.25,9.82800029400132
HCPa,3383,49.0,1.5,9.422636675660948
HCPa,3384,56.0,0.25,11.733000921301224
HCPa,3384,56.0,0.5,11.647781684433552
HCPa,3384,56.0,0.75,11.212590056874019
HCPa,3384,56.0,1.0,10.999918923003014
HCPa,3384,56.0,1.25,10.877070277158277
HCPa,3384,56.0,1.5,10.69417907695573
HCPa,3385,62.0,0.25,10.433323751979126
HCPa,3385,62.0,0.5,10.38425432775304
HCPa,3385,62.0,0.75,10.40483978775616
HCPa,3385,62.0,1.0,10.628166259359972
HCPa,3385,62.0,1.25,10.46183013342351
HCPa,3385,62.0,1.5,10.119918113355384
HCPa,3386,80.0,0.25,11.376979320703677
HCPa,3386,80.0,0.5,11.680856137984172
HCPa,3386,80.0,0.75,10.903964779099207
HCPa,3386,80.0,1.0,9.682846752271457
HCPa,3386,80.0,1.25,9.224460272927637
HCPa,3386,80.0,1.5,8.5881767404685
HCPa,3387,52.0,0.25,11.488497048509199
HCPa,3387,52.0,0.5,11.326552412053932
HCPa,3387,52.0,0.75,10.613791641640066
HCPa,3387,52.0,1.0,10.054914104735069
HCPa,3387,52.0,1.25,9.58487959472348
HCPa,3387,52.0,1.5,9.342788875618792
HCPa,3388,81.0,0.25,9.46640597485602
HCPa,3388,81.0,0.5,9.587734035163452
HCPa,3388,81.0,0.75,9.716661049828858
HCPa,3388,81.0,1.0,9.799915411648163
HCPa,3388,81.0,1.25,9.83489366268061
HCPa,3388,81.0,1.5,10.03117325980711
HCPa,3389,83.0,0.25,10.333267491576429
HCPa,3389,83.0,0.5,10.339725043665974
HCPa,3389,83.0,0.75,10.29606806417746
HCPa,3389,83.0,1.0,10.261636158096117
HCPa,3389,83.0,1.25,10.58680147646662
HCPa,3389,83.0,1.5,10.799605906431843
HCPa,3390,44.0,0.25,11.530428994606254
HCPa,3390,44.0,0.5,10.852677082379023
HCPa,3390,44.0,0.75,10.25795671422527
HCPa,3390,44.0,1.0,9.767975324644114
HCPa,3390,44.0,1.25,9.312723243637265
HCPa,3390,44.0,1.5,9.316761457045526
HCPa,3391,59.0,0.25,11.181051406806409
HCPa,3391,59.0,0.5,10.450068217313374
HCPa,3391,59.0,0.75,9.323485668042485
HCPa,3391,59.0,1.0,8.67849426836192
HCPa,3391,59.0,1.25,8.698525132259954
HCPa,3391,59.0,1.5,8.620486230003943
HCPa,3392,54.0,0.25,11.373510896076835
HCPa,3392,54.0,0.5,11.625261950404454
HCPa,3392,54.0,0.75,10.518556499217807
HCPa,3392,54.0,1.0,9.295440864969402
HCPa,3392,54.0,1.25,8.512385031420202
HCPa,3392,54.0,1.5,7.981738261895175
HCPa,3393,47.0,0.25,10.308861838208143
HCPa,3393,47.0,0.5,10.728294425942298
HCPa,3393,47.0,0.75,10.624399910549156
HCPa,3393,47.0,1.0,10.300978459062838
HCPa,3393,47.0,1.25,9.464037204302644
HCPa,3393,47.0,1.5,9.684585582822587
HCPa,3394,44.0,0.25,11.834771949668085
HCPa,3394,44.0,0.5,11.708907348526376
HCPa,3394,44.0,0.75,11.11867598838487
HCPa,3394,44.0,1.0,10.261756559879474
HCPa,3394,44.0,1.25,10.084858931853448
HCPa,3394,44.0,1.5,9.822224791417392
HCPa,3395,55.0,0.25,11.457562436933646
HCPa,3395,55.0,0.5,11.436113312394102
HCPa,3395,55.0,0.75,11.314966452787466
HCPa,3395,55.0,1.0,11.04364795560971
HCPa,3395,55.0,1.25,10.875723056852662
HCPa,3395,55.0,1.5,10.732805956354422
HCPa,3396,47.0,0.25,11.283299715878707
HCPa,3396,47.0,0.5,11.884797403135899
HCPa,3396,47.0,0.75,10.950865469269301
HCPa,3396,47.0,1.0,10.421269258438357
HCPa,3396,47.0,1.25,10.225845642733164
HCPa,3396,47.0,1.5,9.914430619496041
HCPa,3397,53.0,0.25,10.353790396271293
HCPa,3397,53.0,0.5,10.302212182170667
HCPa,3397,53.0,0.75,9.584612480951916
HCPa,3397,53.0,1.0,9.181381020301629
HCPa,3397,53.0,1.25,8.538390374022361
HCPa,3397,53.0,1.5,8.065020770450925
HCPa,3398,56.0,0.25,11.417627672232284
HCPa,3398,56.0,0.5,10.77382523063964
HCPa,3398,56.0,0.75,10.103496069077613
HCPa,3398,56.0,1.0,9.611879207538342
HCPa,3398,56.0,1.25,9.271816790241077
HCPa,3398,56.0,1.5,9.053466476237338
HCPa,3399,74.0,0.25,11.586153888382608
HCPa,3399,74.0,0.5,11.8869159688066
HCPa,3399,74.0,0.75,11.461015041747897
HCPa,3399,74.0,1.0,10.130797190143472
HCPa,3399,74.0,1.25,9.206922559824775
HCPa,3399,74.0,1.5,8.750400918283349
HCPa,3400,63.0,0.25,11.525281339235287
HCPa,3400,63.0,0.5,11.463015676368675
HCPa,3400,63.0,0.75,11.322749489367968
HCPa,3400,63.0,1.0,11.061145957481767
HCPa,3400,63.0,1.25,10.613844729456593
HCPa,3400,63.0,1.5,10.164273181220716
HCPa,3401,90.0,0.25,10.285841395853582
HCPa,3401,90.0,0.5,10.396390690606795
HCPa,3401,90.0,0.75,10.523945660740265
HCPa,3401,90.0,1.0,10.602485263596064
HCPa,3401,90.0,1.25,10.445134774595717
HCPa,3401,90.0,1.5,10.251954868527056
HCPa,3402,50.0,0.25,11.269098053130852
HCPa,3402,50.0,0.5,10.902500347722128
HCPa,3402,50.0,0.75,10.064385286005757
HCPa,3402,50.0,1.0,9.30491492819938
HCPa,3402,50.0,1.25,9.37887288815677
HCPa,3402,50.0,1.5,9.479646077214044
HCPa,3403,86.0,0.25,10.922254742078284
HCPa,3403,86.0,0.5,10.854941889837809
HCPa,3403,86.0,0.75,10.89307427767005
HCPa,3403,86.0,1.0,10.923461218338492
HCPa,3403,86.0,1.25,10.966399412816726
HCPa,3403,86.0,1.5,10.842416131679096
HCPa,3404,81.0,0.25,11.637508753842797
HCPa,3404,81.0,0.5,11.9156310106973
HCPa,3404,81.0,0.75,11.528556843201432
HCPa,3404,81.0,1.0,10.420379973687698
HCPa,3404,81.0,1.25,9.750770973422396
HCPa,3404,81.0,1.5,9.071315332476706
HCPa,3405,89.0,0.25,9.588907684010293
HCPa,3405,89.0,0.5,9.679976612757455
HCPa,3405,89.0,0.75,9.749612498499214
HCPa,3405,89.0,1.0,9.755679796823632
HCPa,3405,89.0,1.25,9.718428854611995
HCPa,3405,89.0,1.5,9.650820017543516
HCPa,3406,83.0,0.25,10.871204360789708
HCPa,3406,83.0,0.5,10.810513800860077
HCPa,3406,83.0,0.75,10.947440116682795
HCPa,3406,83.0,1.0,11.018226719298926
HCPa,3406,83.0,1.25,11.070115934028308
HCPa,3406,83.0,1.5,11.002296122452604
HCPa,3407,39.0,0.25,11.406552024381284
HCPa,3407,39.0,0.5,10.01837392817144
HCPa,3407,39.0,0.75,9.338770192036584
HCPa,3407,39.0,1.0,9.12837225727812
HCPa,3407,39.0,1.25,9.243926365210426
HCPa,3407,39.0,1.5,9.250066615645197
HCPa,3408,51.0,0.25,11.256836820297366
HCPa,3408,51.0,0.5,11.42077851669875
HCPa,3408,51.0,0.75,11.061350466697345
HCPa,3408,51.0,1.0,10.812877462888801
HCPa,3408,51.0,1.25,10.379606093416738
HCPa,3408,51.0,1.5,10.147858261973965
HCPa,3409,77.0,0.25,11.171764792171913
HCPa,3409,77.0,0.5,11.147228587555636
HCPa,3409,77.0,0.75,11.157382831992738
HCPa,3409,77.0,1.0,10.930959906410129
HCPa,3409,77.0,1.25,10.77527677738298
HCPa,3409,77.0,1.5,10.67354718425538
HCPa,3410,57.0,0.25,10.724454962164987
HCPa,3410,57.0,0.5,11.345876555325685
HCPa,3410,57.0,0.75,11.377181501239484
HCPa,3410,57.0,1.0,10.853272047673647
HCPa,3410,57.0,1.25,10.233986352078752
HCPa,3410,57.0,1.5,9.653795727294662
HCPa,3411,46.0,0.25,10.088027670024617
HCPa,3411,46.0,0.5,10.176684072990945
HCPa,3411,46.0,0.75,10.342151873838041
HCPa,3411,46.0,1.0,10.222466042554672
HCPa,3411,46.0,1.25,10.925493826743006
HCPa,3411,46.0,1.5,11.030932621995529
HCPa,3412,72.0,0.25,10.297427495268899
HCPa,3412,72.0,0.5,10.384766467185672
HCPa,3412,72.0,0.75,10.062399285259879
HCPa,3412,72.0,1.0,10.890774514446449
HCPa,3412,72.0,1.25,11.224115375276067
HCPa,3412,72.0,1.5,11.123355545150524
HCPa,3413,59.0,0.25,9.70993441878616
HCPa,3413,59.0,0.5,10.008105415142063
HCPa,3413,59.0,0.75,10.048564871099012
HCPa,3413,59.0,1.0,9.911090358467549
HCPa,3413,59.0,1.25,9.719327984337689
HCPa,3413,59.0,1.5,9.554778579123775
HCPa,3414,43.0,0.25,11.4414523854862
HCPa,3414,43.0,0.5,11.123861379993402
HCPa,3414,43.0,0.75,10.85963266107837
HCPa,3414,43.0,1.0,10.758045708719889
HCPa,3414,43.0,1.25,10.703335487141857
HCPa,3414,43.0,1.5,10.658314670365446
HCPa,3415,49.0,0.25,9.491815696784002
HCPa,3415,49.0,0.5,9.726387113476749
HCPa,3415,49.0,0.75,9.986361717560927
HCPa,3415,49.0,1.0,10.36908973919337
HCPa,3415,49.0,1.25,10.723451981020256
HCPa,3415,49.0,1.5,11.243742705390877
HCPa,3416,54.0,0.25,11.070361211386546
HCPa,3416,54.0,0.5,11.615216501041852
HCPa,3416,54.0,0.75,11.33224402665093
HCPa,3416,54.0,1.0,11.174694528533157
HCPa,3416,54.0,1.25,10.889635716768515
HCPa,3416,54.0,1.5,10.731677165644763
HCPa,3417,58.0,0.25,11.298830316107052
HCPa,3417,58.0,0.5,10.913160583095841
HCPa,3417,58.0,0.75,10.745786959755666
HCPa,3417,58.0,1.0,10.334722409125218
HCPa,3417,58.0,1.25,10.118959910991256
HCPa,3417,58.0,1.5,10.083615420273302
HCPa,3418,43.0,0.25,11.88327842219498
HCPa,3418,43.0,0.5,10.900374473381538
HCPa,3418,43.0,0.75,9.308495789412115
HCPa,3418,43.0,1.0,8.80389760487474
HCPa,3418,43.0,1.25,8.633860958893926
HCPa,3418,43.0,1.5,8.4100832363198
HCPa,3419,61.0,0.25,11.125616410496024
HCPa,3419,61.0,0.5,10.133011060937498
HCPa,3419,61.0,0.75,10.155062494468025
HCPa,3419,61.0,1.0,10.239165697606706
HCPa,3419,61.0,1.25,10.269172547806592
HCPa,3419,61.0,1.5,10.000833167867658
HCPa,3420,58.0,0.25,10.824512965683303
HCPa,3420,58.0,0.5,10.921969797152775
HCPa,3420,58.0,0.75,11.382028517581865
HCPa,3420,58.0,1.0,11.028680577360687
HCPa,3420,58.0,1.25,10.203059146786606
HCPa,3420,58.0,1.5,9.4906882238472
HCPa,3421,63.0,0.25,10.21283195441973
HCPa,3421,63.0,0.5,10.242005973578182
HCPa,3421,63.0,0.75,10.28222581162742
HCPa,3421,63.0,1.0,10.325296582296387
HCPa,3421,63.0,1.25,10.360708581957152
HCPa,3421,63.0,1.5,10.389719721155537
HCPa,3422,47.0,0.25,11.698710253207182
HCPa,3422,47.0,0.5,12.417859105074212
HCPa,3422,47.0,0.75,11.222591642845536
HCPa,3422,47.0,1.0,10.302913322783995
HCPa,3422,47.0,1.25,9.678591621341154
HCPa,3422,47.0,1.5,9.342794372776105
HCPa,3423,81.0,0.25,11.131954289414898
HCPa,3423,81.0,0.5,11.062646569962437
HCPa,3423,81.0,0.75,11.179933595445524
HCPa,3423,81.0,1.0,11.10436399244823
HCPa,3423,81.0,1.25,11.248561067375718
HCPa,3423,81.0,1.5,11.554813078337535
HCPa,3424,42.0,0.25,10.399433001448347
HCPa,3424,42.0,0.5,10.716126694192646
HCPa,3424,42.0,0.75,10.077372783843378
HCPa,3424,42.0,1.0,9.6426817154222
HCPa,3424,42.0,1.25,9.23366293413393
HCPa,3424,42.0,1.5,8.955299354099925
HCPa,3425,38.0,0.25,12.224011533113941
HCPa,3425,38.0,0.5,11.820521076463612
HCPa,3425,38.0,0.75,10.92015588596693
HCPa,3425,38.0,1.0,10.590152266282644
HCPa,3425,38.0,1.25,10.297605542557495
HCPa,3425,38.0,1.5,9.987186713120755
HCPa,3426,56.0,0.25,11.755657058800505
HCPa,3426,56.0,0.5,11.07676450521769
HCPa,3426,56.0,0.75,9.902374847882296
HCPa,3426,56.0,1.0,9.661730345189975
HCPa,3426,56.0,1.25,9.287832237196458
HCPa,3426,56.0,1.5,8.934876623823632
HCPa,3427,86.0,0.25,9.43586574977009
HCPa,3427,86.0,0.5,9.431534476956505
HCPa,3427,86.0,0.75,9.406899721769994
HCPa,3427,86.0,1.0,9.424010210374934
HCPa,3427,86.0,1.25,9.546557790491185
HCPa,3427,86.0,1.5,9.589013288622693
HCPa,3428,42.0,0.25,11.063077319581948
HCPa,3428,42.0,0.5,10.572888677302611
HCPa,3428,42.0,0.75,9.527603262749176
HCPa,3428,42.0,1.0,8.645539164372138
HCPa,3428,42.0,1.25,8.453248484861506
HCPa,3428,42.0,1.5,7.998280240994592
HCPa,3429,41.0,0.25,12.038039864757156
HCPa,3429,41.0,0.5,10.343845242382285
HCPa,3429,41.0,0.75,9.659375455681106
HCPa,3429,41.0,1.0,9.059181437932299
HCPa,3429,41.0,1.25,8.848945627841612
HCPa,3429,41.0,1.5,8.704526996780645
HCPa,3430,41.0,0.25,10.818686162042809
HCPa,3430,41.0,0.5,11.313430654878623
HCPa,3430,41.0,0.75,11.207226248201215
HCPa,3430,41.0,1.0,10.998437791108474
HCPa,3430,41.0,1.25,10.578139227844803
HCPa,3430,41.0,1.5,10.159956889816788
HCPa,3431,63.0,0.25,9.994945437027742
HCPa,3431,63.0,0.5,10.076147634290042
HCPa,3431,63.0,0.75,10.166863364143584
HCPa,3431,63.0,1.0,10.376658842994543
HCPa,3431,63.0,1.25,10.240134217776754
HCPa,3431,63.0,1.5,10.211330849069842
HCPa,3432,78.0,0.25,10.408604335427306
HCPa,3432,78.0,0.5,10.190553325832589
HCPa,3432,78.0,0.75,9.94050341132509
HCPa,3432,78.0,1.0,9.78892493094896
HCPa,3432,78.0,1.25,9.537316910730823
HCPa,3432,78.0,1.5,9.477732386515347
HCPa,3433,67.0,0.25,11.709899407790536
HCPa,3433,67.0,0.5,11.751137569416704
HCPa,3433,67.0,0.75,11.769136527636332
HCPa,3433,67.0,1.0,11.982169798116162
HCPa,3433,67.0,1.25,11.974621277943951
HCPa,3433,67.0,1.5,11.802141182658152
HCPa,3434,76.0,0.25,11.264367034748101
HCPa,3434,76.0,0.5,11.257142625984505
HCPa,3434,76.0,0.75,10.949774277968606
HCPa,3434,76.0,1.0,10.977548066560768
HCPa,3434,76.0,1.25,10.350873119450956
HCPa,3434,76.0,1.5,10.856593339246823
HCPa,3435,84.0,0.25,10.949912026289892
HCPa,3435,84.0,0.5,11.014928729731851
HCPa,3435,84.0,0.75,11.087915375707725
HCPa,3435,84.0,1.0,11.169325110610371
HCPa,3435,84.0,1.25,11.254624265249653
HCPa,3435,84.0,1.5,11.324993832356567
HCPa,3436,48.0,0.25,9.670348895760492
HCPa,3436,48.0,0.5,10.234243570156242
HCPa,3436,48.0,0.75,10.450550609364571
HCPa,3436,48.0,1.0,10.431680597971441
HCPa,3436,48.0,1.25,10.292518221955996
HCPa,3436,48.0,1.5,10.042372093294407
HCPa,3437,52.0,0.25,11.382964077744647
HCPa,3437,52.0,0.5,10.540633873608844
HCPa,3437,52.0,0.75,9.711303405842852
HCPa,3437,52.0,1.0,9.520322218571048
HCPa,3437,52.0,1.25,9.18321180914752
HCPa,3437,52.0,1.5,9.088043794182882
HCPa,3438,68.0,0.25,11.463159466857313
HCPa,3438,68.0,0.5,10.985817387339667
HCPa,3438,68.0,0.75,9.898043946813193
HCPa,3438,68.0,1.0,9.518590553519024
HCPa,3438,68.0,1.25,8.933615896629647
HCPa,3438,68.0,1.5,8.793094587632599
HCPa,3439,68.0,0.25,11.129472694092978
HCPa,3439,68.0,0.5,10.704893720719737
HCPa,3439,68.0,0.75,10.595507818799863
HCPa,3439,68.0,1.0,10.431820310741879
HCPa,3439,68.0,1.25,9.895256872755606
HCPa,3439,68.0,1.5,10.314922920895109
HCPa,3440,69.0,0.25,11.563174867935059
HCPa,3440,69.0,0.5,11.588315241080988
HCPa,3440,69.0,0.75,11.53889833122499
HCPa,3440,69.0,1.0,11.254944137746248
HCPa,3440,69.0,1.25,10.934198225079152
HCPa,3440,69.0,1.5,10.764097785420088
HCPa,3441,68.0,0.25,12.182291771419392
HCPa,3441,68.0,0.5,11.991660814557743
HCPa,3441,68.0,0.75,11.534300240255362
HCPa,3441,68.0,1.0,10.32614545521611
HCPa,3441,68.0,1.25,9.864327328165045
HCPa,3441,68.0,1.5,9.417435799367821
HCPa,3442,69.0,0.25,11.097904728270368
HCPa,3442,69.0,0.5,11.028510047387531
HCPa,3442,69.0,0.75,11.31833458737052
HCPa,3442,69.0,1.0,11.372371041051904
HCPa,3442,69.0,1.25,11.392905730654158
HCPa,3442,69.0,1.5,11.280713106749607
HCPa,3443,75.0,0.25,9.00736446429305
HCPa,3443,75.0,0.5,9.647798205459075
HCPa,3443,75.0,0.75,9.8778757238252
HCPa,3443,75.0,1.0,9.693241572776714
HCPa,3443,75.0,1.25,9.37223586702145
HCPa,3443,75.0,1.5,9.06119878441335
HCPa,3444,65.0,0.25,10.436646015959386
HCPa,3444,65.0,0.5,10.516188701760564
HCPa,3444,65.0,0.75,10.610799131980947
HCPa,3444,65.0,1.0,10.704698024543532
HCPa,3444,65.0,1.25,10.804492255473587
HCPa,3444,65.0,1.5,10.909814424867985
HCPa,3445,57.0,0.25,11.550916117920028
HCPa,3445,57.0,0.5,11.517699699980186
HCPa,3445,57.0,0.75,11.170137629505923
HCPa,3445,57.0,1.0,10.565937226919136
HCPa,3445,57.0,1.25,10.647777351397332
HCPa,3445,57.0,1.5,10.517913947810825
HCPa,3446,52.0,0.25,11.17596261563818
HCPa,3446,52.0,0.5,10.894407149928508
HCPa,3446,52.0,0.75,10.535872638736754
HCPa,3446,52.0,1.0,10.234979063753094
HCPa,3446,52.0,1.25,9.78959778668237
HCPa,3446,52.0,1.5,9.559852426710375
HCPa,3447,66.0,0.25,10.53345668946041
HCPa,3447,66.0,0.5,10.601308413773237
HCPa,3447,66.0,0.75,10.697711641587524
HCPa,3447,66.0,1.0,10.781778322077708
HCPa,3447,66.0,1.25,10.861051464652924
HCPa,3447,66.0,1.5,10.992752205833904
HCPa,3448,44.0,0.25,11.560990816358137
HCPa,3448,44.0,0.5,11.623810561277137
HCPa,3448,44.0,0.75,12.208112128436465
HCPa,3448,44.0,1.0,11.87726135798991
HCPa,3448,44.0,1.25,11.495581377495071
HCPa,3448,44.0,1.5,10.464167743672931
HCPa,3449,84.0,0.25,10.591926998346219
HCPa,3449,84.0,0.5,10.567069967313346
HCPa,3449,84.0,0.75,10.567258233771778
HCPa,3449,84.0,1.0,10.642482523536653
HCPa,3449,84.0,1.25,10.78764104610223
HCPa,3449,84.0,1.5,10.856612536892566
HCPa,3450,58.0,0.25,11.243918669341117
HCPa,3450,58.0,0.5,11.459496704939511
HCPa,3450,58.0,0.75,11.079422666622719
HCPa,3450,58.0,1.0,10.378456303059691
HCPa,3450,58.0,1.25,10.05393783943437
HCPa,3450,58.0,1.5,9.71318752101245
HCPa,3451,53.0,0.25,11.712957067564812
HCPa,3451,53.0,0.5,11.09942741991982
HCPa,3451,53.0,0.75,10.383208764086712
HCPa,3451,53.0,1.0,10.054963263605886
HCPa,3451,53.0,1.25,9.8712807692896
HCPa,3451,53.0,1.5,9.631816550343292
HCPa,3452,67.0,0.25,11.293119164898185
HCPa,3452,67.0,0.5,10.962521265213608
HCPa,3452,67.0,0.75,9.977061606193663
HCPa,3452,67.0,1.0,9.393640401036984
HCPa,3452,67.0,1.25,8.903624470091527
HCPa,3452,67.0,1.5,8.798808812428273
HCPa,3453,82.0,0.25,11.533085053357341
HCPa,3453,82.0,0.5,11.198538838593507
HCPa,3453,82.0,0.75,9.938116624317892
HCPa,3453,82.0,1.0,9.23842141387374
HCPa,3453,82.0,1.25,8.702984657594799
HCPa,3453,82.0,1.5,8.235374671817
HCPa,3454,79.0,0.25,11.21460588231729
HCPa,3454,79.0,0.5,10.899068264345846
HCPa,3454,79.0,0.75,10.111811031226663
HCPa,3454,79.0,1.0,9.4221305064804
HCPa,3454,79.0,1.25,9.143372517338946
HCPa,3454,79.0,1.5,9.043397322201614
HCPa,3455,65.0,0.25,9.541799058440425
HCPa,3455,65.0,0.5,9.412122393664886
HCPa,3455,65.0,0.75,9.673987198247191
HCPa,3455,65.0,1.0,9.868655015173506
HCPa,3455,65.0,1.25,9.992124454851531
HCPa,3455,65.0,1.5,10.138180767561241
HCPa,3456,55.0,0.25,11.363053567727203
HCPa,3456,55.0,0.5,10.197408812723248
HCPa,3456,55.0,0.75,9.309963105934182
HCPa,3456,55.0,1.0,8.75833278898437
HCPa,3456,55.0,1.25,8.374548869137046
HCPa,3456,55.0,1.5,8.320564162177051
HCPa,3457,37.0,0.25,11.45634471138693
HCPa,3457,37.0,0.5,11.853368991127251
HCPa,3457,37.0,0.75,10.954261734619612
HCPa,3457,37.0,1.0,10.510742633597145
HCPa,3457,37.0,1.25,10.067020676702514
HCPa,3457,37.0,1.5,9.720905708466525
HCPa,3458,64.0,0.25,11.278256029075015
HCPa,3458,64.0,0.5,11.622730519110428
HCPa,3458,64.0,0.75,11.640260717054344
HCPa,3458,64.0,1.0,10.525379983481972
HCPa,3458,64.0,1.25,9.812874097868574
HCPa,3458,64.0,1.5,9.091177419176072
HCPa,3459,89.0,0.25,9.871213655351257
HCPa,3459,89.0,0.5,10.234447495682877
HCPa,3459,89.0,0.75,10.50672591723098
HCPa,3459,89.0,1.0,10.717294743800002
HCPa,3459,89.0,1.25,10.460050250580291
HCPa,3459,89.0,1.5,10.390104732589071
HCPa,3460,37.0,0.25,11.87797785707588
HCPa,3460,37.0,0.5,11.805953283105076
HCPa,3460,37.0,0.75,11.931937108390143
HCPa,3460,37.0,1.0,11.580215375804022
HCPa,3460,37.0,1.25,11.370458386003524
HCPa,3460,37.0,1.5,11.015162305242516
HCPa,3461,67.0,0.25,11.532597584569752
HCPa,3461,67.0,0.5,11.063360234778553
HCPa,3461,67.0,0.75,10.213397247459364
HCPa,3461,67.0,1.0,10.049375977516542
HCPa,3461,67.0,1.25,9.976000711713594
HCPa,3461,67.0,1.5,9.9472470104276
HCPa,3462,53.0,0.25,11.094238101895252
HCPa,3462,53.0,0.5,10.757050549517285
HCPa,3462,53.0,0.75,9.299930877600726
HCPa,3462,53.0,1.0,8.547248678455341
HCPa,3462,53.0,1.25,8.1506618234403
HCPa,3462,53.0,1.5,7.9748502848903735
HCPa,3463,36.0,0.25,10.36778527420064
HCPa,3463,36.0,0.5,10.965148231493437
HCPa,3463,36.0,0.75,10.231577825031621
HCPa,3463,36.0,1.0,9.290704374813544
HCPa,3463,36.0,1.25,8.622361870255858
HCPa,3463,36.0,1.5,8.077517774489174
HCPa,3464,59.0,0.25,10.788024448073635
HCPa,3464,59.0,0.5,11.089285526687448
HCPa,3464,59.0,0.75,10.57193640829925
HCPa,3464,59.0,1.0,9.947883870700519
HCPa,3464,59.0,1.25,9.156601461042403
HCPa,3464,59.0,1.5,9.166190769587363
HCPa,3465,43.0,0.25,11.249068738419542
HCPa,3465,43.0,0.5,11.683755648338812
HCPa,3465,43.0,0.75,10.858076271903894
HCPa,3465,43.0,1.0,9.990718616300203
HCPa,3465,43.0,1.25,9.206479344321876
HCPa,3465,43.0,1.5,8.801829280415692
HCPa,3466,72.0,0.25,9.769832866324379
HCPa,3466,72.0,0.5,9.995136818221031
HCPa,3466,72.0,0.75,10.07459580088541
HCPa,3466,72.0,1.0,10.249728129517116
HCPa,3466,72.0,1.25,9.893359643463345
HCPa,3466,72.0,1.5,9.71477724797352
HCPa,3467,44.0,0.25,11.95256354779884
HCPa,3467,44.0,0.5,11.450948296657058
HCPa,3467,44.0,0.75,11.006788694204818
HCPa,3467,44.0,1.0,10.541960392937199
HCPa,3467,44.0,1.25,10.348754850001601
HCPa,3467,44.0,1.5,10.26620309764643
HCPa,3468,65.0,0.25,11.141058707384758
HCPa,3468,65.0,0.5,10.122279236240187
HCPa,3468,65.0,0.75,10.24898088891506
HCPa,3468,65.0,1.0,9.680079317481997
HCPa,3468,65.0,1.25,9.6290220767981
HCPa,3468,65.0,1.5,9.630438971435975
HCPa,3469,50.0,0.25,11.057232053090969
HCPa,3469,50.0,0.5,10.79840181726649
HCPa,3469,50.0,0.75,10.013273354834473
HCPa,3469,50.0,1.0,9.228415135492135
HCPa,3469,50.0,1.25,9.21945831228975
HCPa,3469,50.0,1.5,8.964902973021253
HCPa,3470,66.0,0.25,10.723521407652877
HCPa,3470,66.0,0.5,10.332629737531146
HCPa,3470,66.0,0.75,10.04151639056112
HCPa,3470,66.0,1.0,9.927890495735241
HCPa,3470,66.0,1.25,9.68277432682474
HCPa,3470,66.0,1.5,9.44929943611874
HCPa,3471,44.0,0.25,10.43770411062335
HCPa,3471,44.0,0.5,10.573419281391269
HCPa,3471,44.0,0.75,9.129273839754184
HCPa,3471,44.0,1.0,8.498596440416073
HCPa,3471,44.0,1.25,7.991917577623822
HCPa,3471,44.0,1.5,7.767568922160381
HCPa,3472,66.0,0.25,9.45233873008163
HCPa,3472,66.0,0.5,9.483209556015533
HCPa,3472,66.0,0.75,9.548823387397144
HCPa,3472,66.0,1.0,9.290489005484407
HCPa,3472,66.0,1.25,9.680389281461183
HCPa,3472,66.0,1.5,9.727879902802423
HCPa,3473,44.0,0.25,11.210553832692327
HCPa,3473,44.0,0.5,11.462203265543456
HCPa,3473,44.0,0.75,11.243233617853875
HCPa,3473,44.0,1.0,10.950999463469184
HCPa,3473,44.0,1.25,10.735442410787769
HCPa,3473,44.0,1.5,10.630816964901726
HCPa,3474,60.0,0.25,9.790663875711735
HCPa,3474,60.0,0.5,10.053320446482541
HCPa,3474,60.0,0.75,10.41009007139552
HCPa,3474,60.0,1.0,10.86771933687175
HCPa,3474,60.0,1.25,10.86714350911636
HCPa,3474,60.0,1.5,10.615809410267492
HCPa,3475,43.0,0.25,10.10467550582147
HCPa,3475,43.0,0.5,10.51033541258288
HCPa,3475,43.0,0.75,10.786827828338355
HCPa,3475,43.0,1.0,10.470026301124419
HCPa,3475,43.0,1.25,9.973062451568506
HCPa,3475,43.0,1.5,9.506742191210206
HCPa,3476,41.0,0.25,11.006017689359862
HCPa,3476,41.0,0.5,9.804578331635845
HCPa,3476,41.0,0.75,9.371536247976353
HCPa,3476,41.0,1.0,9.11262237910117
HCPa,3476,41.0,1.25,8.836215604722279
HCPa,3476,41.0,1.5,8.460053904010087
HCPa,3477,69.0,0.25,10.823210514281987
HCPa,3477,69.0,0.5,10.899793347536948
HCPa,3477,69.0,0.75,10.742731759938392
HCPa,3477,69.0,1.0,10.4461333112342
HCPa,3477,69.0,1.25,10.205465309147307
HCPa,3477,69.0,1.5,10.129663230066186
HCPa,3478,47.0,0.25,11.124799909339254
HCPa,3478,47.0,0.5,10.622264174837792
HCPa,3478,47.0,0.75,10.371868750293658
HCPa,3478,47.0,1.0,10.507091532974616
HCPa,3478,47.0,1.25,10.414647656283952
HCPa,3478,47.0,1.5,10.20484227127844
HCPa,3479,70.0,0.25,11.224962874521665
HCPa,3479,70.0,0.5,11.236876322103367
HCPa,3479,70.0,0.75,11.26210793510214
HCPa,3479,70.0,1.0,11.204459638527581
HCPa,3479,70.0,1.25,11.412036843727039
HCPa,3479,70.0,1.5,11.707579264986418
HCPa,3480,36.0,0.25,11.613161408101798
HCPa,3480,36.0,0.5,11.540454924794178
HCPa,3480,36.0,0.75,11.921264664790822
HCPa,3480,36.0,1.0,11.218110159303851
HCPa,3480,36.0,1.25,10.511360528702335
HCPa,3480,36.0,1.5,9.696892822874831
HCPa,3481,52.0,0.25,10.61395008296625
HCPa,3481,52.0,0.5,10.303197340923742
HCPa,3481,52.0,0.75,9.279378305158168
HCPa,3481,52.0,1.0,8.781739918920321
HCPa,3481,52.0,1.25,8.556392922848188
HCPa,3481,52.0,1.5,8.345905952728822
HCPa,3482,39.0,0.25,11.045706749759646
HCPa,3482,39.0,0.5,11.18041255642934
HCPa,3482,39.0,0.75,10.67732699645194
HCPa,3482,39.0,1.0,10.015150542198679
HCPa,3482,39.0,1.25,9.489240174502937
HCPa,3482,39.0,1.5,9.02269170411307
HCPa,3483,72.0,0.25,10.123506485504025
HCPa,3483,72.0,0.5,10.174377075041788
HCPa,3483,72.0,0.75,10.231433183007999
HCPa,3483,72.0,1.0,10.319314676107723
HCPa,3483,72.0,1.25,10.416122344899438
HCPa,3483,72.0,1.5,10.536553246927685
HCPa,3484,37.0,0.25,11.591236745160048
HCPa,3484,37.0,0.5,11.529399061355988
HCPa,3484,37.0,0.75,10.855364833456504
HCPa,3484,37.0,1.0,10.073719401176795
HCPa,3484,37.0,1.25,10.140148564757796
HCPa,3484,37.0,1.5,9.72049555849203
HCPa,3485,54.0,0.25,11.757663073323805
HCPa,3485,54.0,0.5,11.707345625526639
HCPa,3485,54.0,0.75,11.753716116795173
HCPa,3485,54.0,1.0,11.385039420745782
HCPa,3485,54.0,1.25,11.346584234528374
HCPa,3485,54.0,1.5,11.096583613889939
HCPa,3486,53.0,0.25,11.80643543245627
HCPa,3486,53.0,0.5,9.963815843590886
HCPa,3486,53.0,0.75,8.783413609943365
HCPa,3486,53.0,1.0,8.365792042901067
HCPa,3486,53.0,1.25,8.108676743774373
HCPa,3486,53.0,1.5,7.956176841788541
HCPa,3487,41.0,0.25,10.539554159916857
HCPa,3487,41.0,0.5,10.681620332567606
HCPa,3487,41.0,0.75,10.119817715355726
HCPa,3487,41.0,1.0,9.638465411603766
HCPa,3487,41.0,1.25,9.376022160804185
HCPa,3487,41.0,1.5,9.301032378727756
HCPa,3488,47.0,0.25,11.482472121146179
HCPa,3488,47.0,0.5,11.863128615717315
HCPa,3488,47.0,0.75,11.053266870796431
HCPa,3488,47.0,1.0,10.282271008210705
HCPa,3488,47.0,1.25,9.906119919432644
HCPa,3488,47.0,1.5,9.604919488180116
HCPa,3489,81.0,0.25,9.408606347330323
HCPa,3489,81.0,0.5,9.4320870866536
HCPa,3489,81.0,0.75,9.57446249086391
HCPa,3489,81.0,1.0,9.752386270034155
HCPa,3489,81.0,1.25,9.92704422911773
HCPa,3489,81.0,1.5,10.041542197621416
HCPa,3490,61.0,0.25,11.698787549597828
HCPa,3490,61.0,0.5,11.764111838818822
HCPa,3490,61.0,0.75,11.2940588014411
HCPa,3490,61.0,1.0,10.685896889842569
HCPa,3490,61.0,1.25,10.109244064826461
HCPa,3490,61.0,1.5,9.808503194408395
HCPa,3491,43.0,0.25,11.681033084807932
HCPa,3491,43.0,0.5,10.245954557701552
HCPa,3491,43.0,0.75,9.131468032190073
HCPa,3491,43.0,1.0,8.567047725593499
HCPa,3491,43.0,1.25,8.31359235582389
HCPa,3491,43.0,1.5,8.343727351026725
HCPa,3492,53.0,0.25,10.736363080558126
HCPa,3492,53.0,0.5,11.115535327559847
HCPa,3492,53.0,0.75,10.725880518306592
HCPa,3492,53.0,1.0,10.262344191587141
HCPa,3492,53.0,1.25,10.123706985099197
HCPa,3492,53.0,1.5,9.614594129615904
HCPa,3493,39.0,0.25,11.813709952016557
HCPa,3493,39.0,0.5,11.370033543678684
HCPa,3493,39.0,0.75,10.607713656685675
HCPa,3493,39.0,1.0,10.5740819471791
HCPa,3493,39.0,1.25,10.40624592234226
HCPa,3493,39.0,1.5,10.224943769534178
HCPa,3494,81.0,0.25,11.680499935598505
HCPa,3494,81.0,0.5,11.836260585690457
HCPa,3494,81.0,0.75,12.045551032751108
HCPa,3494,81.0,1.0,11.862220256902777
HCPa,3494,81.0,1.25,11.564039154309201
HCPa,3494,81.0,1.5,11.261888827940098
HCPa,3495,85.0,0.25,9.861091342244048
HCPa,3495,85.0,0.5,9.914278203626365
HCPa,3495,85.0,0.75,10.070381936092637
HCPa,3495,85.0,1.0,10.313906182185024
HCPa,3495,85.0,1.25,10.562557590378407
HCPa,3495,85.0,1.5,10.8694966491893
HCPa,3496,43.0,0.25,11.678950714957704
HCPa,3496,43.0,0.5,11.755494683747296
HCPa,3496,43.0,0.75,10.588628366839158
HCPa,3496,43.0,1.0,9.883267911051027
HCPa,3496,43.0,1.25,9.091855662479315
HCPa,3496,43.0,1.5,8.411051526074562
HCPa,3497,46.0,0.25,11.444620047508872
HCPa,3497,46.0,0.5,11.689409980275133
HCPa,3497,46.0,0.75,10.222008599513517
HCPa,3497,46.0,1.0,9.260290329850191
HCPa,3497,46.0,1.25,8.64456220060025
HCPa,3497,46.0,1.5,8.427661333432368
HCPa,3498,49.0,0.25,11.204798471754897
HCPa,3498,49.0,0.5,11.196673450513902
HCPa,3498,49.0,0.75,8.980121620008184
HCPa,3498,49.0,1.0,9.122652543092828
HCPa,3498,49.0,1.25,8.578140723839727
HCPa,3498,49.0,1.5,8.016572050609645
HCPa,3499,70.0,0.25,11.39225752923545
HCPa,3499,70.0,0.5,11.656698113591688
HCPa,3499,70.0,0.75,11.635416573968076
HCPa,3499,70.0,1.0,11.16815375559733
HCPa,3499,70.0,1.25,11.604568013099396
HCPa,3499,70.0,1.5,11.614353053062656
HCPa,3500,42.0,0.25,11.139598410269073
HCPa,3500,42.0,0.5,11.535816420455676
HCPa,3500,42.0,0.75,10.827044736241154
HCPa,3500,42.0,1.0,10.24991522633009
HCPa,3500,42.0,1.25,9.822625123160783
HCPa,3500,42.0,1.5,9.431535727526812
HCPa,3501,87.0,0.25,11.432245332048044
HCPa,3501,87.0,0.5,11.4400064930051
HCPa,3501,87.0,0.75,11.40892408955248
HCPa,3501,87.0,1.0,11.347582289089612
HCPa,3501,87.0,1.25,11.29359360982774
HCPa,3501,87.0,1.5,11.130180210451165
HCPa,3502,47.0,0.25,11.569044013933631
HCPa,3502,47.0,0.5,11.864485265975615
HCPa,3502,47.0,0.75,11.128460119335491
HCPa,3502,47.0,1.0,10.924026650997133
HCPa,3502,47.0,1.25,10.898041945422744
HCPa,3502,47.0,1.5,10.658886687375336
HCPa,3503,57.0,0.25,10.957197072354335
HCPa,3503,57.0,0.5,10.922108427872708
HCPa,3503,57.0,0.75,10.996671926652144
HCPa,3503,57.0,1.0,11.02213744221815
HCPa,3503,57.0,1.25,11.050546733414208
HCPa,3503,57.0,1.5,11.157375475037178
HCPa,3504,62.0,0.25,11.582838237661711
HCPa,3504,62.0,0.5,10.87805917746461
HCPa,3504,62.0,0.75,9.559244379852537
HCPa,3504,62.0,1.0,9.48853582968624
HCPa,3504,62.0,1.25,9.236760369748517
HCPa,3504,62.0,1.5,8.897930884081012
HCPa,3505,71.0,0.25,11.190060913201156
HCPa,3505,71.0,0.5,11.503451897294134
HCPa,3505,71.0,0.75,11.585921537616384
HCPa,3505,71.0,1.0,11.851364668801665
HCPa,3505,71.0,1.25,11.681538659185664
HCPa,3505,71.0,1.5,11.059703177205472
HCPa,3506,42.0,0.25,11.062299049339325
HCPa,3506,42.0,0.5,11.479547995229279
HCPa,3506,42.0,0.75,10.882702732023544
HCPa,3506,42.0,1.0,10.512945285354755
HCPa,3506,42.0,1.25,10.17457244638109
HCPa,3506,42.0,1.5,9.958371237933152
HCPa,3507,86.0,0.25,9.866987740240651
HCPa,3507,86.0,0.5,9.981057733007233
HCPa,3507,86.0,0.75,10.105462999199643
HCPa,3507,86.0,1.0,10.207915089485931
HCPa,3507,86.0,1.25,10.3206614023372
HCPa,3507,86.0,1.5,10.418451264630203
HCPa,3508,78.0,0.25,11.506468736530014
HCPa,3508,78.0,0.5,11.658512149761684
HCPa,3508,78.0,0.75,11.693463189288146
HCPa,3508,78.0,1.0,11.82318525727161
HCPa,3508,78.0,1.25,11.731964296112526
HCPa,3508,78.0,1.5,11.225545496198832
HCPa,3509,58.0,0.25,11.316714031616497
HCPa,3509,58.0,0.5,11.272988581349969
HCPa,3509,58.0,0.75,10.79277295580513
HCPa,3509,58.0,1.0,10.475812406857225
HCPa,3509,58.0,1.25,9.923474176609032
HCPa,3509,58.0,1.5,9.511977268865826
HCPa,3510,60.0,0.25,10.831342969514932
HCPa,3510,60.0,0.5,10.539210830142395
HCPa,3510,60.0,0.75,11.131206862538667
HCPa,3510,60.0,1.0,11.446061040365134
HCPa,3510,60.0,1.25,11.57732184684326
HCPa,3510,60.0,1.5,11.681563760787899
HCPa,3511,85.0,0.25,11.450201339549944
HCPa,3511,85.0,0.5,11.363718027655551
HCPa,3511,85.0,0.75,11.34793378799227
HCPa,3511,85.0,1.0,11.486528016686698
HCPa,3511,85.0,1.25,11.623224482620262
HCPa,3511,85.0,1.5,11.58696854305735
HCPa,3512,72.0,0.25,10.67321300750513
HCPa,3512,72.0,0.5,10.76051266674359
HCPa,3512,72.0,0.75,10.854663075509954
HCPa,3512,72.0,1.0,10.943009314789567
HCPa,3512,72.0,1.25,11.028443265724354
HCPa,3512,72.0,1.5,11.101113710083634
HCPa,3513,75.0,0.25,10.79394940297857
HCPa,3513,75.0,0.5,10.795800898507848
HCPa,3513,75.0,0.75,10.456471274557034
HCPa,3513,75.0,1.0,10.82461815994935
HCPa,3513,75.0,1.25,10.496092180109018
HCPa,3513,75.0,1.5,11.004678864423411
HCPa,3514,45.0,0.25,11.54089449179512
HCPa,3514,45.0,0.5,11.838569675917777
HCPa,3514,45.0,0.75,11.829820363655466
HCPa,3514,45.0,1.0,11.939478814051032
HCPa,3514,45.0,1.25,11.787852044929046
HCPa,3514,45.0,1.5,11.736762034714005
HCPa,3515,66.0,0.25,10.962951664095783
HCPa,3515,66.0,0.5,11.115816312991704
HCPa,3515,66.0,0.75,11.126743156751006
HCPa,3515,66.0,1.0,11.12005641348275
HCPa,3515,66.0,1.25,11.18160530827498
HCPa,3515,66.0,1.5,11.327625981368136
HCPa,3516,40.0,0.25,11.529359344358287
HCPa,3516,40.0,0.5,10.6410086808111
HCPa,3516,40.0,0.75,9.951186732357789
HCPa,3516,40.0,1.0,9.912340868679491
HCPa,3516,40.0,1.25,9.692550011562464
HCPa,3516,40.0,1.5,9.607709901762918
HCPa,3517,36.0,0.25,11.217030699244305
HCPa,3517,36.0,0.5,11.8154888216942
HCPa,3517,36.0,0.75,11.725313189617305
HCPa,3517,36.0,1.0,12.180504570328418
HCPa,3517,36.0,1.25,11.815269524211992
HCPa,3517,36.0,1.5,11.77966053144672
HCPa,3518,50.0,0.25,11.396855873747292
HCPa,3518,50.0,0.5,11.813610629728762
HCPa,3518,50.0,0.75,11.011525929053887
HCPa,3518,50.0,1.0,9.898944910742946
HCPa,3518,50.0,1.25,9.435166077186254
HCPa,3518,50.0,1.5,9.008171340109937
HCPa,3519,45.0,0.25,11.92902761199448
HCPa,3519,45.0,0.5,10.573538620278422
HCPa,3519,45.0,0.75,9.73751247620239
HCPa,3519,45.0,1.0,9.169118194595498
HCPa,3519,45.0,1.25,8.83816902819295
HCPa,3519,45.0,1.5,8.68737318829038
HCPa,3520,39.0,0.25,11.860105877195627
HCPa,3520,39.0,0.5,11.796551460031774
HCPa,3520,39.0,0.75,11.009408251639067
HCPa,3520,39.0,1.0,10.502016553682916
HCPa,3520,39.0,1.25,10.283740082033596
HCPa,3520,39.0,1.5,10.241817230512478
HCPa,3521,37.0,0.25,11.845128347761829
HCPa,3521,37.0,0.5,10.214571577623165
HCPa,3521,37.0,0.75,9.827134706857143
HCPa,3521,37.0,1.0,9.736548718129145
HCPa,3521,37.0,1.25,9.371954078735206
HCPa,3521,37.0,1.5,9.86386258522758
HCPa,3522,48.0,0.25,10.027714841259828
HCPa,3522,48.0,0.5,10.08055096486615
HCPa,3522,48.0,0.75,10.222383793506854
HCPa,3522,48.0,1.0,10.75478936857955
HCPa,3522,48.0,1.25,10.618953056242425
HCPa,3522,48.0,1.5,11.43521313318199
HCPa,3523,49.0,0.25,11.311359516745297
HCPa,3523,49.0,0.5,10.195351203231384
HCPa,3523,49.0,0.75,8.61393996266655
HCPa,3523,49.0,1.0,7.572162830590047
HCPa,3523,49.0,1.25,7.32925670339628
HCPa,3523,49.0,1.5,6.965425443964773
HCPa,3524,40.0,0.25,11.562011312193132
HCPa,3524,40.0,0.5,10.872362564966094
HCPa,3524,40.0,0.75,9.847172542451487
HCPa,3524,40.0,1.0,9.187413885292324
HCPa,3524,40.0,1.25,9.114611917480339
HCPa,3524,40.0,1.5,8.947647191199936
HCPa,3525,53.0,0.25,10.840058113578669
HCPa,3525,53.0,0.5,11.527161341760578
HCPa,3525,53.0,0.75,11.271833323465513
HCPa,3525,53.0,1.0,10.300744654187081
HCPa,3525,53.0,1.25,9.716164983023246
HCPa,3525,53.0,1.5,8.998836637880002
HCPa,3526,62.0,0.25,11.499543345564566
HCPa,3526,62.0,0.5,11.298309181526886
HCPa,3526,62.0,0.75,10.307831387960455
HCPa,3526,62.0,1.0,9.849847910972478
HCPa,3526,62.0,1.25,9.227064623411065
HCPa,3526,62.0,1.5,9.420238056844054
HCPa,3527,71.0,0.25,11.480966279611533
HCPa,3527,71.0,0.5,11.328188504225043
HCPa,3527,71.0,0.75,11.436185854743712
HCPa,3527,71.0,1.0,11.43538523761712
HCPa,3527,71.0,1.25,11.339070337554531
HCPa,3527,71.0,1.5,11.178581772040195
HCPa,3528,46.0,0.25,11.720083199379262
HCPa,3528,46.0,0.5,10.457363018600015
HCPa,3528,46.0,0.75,9.349626809895726
HCPa,3528,46.0,1.0,9.3358612750144
HCPa,3528,46.0,1.25,9.197922590467751
HCPa,3528,46.0,1.5,9.098673213843693
HCPa,3529,48.0,0.25,11.215923130045766
HCPa,3529,48.0,0.5,10.728371279751018
HCPa,3529,48.0,0.75,9.551970557364424
HCPa,3529,48.0,1.0,8.935711502918645
HCPa,3529,48.0,1.25,8.544087024422254
HCPa,3529,48.0,1.5,8.343727453121959
HCPa,3530,56.0,0.25,10.87196452366558
HCPa,3530,56.0,0.5,11.268756193564618
HCPa,3530,56.0,0.75,10.00402014035967
HCPa,3530,56.0,1.0,9.563559389391555
HCPa,3530,56.0,1.25,9.144335255196882
HCPa,3530,56.0,1.5,8.897066219743186
HCPa,3531,37.0,0.25,11.682387050684316
HCPa,3531,37.0,0.5,11.20548694291657
HCPa,3531,37.0,0.75,10.83158286595468
HCPa,3531,37.0,1.0,10.388521570411257
HCPa,3531,37.0,1.25,10.424487724839649
HCPa,3531,37.0,1.5,10.247212877715153
HCPa,3532,51.0,0.25,11.711506349918277
HCPa,3532,51.0,0.5,10.869417443031566
HCPa,3532,51.0,0.75,10.067568000674584
HCPa,3532,51.0,1.0,9.464620652739116
HCPa,3532,51.0,1.25,9.142350030675267
HCPa,3532,51.0,1.5,8.962512439524739
HCPa,3533,73.0,0.25,9.028039895216471
HCPa,3533,73.0,0.5,9.328742802787245
HCPa,3533,73.0,0.75,10.080700358878802
HCPa,3533,73.0,1.0,10.475167711542353
HCPa,3533,73.0,1.25,10.758345669454618
HCPa,3533,73.0,1.5,10.671183903817033
HCPa,3534,48.0,0.25,10.076038744303844
HCPa,3534,48.0,0.5,10.105248292682468
HCPa,3534,48.0,0.75,10.158731712465793
HCPa,3534,48.0,1.0,10.073279014326745
HCPa,3534,48.0,1.25,10.235078905124743
HCPa,3534,48.0,1.5,10.015711797234962
HCPa,3535,38.0,0.25,11.762864580536268
HCPa,3535,38.0,0.5,10.057286644076763
HCPa,3535,38.0,0.75,8.438305730764458
HCPa,3535,38.0,1.0,8.00602657584778
HCPa,3535,38.0,1.25,7.485001261987482
HCPa,3535,38.0,1.5,7.290047409910834
HCPa,3536,41.0,0.25,11.22328016358327
HCPa,3536,41.0,0.5,11.288972438456947
HCPa,3536,41.0,0.75,11.330148432253116
HCPa,3536,41.0,1.0,11.423650891159138
HCPa,3536,41.0,1.25,11.580157644364016
HCPa,3536,41.0,1.5,11.452772427196926
HCPa,3537,41.0,0.25,11.625478487535975
HCPa,3537,41.0,0.5,11.67986264001136
HCPa,3537,41.0,0.75,10.891603423240326
HCPa,3537,41.0,1.0,10.05614270358031
HCPa,3537,41.0,1.25,9.297939816517196
HCPa,3537,41.0,1.5,9.020915648787518
HCPa,3538,51.0,0.25,11.644035946777134
HCPa,3538,51.0,0.5,11.769553846212883
HCPa,3538,51.0,0.75,10.878972802861679
HCPa,3538,51.0,1.0,9.782925207280394
HCPa,3538,51.0,1.25,9.049242897655708
HCPa,3538,51.0,1.5,8.659229259481481
HCPa,3539,56.0,0.25,11.379063955885215
HCPa,3539,56.0,0.5,10.98582312242999
HCPa,3539,56.0,0.75,9.727929842012973
HCPa,3539,56.0,1.0,9.255148456316574
HCPa,3539,56.0,1.25,9.014787746831832
HCPa,3539,56.0,1.5,8.80688457078704
HCPa,3540,39.0,0.25,10.324885331292089
HCPa,3540,39.0,0.5,11.683530835196889
HCPa,3540,39.0,0.75,10.815857204062054
HCPa,3540,39.0,1.0,10.537180076308218
HCPa,3540,39.0,1.25,9.787063989220103
HCPa,3540,39.0,1.5,9.748489581797543
HCPa,3541,82.0,0.25,10.071022755262304
HCPa,3541,82.0,0.5,10.076761561287682
HCPa,3541,82.0,0.75,10.08614050685699
HCPa,3541,82.0,1.0,10.10894350391432
HCPa,3541,82.0,1.25,10.251185288644619
HCPa,3541,82.0,1.5,10.50267274128302
HCPa,3542,78.0,0.25,11.21119983469025
HCPa,3542,78.0,0.5,11.204611446514766
HCPa,3542,78.0,0.75,11.16776500511162
HCPa,3542,78.0,1.0,11.211092447374657
HCPa,3542,78.0,1.25,11.381429705882914
HCPa,3542,78.0,1.5,11.283153218669774
HCPa,3543,58.0,0.25,9.447811866707909
HCPa,3543,58.0,0.5,10.388064555400502
HCPa,3543,58.0,0.75,10.819133057195469
HCPa,3543,58.0,1.0,10.521615400663986
HCPa,3543,58.0,1.25,9.982870203906396
HCPa,3543,58.0,1.5,9.54493417228159
HCPa,3544,69.0,0.25,11.67550405281946
HCPa,3544,69.0,0.5,11.574141378737169
HCPa,3544,69.0,0.75,11.14217174821783
HCPa,3544,69.0,1.0,10.409032721233617
HCPa,3544,69.0,1.25,10.353433171819093
HCPa,3544,69.0,1.5,10.103860005136879
HCPa,3545,75.0,0.25,10.887765003726278
HCPa,3545,75.0,0.5,11.248265203903346
HCPa,3545,75.0,0.75,11.300412139208674
HCPa,3545,75.0,1.0,11.125618588801116
HCPa,3545,75.0,1.25,10.9686621231666
HCPa,3545,75.0,1.5,10.689092385718226
HCPa,3546,49.0,0.25,11.011029012210393
HCPa,3546,49.0,0.5,11.193439127147855
HCPa,3546,49.0,0.75,10.219028534600742
HCPa,3546,49.0,1.0,9.609475428217538
HCPa,3546,49.0,1.25,9.254688889994213
HCPa,3546,49.0,1.5,9.232734571493355
HCPa,3547,56.0,0.25,11.639822041968007
HCPa,3547,56.0,0.5,11.693679732386933
HCPa,3547,56.0,0.75,10.82276974916105
HCPa,3547,56.0,1.0,10.291641353756024
HCPa,3547,56.0,1.25,9.799957603325685
HCPa,3547,56.0,1.5,9.672537555078984
HCPa,3548,41.0,0.25,11.056963858726688
HCPa,3548,41.0,0.5,11.078368460031543
HCPa,3548,41.0,0.75,10.498643864661204
HCPa,3548,41.0,1.0,10.310913337396002
HCPa,3548,41.0,1.25,9.794964621065008
HCPa,3548,41.0,1.5,9.725147649163588
HCPa,3549,48.0,0.25,11.12250953830238
HCPa,3549,48.0,0.5,10.270999588538055
HCPa,3549,48.0,0.75,10.222559765094992
HCPa,3549,48.0,1.0,9.998117672170835
HCPa,3549,48.0,1.25,9.895814494061613
HCPa,3549,48.0,1.5,9.755025532316582
HCPa,3550,39.0,0.25,11.730049796426991
HCPa,3550,39.0,0.5,11.251745334167028
HCPa,3550,39.0,0.75,9.756816619062546
HCPa,3550,39.0,1.0,8.674026704550334
HCPa,3550,39.0,1.25,8.359636755950657
HCPa,3550,39.0,1.5,8.043672518849336
HCPa,3551,53.0,0.25,11.356309219450416
HCPa,3551,53.0,0.5,11.444016429924545
HCPa,3551,53.0,0.75,11.674480363431458
HCPa,3551,53.0,1.0,11.80471723869362
HCPa,3551,53.0,1.25,11.570217163407921
HCPa,3551,53.0,1.5,10.531198205752279
HCPa,3552,66.0,0.25,11.404143591696256
HCPa,3552,66.0,0.5,11.900728616969758
HCPa,3552,66.0,0.75,11.49451394390004
HCPa,3552,66.0,1.0,11.068380779711266
HCPa,3552,66.0,1.25,10.816492519039759
HCPa,3552,66.0,1.5,10.570192580454728
HCPa,3553,78.0,0.25,10.791845626452655
HCPa,3553,78.0,0.5,10.84863918283472
HCPa,3553,78.0,0.75,10.872713099819187
HCPa,3553,78.0,1.0,10.883662821560899
HCPa,3553,78.0,1.25,10.891711925034205
HCPa,3553,78.0,1.5,10.90849850211271
HCPa,3554,85.0,0.25,9.784814267618827
HCPa,3554,85.0,0.5,10.223086419958845
HCPa,3554,85.0,0.75,10.501109055417645
HCPa,3554,85.0,1.0,10.851517688642906
HCPa,3554,85.0,1.25,10.871959768535227
HCPa,3554,85.0,1.5,11.248444482433568
HCPa,3555,81.0,0.25,10.967420859588897
HCPa,3555,81.0,0.5,11.136685286821669
HCPa,3555,81.0,0.75,10.609857603749024
HCPa,3555,81.0,1.0,9.964783296089847
HCPa,3555,81.0,1.25,9.422485926527198
HCPa,3555,81.0,1.5,8.820630575621674
HCPa,3556,74.0,0.25,10.778785139965855
HCPa,3556,74.0,0.5,10.78927236556691
HCPa,3556,74.0,0.75,10.818415834778705
HCPa,3556,74.0,1.0,10.85186616231054
HCPa,3556,74.0,1.25,10.848147746518226
HCPa,3556,74.0,1.5,10.674768376081175
HCPa,3557,55.0,0.25,11.900947869051967
HCPa,3557,55.0,0.5,10.891828730770364
HCPa,3557,55.0,0.75,9.271947839052164
HCPa,3557,55.0,1.0,8.508552785207112
HCPa,3557,55.0,1.25,7.887385849828006
HCPa,3557,55.0,1.5,7.630527914965264
HCPa,3558,57.0,0.25,11.33009252629339
HCPa,3558,57.0,0.5,11.438358965092855
HCPa,3558,57.0,0.75,10.788055050197482
HCPa,3558,57.0,1.0,10.143921363792352
HCPa,3558,57.0,1.25,9.745553215496745
HCPa,3558,57.0,1.5,9.430445598398284
HCPa,3559,71.0,0.25,11.600839926828924
HCPa,3559,71.0,0.5,11.327981375294174
HCPa,3559,71.0,0.75,10.451191376195316
HCPa,3559,71.0,1.0,9.74327040063327
HCPa,3559,71.0,1.25,9.029382430947708
HCPa,3559,71.0,1.5,8.700939189294953
HCPa,3560,71.0,0.25,9.092852457282874
HCPa,3560,71.0,0.5,9.109597666651023
HCPa,3560,71.0,0.75,9.140701752600354
HCPa,3560,71.0,1.0,9.18618880926721
HCPa,3560,71.0,1.25,9.274194521487647
HCPa,3560,71.0,1.5,9.432494440198278
HCPa,3561,69.0,0.25,11.430358605464564
HCPa,3561,69.0,0.5,11.297266928991116
HCPa,3561,69.0,0.75,11.529036503868964
HCPa,3561,69.0,1.0,10.805033741102378
HCPa,3561,69.0,1.25,10.110437537558983
HCPa,3561,69.0,1.5,9.722026883458707
HCPa,3562,84.0,0.25,11.67279662754854
HCPa,3562,84.0,0.5,11.705931711458481
HCPa,3562,84.0,0.75,11.744388219309362
HCPa,3562,84.0,1.0,11.563387253785185
HCPa,3562,84.0,1.25,11.807169923903588
HCPa,3562,84.0,1.5,11.837483761873626
HCPa,3563,53.0,0.25,11.284066357092213
HCPa,3563,53.0,0.5,11.243502547920322
HCPa,3563,53.0,0.75,11.020041658178144
HCPa,3563,53.0,1.0,10.949364763928246
HCPa,3563,53.0,1.25,10.870400179474565
HCPa,3563,53.0,1.5,10.85309860827602
HCPa,3564,36.0,0.25,11.60105560748357
HCPa,3564,36.0,0.5,10.733876876717158
HCPa,3564,36.0,0.75,9.394567292878495
HCPa,3564,36.0,1.0,8.742229894373244
HCPa,3564,36.0,1.25,8.326530213756254
HCPa,3564,36.0,1.5,8.117598682616844
HCPa,3565,52.0,0.25,9.791858335402978
HCPa,3565,52.0,0.5,9.846496503856185
HCPa,3565,52.0,0.75,9.827317493139477
HCPa,3565,52.0,1.0,10.016082263426998
HCPa,3565,52.0,1.25,10.057491501928922
HCPa,3565,52.0,1.5,10.11225939003271
HCPa,3566,81.0,0.25,11.295172336932012
HCPa,3566,81.0,0.5,11.36159529881655
HCPa,3566,81.0,0.75,11.278716068539099
HCPa,3566,81.0,1.0,11.425578989955461
HCPa,3566,81.0,1.25,11.463311872165365
HCPa,3566,81.0,1.5,11.535406561761496
HCPa,3567,66.0,0.25,10.267636137401494
HCPa,3567,66.0,0.5,10.4000866768454
HCPa,3567,66.0,0.75,10.413791549057086
HCPa,3567,66.0,1.0,10.76074404956996
HCPa,3567,66.0,1.25,10.643916794061195
HCPa,3567,66.0,1.5,10.650992515949305
HCPa,3568,38.0,0.25,11.998255477334613
HCPa,3568,38.0,0.5,10.841553184003676
HCPa,3568,38.0,0.75,9.492303916028508
HCPa,3568,38.0,1.0,9.112077933496696
HCPa,3568,38.0,1.25,8.873630237652144
HCPa,3568,38.0,1.5,8.689626915688187
HCPa,3569,38.0,0.25,10.518562606539106
HCPa,3569,38.0,0.5,10.275364668301558
HCPa,3569,38.0,0.75,9.672646201050188
HCPa,3569,38.0,1.0,8.820824136299409
HCPa,3569,38.0,1.25,8.65579018895435
HCPa,3569,38.0,1.5,8.479553110554303
HCPa,3570,53.0,0.25,11.633983045460134
HCPa,3570,53.0,0.5,10.407600230781629
HCPa,3570,53.0,0.75,10.237651944127187
HCPa,3570,53.0,1.0,9.838630339197566
HCPa,3570,53.0,1.25,9.582975059631798
HCPa,3570,53.0,1.5,9.520988733175322
HCPa,3571,55.0,0.25,11.55226380219445
HCPa,3571,55.0,0.5,10.877701118131114
HCPa,3571,55.0,0.75,10.853558486618649
HCPa,3571,55.0,1.0,10.887810417982793
HCPa,3571,55.0,1.25,10.708864771092172
HCPa,3571,55.0,1.5,10.406175718535165
HCPa,3572,51.0,0.25,10.273439368813488
HCPa,3572,51.0,0.5,10.314237819143438
HCPa,3572,51.0,0.75,10.36061059425312
HCPa,3572,51.0,1.0,10.332068113397984
HCPa,3572,51.0,1.25,10.536316900353388
HCPa,3572,51.0,1.5,10.727089664495326
HCPa,3573,86.0,0.25,11.233917345298844
HCPa,3573,86.0,0.5,11.201911391650498
HCPa,3573,86.0,0.75,11.17619453326972
HCPa,3573,86.0,1.0,11.167007682177669
HCPa,3573,86.0,1.25,11.18183530053988
HCPa,3573,86.0,1.5,11.181556550461119
HCPa,3574,84.0,0.25,11.665247462183297
HCPa,3574,84.0,0.5,11.604803984603294
HCPa,3574,84.0,0.75,11.717358488016874
HCPa,3574,84.0,1.0,11.778234988053843
HCPa,3574,84.0,1.25,11.707888727823585
HCPa,3574,84.0,1.5,11.376068406123235
HCPa,3575,54.0,0.25,11.424407967252243
HCPa,3575,54.0,0.5,11.191603236431641
HCPa,3575,54.0,0.75,10.207510338198531
HCPa,3575,54.0,1.0,9.92882053493638
HCPa,3575,54.0,1.25,9.615608765261893
HCPa,3575,54.0,1.5,9.452924326529844
HCPa,3576,77.0,0.25,11.175275805597146
HCPa,3576,77.0,0.5,11.173500623490238
HCPa,3576,77.0,0.75,11.287026255157876
HCPa,3576,77.0,1.0,11.385588194553366
HCPa,3576,77.0,1.25,11.444747410663455
HCPa,3576,77.0,1.5,11.64834175094642
HCPa,3577,47.0,0.25,10.807466524233755
HCPa,3577,47.0,0.5,11.404031685487336
HCPa,3577,47.0,0.75,11.41398753230214
HCPa,3577,47.0,1.0,10.423479266297754
HCPa,3577,47.0,1.25,10.539217998346952
HCPa,3577,47.0,1.5,10.144340193438763
HCPa,3578,56.0,0.25,11.026718964692412
HCPa,3578,56.0,0.5,11.781904791295993
HCPa,3578,56.0,0.75,11.194192309586253
HCPa,3578,56.0,1.0,10.162415734904405
HCPa,3578,56.0,1.25,10.239696172904166
HCPa,3578,56.0,1.5,10.114230903384367
HCPa,3579,57.0,0.25,11.292213202465366
HCPa,3579,57.0,0.5,11.48268677849589
HCPa,3579,57.0,0.75,11.507510727634056
HCPa,3579,57.0,1.0,11.651219349001098
HCPa,3579,57.0,1.25,11.656305816421623
HCPa,3579,57.0,1.5,11.673697698820638
HCPa,3580,59.0,0.25,11.853900612424168
HCPa,3580,59.0,0.5,11.155422073828626
HCPa,3580,59.0,0.75,10.418103471165933
HCPa,3580,59.0,1.0,9.76149447019505
HCPa,3580,59.0,1.25,9.337498768399756
HCPa,3580,59.0,1.5,9.019061745994389
HCPa,3581,79.0,0.25,9.870833850010529
HCPa,3581,79.0,0.5,9.826781946203083
HCPa,3581,79.0,0.75,9.699886205661544
HCPa,3581,79.0,1.0,9.837344783695556
HCPa,3581,79.0,1.25,10.04876698406544
HCPa,3581,79.0,1.5,10.053657197148059
HCPa,3582,74.0,0.25,11.614243271603993
HCPa,3582,74.0,0.5,11.861619966411157
HCPa,3582,74.0,0.75,12.019368185324039
HCPa,3582,74.0,1.0,11.718761056328008
HCPa,3582,74.0,1.25,11.240490719966749
HCPa,3582,74.0,1.5,10.861213324530384
HCPa,3583,49.0,0.25,11.640659505295432
HCPa,3583,49.0,0.5,11.05887666637426
HCPa,3583,49.0,0.75,10.990023931958284
HCPa,3583,49.0,1.0,10.760662963859728
HCPa,3583,49.0,1.25,10.489177058856681
HCPa,3583,49.0,1.5,10.164986002154441
HCPa,3584,71.0,0.25,11.086161913174545
HCPa,3584,71.0,0.5,11.117500164893968
HCPa,3584,71.0,0.75,11.152147570428397
HCPa,3584,71.0,1.0,11.174664890519066
HCPa,3584,71.0,1.25,11.272359988970956
HCPa,3584,71.0,1.5,11.31474945339356
HCPa,3585,78.0,0.25,11.219160019692664
HCPa,3585,78.0,0.5,11.276099036897516
HCPa,3585,78.0,0.75,11.326186170002318
HCPa,3585,78.0,1.0,11.369591195860195
HCPa,3585,78.0,1.25,11.406267981705117
HCPa,3585,78.0,1.5,11.433343987861718
HCPa,3586,55.0,0.25,10.6946722456746
HCPa,3586,55.0,0.5,11.333191042803884
HCPa,3586,55.0,0.75,9.682516651149522
HCPa,3586,55.0,1.0,8.386317932611497
HCPa,3586,55.0,1.25,7.603743478576027
HCPa,3586,55.0,1.5,7.390335821239994
HCPa,3587,43.0,0.25,9.7635858142861
HCPa,3587,43.0,0.5,9.874550902839921
HCPa,3587,43.0,0.75,9.891310254600556
HCPa,3587,43.0,1.0,10.381568983717647
HCPa,3587,43.0,1.25,11.12046428844718
HCPa,3587,43.0,1.5,11.535319493545046
HCPa,3588,44.0,0.25,11.349418458580008
HCPa,3588,44.0,0.5,10.611143541517576
HCPa,3588,44.0,0.75,9.628931577846668
HCPa,3588,44.0,1.0,8.936107738668971
HCPa,3588,44.0,1.25,8.674482972599185
HCPa,3588,44.0,1.5,8.792507631979555
HCPa,3589,62.0,0.25,10.032141353928344
HCPa,3589,62.0,0.5,10.222977100068434
HCPa,3589,62.0,0.75,10.444604627015105
HCPa,3589,62.0,1.0,10.049592033894386
HCPa,3589,62.0,1.25,10.021081240308588
HCPa,3589,62.0,1.5,9.623119784413309
HCPa,3590,75.0,0.25,10.680546404857404
HCPa,3590,75.0,0.5,10.78163114773983
HCPa,3590,75.0,0.75,10.950971607213837
HCPa,3590,75.0,1.0,11.126091078687807
HCPa,3590,75.0,1.25,11.236706290111155
HCPa,3590,75.0,1.5,11.345458937992944
HCPa,3591,76.0,0.25,10.708485112538252
HCPa,3591,76.0,0.5,10.891933631369058
HCPa,3591,76.0,0.75,11.075405682098948
HCPa,3591,76.0,1.0,11.294365553271694
HCPa,3591,76.0,1.25,11.410991961041086
HCPa,3591,76.0,1.5,11.519716920366156
HCPa,3592,71.0,0.25,11.743338446324211
HCPa,3592,71.0,0.5,11.8970931223307
HCPa,3592,71.0,0.75,11.406426011866499
HCPa,3592,71.0,1.0,11.595960764591386
HCPa,3592,71.0,1.25,11.54592133834211
HCPa,3592,71.0,1.5,11.14947626385844
HCPa,3593,39.0,0.25,11.822663574704764
HCPa,3593,39.0,0.5,11.840165418394252
HCPa,3593,39.0,0.75,11.536128429959192
HCPa,3593,39.0,1.0,11.155087719578768
HCPa,3593,39.0,1.25,10.72267993851078
HCPa,3593,39.0,1.5,10.776460056240929
HCPa,3594,43.0,0.25,11.343973556152129
HCPa,3594,43.0,0.5,10.288939064256
HCPa,3594,43.0,0.75,9.656494832519831
HCPa,3594,43.0,1.0,9.419977435700858
HCPa,3594,43.0,1.25,9.303446818354473
HCPa,3594,43.0,1.5,9.184841322025528
HCPa,3595,76.0,0.25,11.654934518393963
HCPa,3595,76.0,0.5,11.453228069612827
HCPa,3595,76.0,0.75,11.636999959729826
HCPa,3595,76.0,1.0,11.52972592727849
HCPa,3595,76.0,1.25,10.83207054160344
HCPa,3595,76.0,1.5,10.085388866341907
HCPa,3596,65.0,0.25,10.449260967439416
HCPa,3596,65.0,0.5,10.502531339763491
HCPa,3596,65.0,0.75,10.583766331518149
HCPa,3596,65.0,1.0,10.715898410116148
HCPa,3596,65.0,1.25,10.91464270493577
HCPa,3596,65.0,1.5,11.106018285371974
HCPa,3597,67.0,0.25,10.406384176871073
HCPa,3597,67.0,0.5,10.065337941120879
HCPa,3597,67.0,0.75,8.927711299898132
HCPa,3597,67.0,1.0,8.250834405703815
HCPa,3597,67.0,1.25,7.837263151038604
HCPa,3597,67.0,1.5,7.510638778451141
HCPa,3598,59.0,0.25,10.281172868643845
HCPa,3598,59.0,0.5,10.607223599784879
HCPa,3598,59.0,0.75,9.873384162806056
HCPa,3598,59.0,1.0,8.964333587086513
HCPa,3598,59.0,1.25,8.541319027456144
HCPa,3598,59.0,1.5,8.177848374704986
HCPa,3599,58.0,0.25,10.056947713741978
HCPa,3599,58.0,0.5,11.27168248553565
HCPa,3599,58.0,0.75,11.64323493597637
HCPa,3599,58.0,1.0,11.352311582524596
HCPa,3599,58.0,1.25,11.008193954586636
HCPa,3599,58.0,1.5,10.525456007048314
HCPa,3600,90.0,0.25,9.404708495665954
HCPa,3600,90.0,0.5,9.531399340901052
HCPa,3600,90.0,0.75,9.574317172409588
HCPa,3600,90.0,1.0,9.652560643282095
HCPa,3600,90.0,1.25,9.778014504831203
HCPa,3600,90.0,1.5,9.882241563841731
HCPa,3601,59.0,0.25,11.414538701590411
HCPa,3601,59.0,0.5,10.888115353109137
HCPa,3601,59.0,0.75,9.602012877146132
HCPa,3601,59.0,1.0,9.067563604777002
HCPa,3601,59.0,1.25,8.775065708623933
HCPa,3601,59.0,1.5,8.624582507038241
HCPa,3602,42.0,0.25,10.880835615867115
HCPa,3602,42.0,0.5,10.54017031461446
HCPa,3602,42.0,0.75,10.10972731110088
HCPa,3602,42.0,1.0,10.021643984763434
HCPa,3602,42.0,1.25,9.66104667336936
HCPa,3602,42.0,1.5,9.425051296488896
HCPa,3603,48.0,0.25,9.809558776616319
HCPa,3603,48.0,0.5,10.659061826112698
HCPa,3603,48.0,0.75,10.760074304172813
HCPa,3603,48.0,1.0,10.393347825156196
HCPa,3603,48.0,1.25,10.17003340072434
HCPa,3603,48.0,1.5,9.992411591210434
HCPa,3604,73.0,0.25,9.899030636511876
HCPa,3604,73.0,0.5,9.952069633918219
HCPa,3604,73.0,0.75,10.0323216586552
HCPa,3604,73.0,1.0,10.13110134375497
HCPa,3604,73.0,1.25,10.223965415933408
HCPa,3604,73.0,1.5,10.279234682567976
HCPa,3605,79.0,0.25,10.998754879019081
HCPa,3605,79.0,0.5,10.314261974938388
HCPa,3605,79.0,0.75,8.71417796756412
HCPa,3605,79.0,1.0,7.50366509336421
HCPa,3605,79.0,1.25,6.698809901300375
HCPa,3605,79.0,1.5,6.237832876498592
HCPa,3606,50.0,0.25,9.634473568335244
HCPa,3606,50.0,0.5,9.685095638710541
HCPa,3606,50.0,0.75,9.195783378340773
HCPa,3606,50.0,1.0,8.838065495053957
HCPa,3606,50.0,1.25,8.633443686690915
HCPa,3606,50.0,1.5,8.480869487921
HCPa,3607,73.0,0.25,11.111131490080291
HCPa,3607,73.0,0.5,11.677651060236558
HCPa,3607,73.0,0.75,11.028373375390139
HCPa,3607,73.0,1.0,10.623760650996635
HCPa,3607,73.0,1.25,10.105025923439582
HCPa,3607,73.0,1.5,10.184569185629051
HCPa,3608,65.0,0.25,11.297619350242732
HCPa,3608,65.0,0.5,11.52673719870813
HCPa,3608,65.0,0.75,11.423947355518184
HCPa,3608,65.0,1.0,11.305922271926923
HCPa,3608,65.0,1.25,10.866689565471251
HCPa,3608,65.0,1.5,10.749626950915827
HCPa,3609,41.0,0.25,10.7378585965938
HCPa,3609,41.0,0.5,10.53825892000539
HCPa,3609,41.0,0.75,10.433684595833276
HCPa,3609,41.0,1.0,10.173658483151781
HCPa,3609,41.0,1.25,10.02436569120679
HCPa,3609,41.0,1.5,9.95823106544909
HCPa,3610,80.0,0.25,10.862488805815254
HCPa,3610,80.0,0.5,11.624032959513265
HCPa,3610,80.0,0.75,10.203659453512968
HCPa,3610,80.0,1.0,8.711737270536885
HCPa,3610,80.0,1.25,7.80973508502199
HCPa,3610,80.0,1.5,7.4579901052233115
HCPa,3611,75.0,0.25,11.91076908621832
HCPa,3611,75.0,0.5,11.92564150364806
HCPa,3611,75.0,0.75,11.125419629280422
HCPa,3611,75.0,1.0,10.057146765825648
HCPa,3611,75.0,1.25,9.519153950060362
HCPa,3611,75.0,1.5,9.223655780430436
HCPa,3612,48.0,0.25,11.607611348039073
HCPa,3612,48.0,0.5,11.335029712567177
HCPa,3612,48.0,0.75,11.021863324530251
HCPa,3612,48.0,1.0,10.53788341955531
HCPa,3612,48.0,1.25,10.04140482650232
HCPa,3612,48.0,1.5,10.050870277518442
HCPa,3613,52.0,0.25,11.487886952238032
HCPa,3613,52.0,0.5,11.782198816036358
HCPa,3613,52.0,0.75,10.717225921552375
HCPa,3613,52.0,1.0,10.35170558263553
HCPa,3613,52.0,1.25,10.081770121892882
HCPa,3613,52.0,1.5,9.531397851424954
HCPa,3614,77.0,0.25,10.259469086823263
HCPa,3614,77.0,0.5,10.448919878189674
HCPa,3614,77.0,0.75,10.491569615714912
HCPa,3614,77.0,1.0,10.509096518906656
HCPa,3614,77.0,1.25,10.658865499069703
HCPa,3614,77.0,1.5,10.863921248752366
HCPa,3615,54.0,0.25,11.6511076637014
HCPa,3615,54.0,0.5,11.615712831459225
HCPa,3615,54.0,0.75,11.599536553497808
HCPa,3615,54.0,1.0,11.635419617463594
HCPa,3615,54.0,1.25,11.640373395198171
HCPa,3615,54.0,1.5,11.744074022254663
HCPa,3616,82.0,0.25,8.719972765632951
HCPa,3616,82.0,0.5,8.894243363334253
HCPa,3616,82.0,0.75,9.034893445574912
HCPa,3616,82.0,1.0,9.133687174059794
HCPa,3616,82.0,1.25,9.229593833684953
HCPa,3616,82.0,1.5,9.331489155003814
HCPa,3617,65.0,0.25,10.62158629310079
HCPa,3617,65.0,0.5,10.564459436581814
HCPa,3617,65.0,0.75,10.443605234863012
HCPa,3617,65.0,1.0,10.400696825667591
HCPa,3617,65.0,1.25,10.500484471914008
HCPa,3617,65.0,1.5,10.646748263660408
HCPa,3618,39.0,0.25,10.994137382836891
HCPa,3618,39.0,0.5,11.17596640009295
HCPa,3618,39.0,0.75,10.884560245132
HCPa,3618,39.0,1.0,10.003146727249476
HCPa,3618,39.0,1.25,9.252769777986485
HCPa,3618,39.0,1.5,9.200602987936751
HCPa,3619,73.0,0.25,10.319795705011217
HCPa,3619,73.0,0.5,10.291633325795342
HCPa,3619,73.0,0.75,10.362048276009975
HCPa,3619,73.0,1.0,10.571064503913185
HCPa,3619,73.0,1.25,10.705325834918929
HCPa,3619,73.0,1.5,10.793739328256226
HCPa,3620,85.0,0.25,10.516284232385674
HCPa,3620,85.0,0.5,10.551735287870045
HCPa,3620,85.0,0.75,10.66119971800773
HCPa,3620,85.0,1.0,10.716034363133858
HCPa,3620,85.0,1.25,10.806969837498057
HCPa,3620,85.0,1.5,10.64674871853764
HCPa,3621,41.0,0.25,10.861862201820061
HCPa,3621,41.0,0.5,11.095438288314119
HCPa,3621,41.0,0.75,10.958441034203394
HCPa,3621,41.0,1.0,10.411610199105375
HCPa,3621,41.0,1.25,10.318692061059169
HCPa,3621,41.0,1.5,10.074977435901799
HCPa,3622,71.0,0.25,10.31732353092969
HCPa,3622,71.0,0.5,10.575736993564135
HCPa,3622,71.0,0.75,11.299751824483337
HCPa,3622,71.0,1.0,11.0279869169455
HCPa,3622,71.0,1.25,10.846692276341722
HCPa,3622,71.0,1.5,10.426628781764474
HCPa,3623,39.0,0.25,11.249561886705305
HCPa,3623,39.0,0.5,11.44557612067846
HCPa,3623,39.0,0.75,11.581534694416838
HCPa,3623,39.0,1.0,11.591883395011163
HCPa,3623,39.0,1.25,11.520164919286094
HCPa,3623,39.0,1.5,11.410034181739272
HCPa,3624,61.0,0.25,11.139451552903916
HCPa,3624,61.0,0.5,10.251219403306582
HCPa,3624,61.0,0.75,10.354744700764014
HCPa,3624,61.0,1.0,10.301882487486159
HCPa,3624,61.0,1.25,10.351075239195907
HCPa,3624,61.0,1.5,10.252956460339474
HCPa,3625,37.0,0.25,10.395960545243527
HCPa,3625,37.0,0.5,11.209549063112254
HCPa,3625,37.0,0.75,11.914915361213682
HCPa,3625,37.0,1.0,11.775942011547688
HCPa,3625,37.0,1.25,11.630901687200891
HCPa,3625,37.0,1.5,11.146399578847719
HCPa,3626,48.0,0.25,10.982960349837219
HCPa,3626,48.0,0.5,11.51647593868436
HCPa,3626,48.0,0.75,10.73498563830773
HCPa,3626,48.0,1.0,9.748262498331595
HCPa,3626,48.0,1.25,8.930840731019044
HCPa,3626,48.0,1.5,8.451240612864707
HCPa,3627,61.0,0.25,10.154360408481239
HCPa,3627,61.0,0.5,9.885533067723186
HCPa,3627,61.0,0.75,9.654031534346926
HCPa,3627,61.0,1.0,9.404736108659383
HCPa,3627,61.0,1.25,9.162004322347869
HCPa,3627,61.0,1.5,8.869153809874573
HCPa,3628,45.0,0.25,11.724471526284999
HCPa,3628,45.0,0.5,11.310625528416075
HCPa,3628,45.0,0.75,10.886304177050375
HCPa,3628,45.0,1.0,10.604772197081177
HCPa,3628,45.0,1.25,10.291520670287827
HCPa,3628,45.0,1.5,10.041016492907058
HCPa,3629,76.0,0.25,10.903376789035445
HCPa,3629,76.0,0.5,11.068305155132165
HCPa,3629,76.0,0.75,10.966515816726927
HCPa,3629,76.0,1.0,10.958812366207892
HCPa,3629,76.0,1.25,11.172983491733309
HCPa,3629,76.0,1.5,11.216822921737437
HCPa,3630,54.0,0.25,10.640733697340375
HCPa,3630,54.0,0.5,11.085261007318797
HCPa,3630,54.0,0.75,10.62186105102738
HCPa,3630,54.0,1.0,10.316643445528817
HCPa,3630,54.0,1.25,10.570667108420354
HCPa,3630,54.0,1.5,10.534144860672667
HCPa,3631,81.0,0.25,9.912668014773615
HCPa,3631,81.0,0.5,9.924201583208333
HCPa,3631,81.0,0.75,9.941555037433888
HCPa,3631,81.0,1.0,9.965541016747295
HCPa,3631,81.0,1.25,9.997123312327092
HCPa,3631,81.0,1.5,10.03633951752051
HCPa,3632,69.0,0.25,10.634651727098865
HCPa,3632,69.0,0.5,10.756490731705505
HCPa,3632,69.0,0.75,10.79735621696655
HCPa,3632,69.0,1.0,10.702956450523322
HCPa,3632,69.0,1.25,10.581278162335925
HCPa,3632,69.0,1.5,10.850584381946259
HCPa,3633,47.0,0.25,11.978542667931057
HCPa,3633,47.0,0.5,10.069862612064405
HCPa,3633,47.0,0.75,8.69861403946255
HCPa,3633,47.0,1.0,8.005121497798848
HCPa,3633,47.0,1.25,7.657744033275026
HCPa,3633,47.0,1.5,7.216463363235509
HCPa,3634,62.0,0.25,10.646301772440362
HCPa,3634,62.0,0.5,10.400072979120202
HCPa,3634,62.0,0.75,9.075434340592151
HCPa,3634,62.0,1.0,8.457767294561659
HCPa,3634,62.0,1.25,8.291013657196663
HCPa,3634,62.0,1.5,8.136559157010531
HCPa,3635,47.0,0.25,10.269493387974647
HCPa,3635,47.0,0.5,11.419788846228045
HCPa,3635,47.0,0.75,10.840923416453245
HCPa,3635,47.0,1.0,9.859193121030708
HCPa,3635,47.0,1.25,9.044503577795476
HCPa,3635,47.0,1.5,8.760064122524408
HCPa,3636,78.0,0.25,9.091647869519093
HCPa,3636,78.0,0.5,9.416638815695844
HCPa,3636,78.0,0.75,9.610291756709852
HCPa,3636,78.0,1.0,9.760732829442553
HCPa,3636,78.0,1.25,9.894726513256428
HCPa,3636,78.0,1.5,9.957879710679933
HCPa,3637,50.0,0.25,11.46434574885551
HCPa,3637,50.0,0.5,11.27894791829804
HCPa,3637,50.0,0.75,11.035702149597814
HCPa,3637,50.0,1.0,10.975213240090214
HCPa,3637,50.0,1.25,10.3780379423202
HCPa,3637,50.0,1.5,10.185078229620348
HCPa,3638,56.0,0.25,11.092235632272306
HCPa,3638,56.0,0.5,11.065666472426033
HCPa,3638,56.0,0.75,10.893781778903662
HCPa,3638,56.0,1.0,11.013938337526168
HCPa,3638,56.0,1.25,11.031939381707994
HCPa,3638,56.0,1.5,10.944897657662347
HCPa,3639,43.0,0.25,11.708438269391424
HCPa,3639,43.0,0.5,11.332645264578188
HCPa,3639,43.0,0.75,10.248972708981292
HCPa,3639,43.0,1.0,9.44449873229661
HCPa,3639,43.0,1.25,9.051173387065196
HCPa,3639,43.0,1.5,8.755166138861696
HCPa,3640,58.0,0.25,11.918473058977803
HCPa,3640,58.0,0.5,11.391144483327137
HCPa,3640,58.0,0.75,10.103768743442956
HCPa,3640,58.0,1.0,9.669328025559835
HCPa,3640,58.0,1.25,9.47232614225127
HCPa,3640,58.0,1.5,9.277029573838616
HCPa,3641,67.0,0.25,11.0960621355208
HCPa,3641,67.0,0.5,11.057493105716187
HCPa,3641,67.0,0.75,11.052989974653872
HCPa,3641,67.0,1.0,11.33911839799075
HCPa,3641,67.0,1.25,11.254665993437435
HCPa,3641,67.0,1.5,11.552940259704721
HCPa,3642,53.0,0.25,11.096417609559252
HCPa,3642,53.0,0.5,11.32923718777991
HCPa,3642,53.0,0.75,10.930774333743285
HCPa,3642,53.0,1.0,10.272756838531034
HCPa,3642,53.0,1.25,9.820660788298941
HCPa,3642,53.0,1.5,9.389421774947223
HCPa,3643,46.0,0.25,11.696908911577573
HCPa,3643,46.0,0.5,10.85126329462111
HCPa,3643,46.0,0.75,9.422085499095113
HCPa,3643,46.0,1.0,8.999784792150859
HCPa,3643,46.0,1.25,8.693719200172696
HCPa,3643,46.0,1.5,8.491370025307061
HCPa,3644,61.0,0.25,10.710180463411167
HCPa,3644,61.0,0.5,11.120231822116935
HCPa,3644,61.0,0.75,10.357224337682851
HCPa,3644,61.0,1.0,9.403591395313804
HCPa,3644,61.0,1.25,9.007675695180852
HCPa,3644,61.0,1.5,8.743957162348092
HCPa,3645,39.0,0.25,11.805485783161282
HCPa,3645,39.0,0.5,11.673283400965802
HCPa,3645,39.0,0.75,10.963182472437637
HCPa,3645,39.0,1.0,10.042506842086203
HCPa,3645,39.0,1.25,9.864093891755918
HCPa,3645,39.0,1.5,9.689111381842729
HCPa,3646,62.0,0.25,10.97923017021182
HCPa,3646,62.0,0.5,11.28264184301859
HCPa,3646,62.0,0.75,11.446462812679995
HCPa,3646,62.0,1.0,11.502902495800498
HCPa,3646,62.0,1.25,11.71174531793275
HCPa,3646,62.0,1.5,11.458997042567633
HCPa,3647,43.0,0.25,10.238031551892815
HCPa,3647,43.0,0.5,10.516718527625343
HCPa,3647,43.0,0.75,9.856181552452334
HCPa,3647,43.0,1.0,9.506350933157737
HCPa,3647,43.0,1.25,8.924163175696336
HCPa,3647,43.0,1.5,8.609386621267976
HCPa,3648,67.0,0.25,9.574348727270724
HCPa,3648,67.0,0.5,9.603997549609337
HCPa,3648,67.0,0.75,9.629307721273362
HCPa,3648,67.0,1.0,9.723421333502358
HCPa,3648,67.0,1.25,10.097871171882593
HCPa,3648,67.0,1.5,10.334919480068784
HCPa,3649,83.0,0.25,9.601312708016922
HCPa,3649,83.0,0.5,9.617071505572472
HCPa,3649,83.0,0.75,9.638359839655358
HCPa,3649,83.0,1.0,9.663561638314984
HCPa,3649,83.0,1.25,9.695115702283342
HCPa,3649,83.0,1.5,9.740001522931369
HCPa,3650,54.0,0.25,10.807761969294097
HCPa,3650,54.0,0.5,11.228852624454017
HCPa,3650,54.0,0.75,11.703296885338746
HCPa,3650,54.0,1.0,11.433126519636605
HCPa,3650,54.0,1.25,10.651171570341825
HCPa,3650,54.0,1.5,10.394189747699658
HCPa,3651,41.0,0.25,11.539650067225294
HCPa,3651,41.0,0.5,11.660232025140122
HCPa,3651,41.0,0.75,11.505473333158605
HCPa,3651,41.0,1.0,10.96830758677265
HCPa,3651,41.0,1.25,10.368511132902066
HCPa,3651,41.0,1.5,9.894665951374101
HCPa,3652,81.0,0.25,11.250806923871814
HCPa,3652,81.0,0.5,11.251442212823154
HCPa,3652,81.0,0.75,11.035342784865293
HCPa,3652,81.0,1.0,10.551696199130934
HCPa,3652,81.0,1.25,10.271762029904314
HCPa,3652,81.0,1.5,10.197208179845253
HCPa,3653,37.0,0.25,11.565929572947317
HCPa,3653,37.0,0.5,11.884939857462628
HCPa,3653,37.0,0.75,12.064248357061073
HCPa,3653,37.0,1.0,12.141255131814484
HCPa,3653,37.0,1.25,11.99170813857466
HCPa,3653,37.0,1.5,11.603059340026938
HCPa,3654,61.0,0.25,11.677718288439575
HCPa,3654,61.0,0.5,11.69905479429604
HCPa,3654,61.0,0.75,11.765244040384985
HCPa,3654,61.0,1.0,11.901910332845837
HCPa,3654,61.0,1.25,11.809354414459605
HCPa,3654,61.0,1.5,11.586158516655352
HCPa,3655,40.0,0.25,11.941084451542148
HCPa,3655,40.0,0.5,9.405410038952374
HCPa,3655,40.0,0.75,8.110314112705783
HCPa,3655,40.0,1.0,7.467782359464588
HCPa,3655,40.0,1.25,7.069821323035989
HCPa,3655,40.0,1.5,6.959776887512075
HCPa,3656,54.0,0.25,11.32117355132947
HCPa,3656,54.0,0.5,11.809315979361509
HCPa,3656,54.0,0.75,11.099479700154005
HCPa,3656,54.0,1.0,10.739055062937576
HCPa,3656,54.0,1.25,10.484113338587479
HCPa,3656,54.0,1.5,10.238582760095708
HCPa,3657,80.0,0.25,10.601000897421052
HCPa,3657,80.0,0.5,10.683368532460118
HCPa,3657,80.0,0.75,10.869704295965905
HCPa,3657,80.0,1.0,10.981402044736324
HCPa,3657,80.0,1.25,11.201013239194335
HCPa,3657,80.0,1.5,11.396236451193438
HCPa,3658,40.0,0.25,9.908775612487647
HCPa,3658,40.0,0.5,10.074053941846502
HCPa,3658,40.0,0.75,10.195712214599583
HCPa,3658,40.0,1.0,10.895843580381673
HCPa,3658,40.0,1.25,11.370200155334095
HCPa,3658,40.0,1.5,11.366584334895439
HCPa,3659,65.0,0.25,11.191610501599817
HCPa,3659,65.0,0.5,11.334788753273582
HCPa,3659,65.0,0.75,10.65496210633538
HCPa,3659,65.0,1.0,10.265306116655811
HCPa,3659,65.0,1.25,9.889642064953607
HCPa,3659,65.0,1.5,9.305379672231652
HCPa,3660,38.0,0.25,8.64083520698876
HCPa,3660,38.0,0.5,10.207453914599032
HCPa,3660,38.0,0.75,11.285969458285265
HCPa,3660,38.0,1.0,11.248454675199298
HCPa,3660,38.0,1.25,10.905221753143989
HCPa,3660,38.0,1.5,10.677643840447383
HCPa,3661,56.0,0.25,12.415893321436913
HCPa,3661,56.0,0.5,12.127662844566974
HCPa,3661,56.0,0.75,10.798820005728457
HCPa,3661,56.0,1.0,9.818992512149538
HCPa,3661,56.0,1.25,9.292973247285444
HCPa,3661,56.0,1.5,9.10599445179551
HCPa,3662,71.0,0.25,10.202104516871593
HCPa,3662,71.0,0.5,10.12916513984497
HCPa,3662,71.0,0.75,11.19578441992399
HCPa,3662,71.0,1.0,11.30662248774886
HCPa,3662,71.0,1.25,11.095794109822545
HCPa,3662,71.0,1.5,10.718120108005394
HCPa,3663,42.0,0.25,10.361732870596859
HCPa,3663,42.0,0.5,9.961760421467858
HCPa,3663,42.0,0.75,9.644935093443824
HCPa,3663,42.0,1.0,9.337136959735753
HCPa,3663,42.0,1.25,9.04137544281242
HCPa,3663,42.0,1.5,8.680299140102226
HCPa,3664,82.0,0.25,11.453965357780593
HCPa,3664,82.0,0.5,11.500616509613254
HCPa,3664,82.0,0.75,11.39123546382848
HCPa,3664,82.0,1.0,11.534864689815954
HCPa,3664,82.0,1.25,11.592029764596615
HCPa,3664,82.0,1.5,11.33075602433401
HCPa,3665,43.0,0.25,10.68695067353164
HCPa,3665,43.0,0.5,10.875845683044192
HCPa,3665,43.0,0.75,11.284533113588829
HCPa,3665,43.0,1.0,10.543556114155598
HCPa,3665,43.0,1.25,10.169821883937013
HCPa,3665,43.0,1.5,9.657526082102288
HCPa,3666,70.0,0.25,10.451707458220865
HCPa,3666,70.0,0.5,11.228629711501183
HCPa,3666,70.0,0.75,11.290193530971715
HCPa,3666,70.0,1.0,10.260281994938882
HCPa,3666,70.0,1.25,9.867953393397269
HCPa,3666,70.0,1.5,9.575247980978984
HCPa,3667,48.0,0.25,12.121501289415736
HCPa,3667,48.0,0.5,10.839398905388368
HCPa,3667,48.0,0.75,10.12473626360929
HCPa,3667,48.0,1.0,9.551317372409208
HCPa,3667,48.0,1.25,9.23925475891795
HCPa,3667,48.0,1.5,9.134347454573486
HCPa,3668,61.0,0.25,10.404445087362365
HCPa,3668,61.0,0.5,10.412080868258993
HCPa,3668,61.0,0.75,10.562703559065213
HCPa,3668,61.0,1.0,10.743555236458786
HCPa,3668,61.0,1.25,10.775513007590698
HCPa,3668,61.0,1.5,11.027110195820525
HCPa,3669,88.0,0.25,10.149235280518281
HCPa,3669,88.0,0.5,10.171240539959122
HCPa,3669,88.0,0.75,10.406433628333684
HCPa,3669,88.0,1.0,10.591029542857042
HCPa,3669,88.0,1.25,10.672335439187279
HCPa,3669,88.0,1.5,10.547841330356423
HCPa,3670,57.0,0.25,11.810366055939697
HCPa,3670,57.0,0.5,10.138390908268896
HCPa,3670,57.0,0.75,8.901265812668635
HCPa,3670,57.0,1.0,8.267271052462672
HCPa,3670,57.0,1.25,8.173912396056739
HCPa,3670,57.0,1.5,8.013676453392948
HCPa,3671,47.0,0.25,9.913255653461883
HCPa,3671,47.0,0.5,11.13231518095039
HCPa,3671,47.0,0.75,9.968164931048463
HCPa,3671,47.0,1.0,10.046740362461195
HCPa,3671,47.0,1.25,9.648831027413808
HCPa,3671,47.0,1.5,9.203321175011315
HCPa,3672,46.0,0.25,10.788301316889777
HCPa,3672,46.0,0.5,10.916899542449658
HCPa,3672,46.0,0.75,11.282430682600173
HCPa,3672,46.0,1.0,11.421868935804591
HCPa,3672,46.0,1.25,10.979744855452962
HCPa,3672,46.0,1.5,10.82882125726754
HCPa,3673,77.0,0.25,11.342146800291822
HCPa,3673,77.0,0.5,11.379039653725343
HCPa,3673,77.0,0.75,10.376813001564157
HCPa,3673,77.0,1.0,9.429701648305434
HCPa,3673,77.0,1.25,8.93906763269458
HCPa,3673,77.0,1.5,8.681695170276162
HCPa,3674,85.0,0.25,10.803233047649869
HCPa,3674,85.0,0.5,10.644183363584364
HCPa,3674,85.0,0.75,10.558055181974769
HCPa,3674,85.0,1.0,10.67204148556303
HCPa,3674,85.0,1.25,10.20393827347933
HCPa,3674,85.0,1.5,10.95354987168901
HCPa,3675,71.0,0.25,11.761418861978825
HCPa,3675,71.0,0.5,12.136081607463916
HCPa,3675,71.0,0.75,11.214079451721318
HCPa,3675,71.0,1.0,10.253119182535256
HCPa,3675,71.0,1.25,9.506645463679096
HCPa,3675,71.0,1.5,9.056617033073493
HCPa,3676,65.0,0.25,10.659783462356081
HCPa,3676,65.0,0.5,10.684952098688715
HCPa,3676,65.0,0.75,10.721621014853483
HCPa,3676,65.0,1.0,10.756914577183938
HCPa,3676,65.0,1.25,10.77927948537321
HCPa,3676,65.0,1.5,10.774111097211115
HCPa,3677,47.0,0.25,9.569051623771927
HCPa,3677,47.0,0.5,9.910998060736393
HCPa,3677,47.0,0.75,9.95531509538835
HCPa,3677,47.0,1.0,10.505746731760318
HCPa,3677,47.0,1.25,10.917944070016455
HCPa,3677,47.0,1.5,10.774691231562034
HCPa,3678,47.0,0.25,11.372541114404829
HCPa,3678,47.0,0.5,11.311849400001508
HCPa,3678,47.0,0.75,11.499429867104897
HCPa,3678,47.0,1.0,11.316085464066916
HCPa,3678,47.0,1.25,11.106660652297979
HCPa,3678,47.0,1.5,11.000093906276588
HCPa,3679,85.0,0.25,10.79947078910745
HCPa,3679,85.0,0.5,10.236339093606775
HCPa,3679,85.0,0.75,9.947190441176343
HCPa,3679,85.0,1.0,9.52905206681932
HCPa,3679,85.0,1.25,9.014584968793475
HCPa,3679,85.0,1.5,9.298769546660807
HCPa,3680,54.0,0.25,11.781157575406548
HCPa,3680,54.0,0.5,11.653196001727993
HCPa,3680,54.0,0.75,10.978468508706516
HCPa,3680,54.0,1.0,10.558514594239645
HCPa,3680,54.0,1.25,10.106367162829002
HCPa,3680,54.0,1.5,9.70705529138784
HCPa,3681,59.0,0.25,10.725780011833825
HCPa,3681,59.0,0.5,10.660794653909777
HCPa,3681,59.0,0.75,10.636945897233673
HCPa,3681,59.0,1.0,10.622373930807852
HCPa,3681,59.0,1.25,10.479228463980556
HCPa,3681,59.0,1.5,10.349208641689053
HCPa,3682,62.0,0.25,10.719563117754747
HCPa,3682,62.0,0.5,10.839302120078342
HCPa,3682,62.0,0.75,10.043371495407115
HCPa,3682,62.0,1.0,9.403470647690208
HCPa,3682,62.0,1.25,8.489468021478368
HCPa,3682,62.0,1.5,8.374875905826759
HCPa,3683,45.0,0.25,9.716114928556953
HCPa,3683,45.0,0.5,8.486976458870132
HCPa,3683,45.0,0.75,8.468145734505136
HCPa,3683,45.0,1.0,8.478106192508436
HCPa,3683,45.0,1.25,8.484021689874819
HCPa,3683,45.0,1.5,8.443819887595863
HCPa,3684,53.0,0.25,11.093247146976658
HCPa,3684,53.0,0.5,10.982913975518597
HCPa,3684,53.0,0.75,10.867234204697823
HCPa,3684,53.0,1.0,10.504092622797339
HCPa,3684,53.0,1.25,10.561179548413643
HCPa,3684,53.0,1.5,10.4233340596778
HCPa,3685,62.0,0.25,11.625952864281853
HCPa,3685,62.0,0.5,11.764834667085475
HCPa,3685,62.0,0.75,11.762658775601809
HCPa,3685,62.0,1.0,11.915039350771574
HCPa,3685,62.0,1.25,12.086190769162274
HCPa,3685,62.0,1.5,12.083693513010857
HCPa,3686,52.0,0.25,11.794655193668486
HCPa,3686,52.0,0.5,11.104599031749439
HCPa,3686,52.0,0.75,9.99521554559352
HCPa,3686,52.0,1.0,9.299900010364718
HCPa,3686,52.0,1.25,9.152485994698965
HCPa,3686,52.0,1.5,9.058703680591018
HCPa,3687,50.0,0.25,10.556447210656966
HCPa,3687,50.0,0.5,11.326938988052198
HCPa,3687,50.0,0.75,10.665965753455406
HCPa,3687,50.0,1.0,10.508730153418352
HCPa,3687,50.0,1.25,10.381005526207044
HCPa,3687,50.0,1.5,10.172529725111565
HCPa,3688,79.0,0.25,11.784913131844409
HCPa,3688,79.0,0.5,11.860061976491044
HCPa,3688,79.0,0.75,11.797525918519733
HCPa,3688,79.0,1.0,11.679427161599387
HCPa,3688,79.0,1.25,10.813607273515847
HCPa,3688,79.0,1.5,11.08222723862768
HCPa,3689,81.0,0.25,10.220138120390702
HCPa,3689,81.0,0.5,10.441161530527484
HCPa,3689,81.0,0.75,11.412766416023048
HCPa,3689,81.0,1.0,11.438363478457655
HCPa,3689,81.0,1.25,10.710345179587843
HCPa,3689,81.0,1.5,10.306085320330608
HCPa,3690,54.0,0.25,10.905091026487666
HCPa,3690,54.0,0.5,10.945691425756786
HCPa,3690,54.0,0.75,11.059632775421017
HCPa,3690,54.0,1.0,11.143026945738145
HCPa,3690,54.0,1.25,11.362971934080022
HCPa,3690,54.0,1.5,11.606624283028063
HCPa,3691,54.0,0.25,11.625810260690287
HCPa,3691,54.0,0.5,10.932757454769382
HCPa,3691,54.0,0.75,10.033916703069533
HCPa,3691,54.0,1.0,9.606011424793218
HCPa,3691,54.0,1.25,9.665369166921321
HCPa,3691,54.0,1.5,9.639986436866515
HCPa,3692,53.0,0.25,10.336766808732033
HCPa,3692,53.0,0.5,10.43728156165618
HCPa,3692,53.0,0.75,10.897370612151926
HCPa,3692,53.0,1.0,11.382801760335301
HCPa,3692,53.0,1.25,11.387275718761499
HCPa,3692,53.0,1.5,11.153222781547193
HCPa,3693,79.0,0.25,11.133384485732009
HCPa,3693,79.0,0.5,11.158910887993763
HCPa,3693,79.0,0.75,11.207062560186651
HCPa,3693,79.0,1.0,11.300708981101877
HCPa,3693,79.0,1.25,11.425814691876706
HCPa,3693,79.0,1.5,11.229649163805458
HCPa,3694,54.0,0.25,11.139675446303679
HCPa,3694,54.0,0.5,11.670619258404063
HCPa,3694,54.0,0.75,10.410968382864093
HCPa,3694,54.0,1.0,9.126131985022498
HCPa,3694,54.0,1.25,8.758229340432598
HCPa,3694,54.0,1.5,8.512854992477584
HCPa,3695,63.0,0.25,11.114884549594027
HCPa,3695,63.0,0.5,10.527520674829711
HCPa,3695,63.0,0.75,9.705501895686716
HCPa,3695,63.0,1.0,9.18715202457843
HCPa,3695,63.0,1.25,8.912307053829561
HCPa,3695,63.0,1.5,8.760313171659623
HCPa,3696,37.0,0.25,9.548739563083585
HCPa,3696,37.0,0.5,9.393094167249837
HCPa,3696,37.0,0.75,9.621159170177952
HCPa,3696,37.0,1.0,9.683786350290776
HCPa,3696,37.0,1.25,9.693461341090636
HCPa,3696,37.0,1.5,9.716215017574035
HCPa,3697,36.0,0.25,9.730023113164375
HCPa,3697,36.0,0.5,10.781634113351966
HCPa,3697,36.0,0.75,11.322578985526297
HCPa,3697,36.0,1.0,11.456935372109454
HCPa,3697,36.0,1.25,11.513228783900361
HCPa,3697,36.0,1.5,11.252897675012326
HCPa,3698,61.0,0.25,11.030264724649196
HCPa,3698,61.0,0.5,10.848319248046886
HCPa,3698,61.0,0.75,10.17632204812801
HCPa,3698,61.0,1.0,9.569175223132445
HCPa,3698,61.0,1.25,9.436655171924997
HCPa,3698,61.0,1.5,9.409440296735507
HCPa,3699,81.0,0.25,10.697688752711425
HCPa,3699,81.0,0.5,10.79445355016416
HCPa,3699,81.0,0.75,10.851903615727988
HCPa,3699,81.0,1.0,10.900386740026644
HCPa,3699,81.0,1.25,10.906546429023091
HCPa,3699,81.0,1.5,10.914692991467351
HCPa,3700,52.0,0.25,11.004416099766232
HCPa,3700,52.0,0.5,11.307960507706028
HCPa,3700,52.0,0.75,10.450102255710602
HCPa,3700,52.0,1.0,9.172097302374244
HCPa,3700,52.0,1.25,8.341996425750983
HCPa,3700,52.0,1.5,7.693611670779044
HCPa,3701,70.0,0.25,11.928865460045959
HCPa,3701,70.0,0.5,11.940535721722151
HCPa,3701,70.0,0.75,11.942736001284022
HCPa,3701,70.0,1.0,11.965968514188562
HCPa,3701,70.0,1.25,11.826991374439762
HCPa,3701,70.0,1.5,11.616059121261534
HCPa,3702,48.0,0.25,11.006767877225586
HCPa,3702,48.0,0.5,10.668235670306139
HCPa,3702,48.0,0.75,10.136263277884096
HCPa,3702,48.0,1.0,10.115324976208257
HCPa,3702,48.0,1.25,9.849307492972665
HCPa,3702,48.0,1.5,9.638473881011537
HCPa,3703,42.0,0.25,9.794687364083744
HCPa,3703,42.0,0.5,10.039648841771745
HCPa,3703,42.0,0.75,9.887970020148808
HCPa,3703,42.0,1.0,9.47238407391504
HCPa,3703,42.0,1.25,8.918812561771647
HCPa,3703,42.0,1.5,8.224020569161329
HCPa,3704,79.0,0.25,11.381276035683525
HCPa,3704,79.0,0.5,11.144637482309841
HCPa,3704,79.0,0.75,9.331342294892309
HCPa,3704,79.0,1.0,7.921937922886116
HCPa,3704,79.0,1.25,7.420233194267648
HCPa,3704,79.0,1.5,7.171861753329334
HCPa,3705,70.0,0.25,12.033341469455591
HCPa,3705,70.0,0.5,11.522007593056403
HCPa,3705,70.0,0.75,9.978479312376317
HCPa,3705,70.0,1.0,8.720400579161074
HCPa,3705,70.0,1.25,8.445458070113723
HCPa,3705,70.0,1.5,8.071530254073105
HCPa,3706,61.0,0.25,11.38386314050659
HCPa,3706,61.0,0.5,11.138669442811434
HCPa,3706,61.0,0.75,11.448385773407571
HCPa,3706,61.0,1.0,11.25944538590199
HCPa,3706,61.0,1.25,11.319978719110322
HCPa,3706,61.0,1.5,11.040669390437946
HCPa,3707,84.0,0.25,10.897705062863984
HCPa,3707,84.0,0.5,10.967553423541668
HCPa,3707,84.0,0.75,10.952334659499272
HCPa,3707,84.0,1.0,11.314597087163738
HCPa,3707,84.0,1.25,11.129489540374465
HCPa,3707,84.0,1.5,10.96101798500788
HCPa,3708,43.0,0.25,11.539469026520004
HCPa,3708,43.0,0.5,11.38847812400191
HCPa,3708,43.0,0.75,11.220133920692168
HCPa,3708,43.0,1.0,11.034295447977588
HCPa,3708,43.0,1.25,10.951848993113625
HCPa,3708,43.0,1.5,10.725690636290219
HCPa,3709,88.0,0.25,10.788604889105711
HCPa,3709,88.0,0.5,10.963094613327103
HCPa,3709,88.0,0.75,10.749675379558722
HCPa,3709,88.0,1.0,10.990871034344623
HCPa,3709,88.0,1.25,10.753591761028039
HCPa,3709,88.0,1.5,10.237124722954917
HCPa,3710,43.0,0.25,11.854821006656778
HCPa,3710,43.0,0.5,12.073011282498227
HCPa,3710,43.0,0.75,11.34305930190558
HCPa,3710,43.0,1.0,10.7345740836912
HCPa,3710,43.0,1.25,10.339706306656376
HCPa,3710,43.0,1.5,10.063141656728883
HCPa,3711,59.0,0.25,11.486969297646864
HCPa,3711,59.0,0.5,11.867950961467391
HCPa,3711,59.0,0.75,11.023668913181957
HCPa,3711,59.0,1.0,9.91567519705741
HCPa,3711,59.0,1.25,9.511388374101678
HCPa,3711,59.0,1.5,9.060650528227628
HCPa,3712,87.0,0.25,11.6201652437027
HCPa,3712,87.0,0.5,11.252918331230338
HCPa,3712,87.0,0.75,11.313269320482155
HCPa,3712,87.0,1.0,10.422830175294294
HCPa,3712,87.0,1.25,10.071725536781276
HCPa,3712,87.0,1.5,9.31738426227131
HCPa,3713,81.0,0.25,10.160133581231031
HCPa,3713,81.0,0.5,10.2766043632186
HCPa,3713,81.0,0.75,10.390773623569885
HCPa,3713,81.0,1.0,10.536182418210206
HCPa,3713,81.0,1.25,9.904469563182621
HCPa,3713,81.0,1.5,9.906153620212633
HCPa,3714,69.0,0.25,9.797506979128233
HCPa,3714,69.0,0.5,9.892257604034539
HCPa,3714,69.0,0.75,9.97731449664024
HCPa,3714,69.0,1.0,10.0394129537624
HCPa,3714,69.0,1.25,10.086483000557207
HCPa,3714,69.0,1.5,10.131700362783151
HCPa,3715,80.0,0.25,9.940269625398509
HCPa,3715,80.0,0.5,9.975192571626067
HCPa,3715,80.0,0.75,10.060043906645948
HCPa,3715,80.0,1.0,10.209012961398997
HCPa,3715,80.0,1.25,10.433831629866964
HCPa,3715,80.0,1.5,10.706999815104375
HCPa,3716,57.0,0.25,11.57007913316281
HCPa,3716,57.0,0.5,11.111594932855832
HCPa,3716,57.0,0.75,9.428776548051417
HCPa,3716,57.0,1.0,9.033347204123737
HCPa,3716,57.0,1.25,8.33507387871333
HCPa,3716,57.0,1.5,7.966720273905807
HCPa,3717,70.0,0.25,11.600567544867596
HCPa,3717,70.0,0.5,11.457813234265265
HCPa,3717,70.0,0.75,10.90011579035646
HCPa,3717,70.0,1.0,9.73373719898242
HCPa,3717,70.0,1.25,9.578102029195811
HCPa,3717,70.0,1.5,9.446249569552334
HCPa,3718,48.0,0.25,12.03182766000367
HCPa,3718,48.0,0.5,10.909335793088747
HCPa,3718,48.0,0.75,10.503553639957012
HCPa,3718,48.0,1.0,10.034665412871636
HCPa,3718,48.0,1.25,9.37429446276812
HCPa,3718,48.0,1.5,9.538080224864844
HCPa,3719,73.0,0.25,10.98338269405542
HCPa,3719,73.0,0.5,11.028857161409933
HCPa,3719,73.0,0.75,11.076606240962835
HCPa,3719,73.0,1.0,10.924244153762764
HCPa,3719,73.0,1.25,11.080416746359012
HCPa,3719,73.0,1.5,11.430439295417674
HCPa,3720,87.0,0.25,8.57564501056186
HCPa,3720,87.0,0.5,8.598600266810577
HCPa,3720,87.0,0.75,8.630749250321616
HCPa,3720,87.0,1.0,8.669247672506614
HCPa,3720,87.0,1.25,8.711686884290003
HCPa,3720,87.0,1.5,8.76567159614921
HCPa,3721,38.0,0.25,11.97645934947643
HCPa,3721,38.0,0.5,11.798402706598425
HCPa,3721,38.0,0.75,10.539835524043449
HCPa,3721,38.0,1.0,9.435739631583584
HCPa,3721,38.0,1.25,8.671895312851511
HCPa,3721,38.0,1.5,8.197878339401269
HCPa,3722,60.0,0.25,11.49112831423255
HCPa,3722,60.0,0.5,9.403034772812582
HCPa,3722,60.0,0.75,8.191717293888729
HCPa,3722,60.0,1.0,7.6808825590423675
HCPa,3722,60.0,1.25,7.645776676766726
HCPa,3722,60.0,1.5,7.641729540773797
HCPa,3723,68.0,0.25,10.643955506991686
HCPa,3723,68.0,0.5,10.728273077612723
HCPa,3723,68.0,0.75,10.394953541168436
HCPa,3723,68.0,1.0,10.196826857508682
HCPa,3723,68.0,1.25,9.300028707776862
HCPa,3723,68.0,1.5,9.403840744676996
HCPa,3724,53.0,0.25,10.68591814672014
HCPa,3724,53.0,0.5,10.407115666657756
HCPa,3724,53.0,0.75,10.290587114525014
HCPa,3724,53.0,1.0,10.064518286340284
HCPa,3724,53.0,1.25,9.748145184655753
HCPa,3724,53.0,1.5,9.771941510733848
HCPa,3725,64.0,0.25,9.645816695466575
HCPa,3725,64.0,0.5,9.54773012393613
HCPa,3725,64.0,0.75,9.612241087038376
HCPa,3725,64.0,1.0,9.503601139686433
HCPa,3725,64.0,1.25,9.375574080810978
HCPa,3725,64.0,1.5,9.134080263799738
HCPa,3726,46.0,0.25,10.241491928191754
HCPa,3726,46.0,0.5,10.947155095936312
HCPa,3726,46.0,0.75,10.843040951904628
HCPa,3726,46.0,1.0,9.935581335956515
HCPa,3726,46.0,1.25,9.385381671789373
HCPa,3726,46.0,1.5,9.146934460364426
HCPa,3727,39.0,0.25,11.544403381186989
HCPa,3727,39.0,0.5,11.612265628398513
HCPa,3727,39.0,0.75,11.707012190857277
HCPa,3727,39.0,1.0,11.790761308302237
HCPa,3727,39.0,1.25,11.821039860897697
HCPa,3727,39.0,1.5,11.78275209164818
HCPa,3728,57.0,0.25,11.569205059402
HCPa,3728,57.0,0.5,10.99583910423793
HCPa,3728,57.0,0.75,9.873899562536712
HCPa,3728,57.0,1.0,9.854523400357268
HCPa,3728,57.0,1.25,9.506796876908036
HCPa,3728,57.0,1.5,9.219062194819651
HCPa,3729,61.0,0.25,9.745801110158649
HCPa,3729,61.0,0.5,9.751656307070215
HCPa,3729,61.0,0.75,9.763906840510018
HCPa,3729,61.0,1.0,9.768666421236942
HCPa,3729,61.0,1.25,9.740444530268308
HCPa,3729,61.0,1.5,9.706332031165191
HCPa,3730,72.0,0.25,11.38778495245535
HCPa,3730,72.0,0.5,11.090036637596619
HCPa,3730,72.0,0.75,11.10936941427442
HCPa,3730,72.0,1.0,10.51070254246434
HCPa,3730,72.0,1.25,9.818685316732381
HCPa,3730,72.0,1.5,9.406431612949657
HCPa,3731,66.0,0.25,10.256098449554951
HCPa,3731,66.0,0.5,10.326911581683557
HCPa,3731,66.0,0.75,10.477909998641788
HCPa,3731,66.0,1.0,10.988811532021339
HCPa,3731,66.0,1.25,11.402500293370673
HCPa,3731,66.0,1.5,11.230167773630543
HCPa,3732,45.0,0.25,10.55713004535572
HCPa,3732,45.0,0.5,11.25631223746319
HCPa,3732,45.0,0.75,11.081334417242282
HCPa,3732,45.0,1.0,10.370358754002368
HCPa,3732,45.0,1.25,9.622751901811665
HCPa,3732,45.0,1.5,9.182431384207051
HCPa,3733,83.0,0.25,10.43711853448499
HCPa,3733,83.0,0.5,10.488096546573233
HCPa,3733,83.0,0.75,10.554826115637539
HCPa,3733,83.0,1.0,10.59752439524688
HCPa,3733,83.0,1.25,10.754158327922658
HCPa,3733,83.0,1.5,11.205351076367794
HCPa,3734,53.0,0.25,11.620571133852156
HCPa,3734,53.0,0.5,11.503785403760288
HCPa,3734,53.0,0.75,10.802859082793315
HCPa,3734,53.0,1.0,10.16528449346292
HCPa,3734,53.0,1.25,9.480202847640752
HCPa,3734,53.0,1.5,9.144422793684663
HCPa,3735,47.0,0.25,11.774092886250987
HCPa,3735,47.0,0.5,11.650916442453719
HCPa,3735,47.0,0.75,10.799899692498135
HCPa,3735,47.0,1.0,10.927760551681583
HCPa,3735,47.0,1.25,10.550398856790427
HCPa,3735,47.0,1.5,10.460902479440431
HCPa,3736,71.0,0.25,10.166596185695273
HCPa,3736,71.0,0.5,10.36764145109385
HCPa,3736,71.0,0.75,10.436745430571696
HCPa,3736,71.0,1.0,11.042383082599905
HCPa,3736,71.0,1.25,11.5243685468036
HCPa,3736,71.0,1.5,11.663868446878505
HCPa,3737,49.0,0.25,11.011830344664686
HCPa,3737,49.0,0.5,11.328628238091389
HCPa,3737,49.0,0.75,10.482366686431048
HCPa,3737,49.0,1.0,9.82781414354251
HCPa,3737,49.0,1.25,9.495699754297053
HCPa,3737,49.0,1.5,9.210460548247761
HCPa,3738,52.0,0.25,11.417287728500886
HCPa,3738,52.0,0.5,11.698501638788178
HCPa,3738,52.0,0.75,10.493407657827104
HCPa,3738,52.0,1.0,9.504352094460318
HCPa,3738,52.0,1.25,8.899302166080686
HCPa,3738,52.0,1.5,8.248605692683125
HCPa,3739,90.0,0.25,11.8437516996418
HCPa,3739,90.0,0.5,11.090802453118632
HCPa,3739,90.0,0.75,9.938613213771934
HCPa,3739,90.0,1.0,8.99903175493687
HCPa,3739,90.0,1.25,8.39662511935086
HCPa,3739,90.0,1.5,7.88880176229577
HCPa,3740,80.0,0.25,9.772852880218185
HCPa,3740,80.0,0.5,9.784407944106505
HCPa,3740,80.0,0.75,9.815265450028145
HCPa,3740,80.0,1.0,9.862158089214413
HCPa,3740,80.0,1.25,9.916818955290982
HCPa,3740,80.0,1.5,9.995694018883633
HCPa,3741,76.0,0.25,10.371672408353888
HCPa,3741,76.0,0.5,10.244863350309245
HCPa,3741,76.0,0.75,10.01103673862681
HCPa,3741,76.0,1.0,10.036905178878643
HCPa,3741,76.0,1.25,10.317987776526916
HCPa,3741,76.0,1.5,10.46562965465345
HCPa,3742,47.0,0.25,10.984050637208785
HCPa,3742,47.0,0.5,10.533088944559882
HCPa,3742,47.0,0.75,8.776203589974347
HCPa,3742,47.0,1.0,8.204565832792753
HCPa,3742,47.0,1.25,7.818782822719074
HCPa,3742,47.0,1.5,7.691847185710437
HCPa,3743,66.0,0.25,11.164227171335767
HCPa,3743,66.0,0.5,11.674827663842805
HCPa,3743,66.0,0.75,11.551688919711124
HCPa,3743,66.0,1.0,10.748044319160257
HCPa,3743,66.0,1.25,9.078160376532544
HCPa,3743,66.0,1.5,8.522853186436947
HCPa,3744,78.0,0.25,11.010331778222037
HCPa,3744,78.0,0.5,11.04296038176336
HCPa,3744,78.0,0.75,11.085783348338731
HCPa,3744,78.0,1.0,11.090060955950268
HCPa,3744,78.0,1.25,10.993042753255924
HCPa,3744,78.0,1.5,11.143671664362213
HCPa,3745,65.0,0.25,11.02422822253887
HCPa,3745,65.0,0.5,11.821699935599634
HCPa,3745,65.0,0.75,11.379688275974344
HCPa,3745,65.0,1.0,10.542353800385186
HCPa,3745,65.0,1.25,9.86576520950377
HCPa,3745,65.0,1.5,9.511991030103184
HCPa,3746,44.0,0.25,9.990987312648382
HCPa,3746,44.0,0.5,10.074443926328957
HCPa,3746,44.0,0.75,10.72618835696568
HCPa,3746,44.0,1.0,11.034724646131986
HCPa,3746,44.0,1.25,11.526270593737022
HCPa,3746,44.0,1.5,11.503916630378082
HCPa,3747,49.0,0.25,10.812449997855008
HCPa,3747,49.0,0.5,10.735916128094656
HCPa,3747,49.0,0.75,10.749626859801099
HCPa,3747,49.0,1.0,10.381562180048284
HCPa,3747,49.0,1.25,9.878843302162748
HCPa,3747,49.0,1.5,9.324260671746748
HCPa,3748,69.0,0.25,11.84020227268585
HCPa,3748,69.0,0.5,11.895343133717335
HCPa,3748,69.0,0.75,12.171232232103023
HCPa,3748,69.0,1.0,11.872262334319919
HCPa,3748,69.0,1.25,11.411815560165156
HCPa,3748,69.0,1.5,10.799368241290285
HCPa,3749,75.0,0.25,10.464172137952012
HCPa,3749,75.0,0.5,10.576143311829501
HCPa,3749,75.0,0.75,10.685934376874615
HCPa,3749,75.0,1.0,10.78784274077884
HCPa,3749,75.0,1.25,10.880670963663396
HCPa,3749,75.0,1.5,11.01497582540549
HCPa,3750,56.0,0.25,10.402374518759322
HCPa,3750,56.0,0.5,11.242650703507817
HCPa,3750,56.0,0.75,10.73439036902044
HCPa,3750,56.0,1.0,9.473043531984992
HCPa,3750,56.0,1.25,8.856036356448316
HCPa,3750,56.0,1.5,8.452529255674422
HCPa,3751,64.0,0.25,10.183439619805686
HCPa,3751,64.0,0.5,10.203935256474168
HCPa,3751,64.0,0.75,10.276176514115612
HCPa,3751,64.0,1.0,10.326478908619166
HCPa,3751,64.0,1.25,10.281601315441119
HCPa,3751,64.0,1.5,10.841220609435682
HCPa,3752,82.0,0.25,11.483733900142651
HCPa,3752,82.0,0.5,11.508511288125032
HCPa,3752,82.0,0.75,11.382440085424449
HCPa,3752,82.0,1.0,10.990553579295696
HCPa,3752,82.0,1.25,11.57265870175961
HCPa,3752,82.0,1.5,11.815203218038636
HCPa,3753,40.0,0.25,10.577993481119544
HCPa,3753,40.0,0.5,10.390092080757432
HCPa,3753,40.0,0.75,10.266803873955554
HCPa,3753,40.0,1.0,10.1819499361438
HCPa,3753,40.0,1.25,10.510251413647321
HCPa,3753,40.0,1.5,10.652955243993464
HCPa,3754,66.0,0.25,11.49197333277284
HCPa,3754,66.0,0.5,10.651523386108787
HCPa,3754,66.0,0.75,9.242121825678758
HCPa,3754,66.0,1.0,8.470782353323878
HCPa,3754,66.0,1.25,8.065590897096628
HCPa,3754,66.0,1.5,7.9521802358032545
HCPa,3755,42.0,0.25,11.477698601380038
HCPa,3755,42.0,0.5,11.692805031955693
HCPa,3755,42.0,0.75,11.689079349317295
HCPa,3755,42.0,1.0,10.87037001893948
HCPa,3755,42.0,1.25,10.360528966664411
HCPa,3755,42.0,1.5,10.126528495137427
HCPa,3756,47.0,0.25,10.57510569797736
HCPa,3756,47.0,0.5,10.922728573335048
HCPa,3756,47.0,0.75,10.697039515754202
HCPa,3756,47.0,1.0,10.055643832201321
HCPa,3756,47.0,1.25,9.873015139840245
HCPa,3756,47.0,1.5,9.626601428908414
HCPa,3757,71.0,0.25,11.37611504081495
HCPa,3757,71.0,0.5,11.400819107096961
HCPa,3757,71.0,0.75,11.252891943943379
HCPa,3757,71.0,1.0,11.295617027903889
HCPa,3757,71.0,1.25,11.28680552914946
HCPa,3757,71.0,1.5,10.945300218749534
HCPa,3758,77.0,0.25,10.569375722294259
HCPa,3758,77.0,0.5,10.705910995147875
HCPa,3758,77.0,0.75,10.80132231978003
HCPa,3758,77.0,1.0,10.847816401816797
HCPa,3758,77.0,1.25,10.823986965969688
HCPa,3758,77.0,1.5,10.746023966078011
HCPa,3759,85.0,0.25,11.156831993040727
HCPa,3759,85.0,0.5,10.842497070076568
HCPa,3759,85.0,0.75,10.726137989616133
HCPa,3759,85.0,1.0,10.32908278224794
HCPa,3759,85.0,1.25,10.135294969547099
HCPa,3759,85.0,1.5,10.049957197839094
HCPa,3760,41.0,0.25,10.858759843028517
HCPa,3760,41.0,0.5,11.378657097514703
HCPa,3760,41.0,0.75,10.180795959586202
HCPa,3760,41.0,1.0,9.288327164719233
HCPa,3760,41.0,1.25,8.881443340108591
HCPa,3760,41.0,1.5,8.401563828964248
HCPa,3761,37.0,0.25,11.126552399544819
HCPa,3761,37.0,0.5,11.423261646695824
HCPa,3761,37.0,0.75,10.146764845861314
HCPa,3761,37.0,1.0,10.291616112433266
HCPa,3761,37.0,1.25,10.082595938905106
HCPa,3761,37.0,1.5,9.9449270666344
HCPa,3762,42.0,0.25,11.650420626747078
HCPa,3762,42.0,0.5,11.493279397136854
HCPa,3762,42.0,0.75,10.6719727157581
HCPa,3762,42.0,1.0,10.088772732524074
HCPa,3762,42.0,1.25,9.790234069981215
HCPa,3762,42.0,1.5,9.56825310388168
HCPa,3763,36.0,0.25,11.677952465536626
HCPa,3763,36.0,0.5,10.60074393954638
HCPa,3763,36.0,0.75,9.914612039786983
HCPa,3763,36.0,1.0,9.952125287229151
HCPa,3763,36.0,1.25,9.845712778803724
HCPa,3763,36.0,1.5,9.822788156852074
HCPa,3764,60.0,0.25,11.171775685666109
HCPa,3764,60.0,0.5,11.063270958003457
HCPa,3764,60.0,0.75,11.217409511059278
HCPa,3764,60.0,1.0,11.198120921147009
HCPa,3764,60.0,1.25,11.000031010744719
HCPa,3764,60.0,1.5,10.988151007207557
HCPa,3765,86.0,0.25,11.353459839985346
HCPa,3765,86.0,0.5,11.341392196778022
HCPa,3765,86.0,0.75,11.352048308971593
HCPa,3765,86.0,1.0,11.324046491025758
HCPa,3765,86.0,1.25,11.436110610552484
HCPa,3765,86.0,1.5,11.364470902329566
HCPa,3766,76.0,0.25,11.862495872740093
HCPa,3766,76.0,0.5,11.676721095193697
HCPa,3766,76.0,0.75,11.784508276254808
HCPa,3766,76.0,1.0,11.669026857790207
HCPa,3766,76.0,1.25,11.02133632022611
HCPa,3766,76.0,1.5,10.718165527530866
HCPa,3767,71.0,0.25,11.863121203881144
HCPa,3767,71.0,0.5,11.977344086981297
HCPa,3767,71.0,0.75,10.973438035217677
HCPa,3767,71.0,1.0,10.017529064089679
HCPa,3767,71.0,1.25,9.221205507160146
HCPa,3767,71.0,1.5,8.705488795913425
HCPa,3768,65.0,0.25,11.045140642757643
HCPa,3768,65.0,0.5,10.926122922569386
HCPa,3768,65.0,0.75,10.163937968939713
HCPa,3768,65.0,1.0,9.496375468189273
HCPa,3768,65.0,1.25,9.053322290103193
HCPa,3768,65.0,1.5,8.91304574322872
HCPa,3769,71.0,0.25,11.301575771749997
HCPa,3769,71.0,0.5,10.319227578522034
HCPa,3769,71.0,0.75,10.228482228034093
HCPa,3769,71.0,1.0,10.05034963683502
HCPa,3769,71.0,1.25,9.895673376397689
HCPa,3769,71.0,1.5,9.90688292363536
HCPa,3770,65.0,0.25,10.848551137107993
HCPa,3770,65.0,0.5,10.804427593943768
HCPa,3770,65.0,0.75,10.71208356194178
HCPa,3770,65.0,1.0,10.591259884524156
HCPa,3770,65.0,1.25,10.839652694552028
HCPa,3770,65.0,1.5,10.98698637430802
HCPa,3771,49.0,0.25,11.03547893611855
HCPa,3771,49.0,0.5,11.507202158286836
HCPa,3771,49.0,0.75,11.084436615723998
HCPa,3771,49.0,1.0,10.267636331702942
HCPa,3771,49.0,1.25,10.035107874378168
HCPa,3771,49.0,1.5,9.958837993326094
HCPa,3772,77.0,0.25,10.168978702573039
HCPa,3772,77.0,0.5,10.187236993242761
HCPa,3772,77.0,0.75,10.34856793061019
HCPa,3772,77.0,1.0,10.514191930800422
HCPa,3772,77.0,1.25,10.970124622119984
HCPa,3772,77.0,1.5,11.219093588978833
HCPa,3773,55.0,0.25,11.529135267770968
HCPa,3773,55.0,0.5,11.584853240956031
HCPa,3773,55.0,0.75,11.542031192839874
HCPa,3773,55.0,1.0,11.520155652167327
HCPa,3773,55.0,1.25,11.606646197055493
HCPa,3773,55.0,1.5,11.3023501047886
HCPa,3774,88.0,0.25,10.048529868053997
HCPa,3774,88.0,0.5,10.038587669247304
HCPa,3774,88.0,0.75,10.04594673836993
HCPa,3774,88.0,1.0,10.046846798431753
HCPa,3774,88.0,1.25,10.003504212086604
HCPa,3774,88.0,1.5,9.943475665958877
HCPa,3775,83.0,0.25,10.490529554096149
HCPa,3775,83.0,0.5,10.532315248990699
HCPa,3775,83.0,0.75,10.613032432097024
HCPa,3775,83.0,1.0,10.698555954336447
HCPa,3775,83.0,1.25,10.805205262210265
HCPa,3775,83.0,1.5,11.134273770821057
HCPa,3776,85.0,0.25,10.443441426444402
HCPa,3776,85.0,0.5,10.09350919062493
HCPa,3776,85.0,0.75,8.79733343558993
HCPa,3776,85.0,1.0,8.28270115423095
HCPa,3776,85.0,1.25,7.940214365183157
HCPa,3776,85.0,1.5,7.855680918615565
HCPa,3777,75.0,0.25,11.382288035699908
HCPa,3777,75.0,0.5,11.485456941852524
HCPa,3777,75.0,0.75,11.51497399778664
HCPa,3777,75.0,1.0,11.507697916055381
HCPa,3777,75.0,1.25,11.09457728577233
HCPa,3777,75.0,1.5,10.893981346573263
HCPa,3778,56.0,0.25,11.16887348711239
HCPa,3778,56.0,0.5,11.035597534762681
HCPa,3778,56.0,0.75,11.014494961994664
HCPa,3778,56.0,1.0,10.943788882371942
HCPa,3778,56.0,1.25,10.932391867584398
HCPa,3778,56.0,1.5,10.54593431360539
HCPa,3779,37.0,0.25,11.936574536421755
HCPa,3779,37.0,0.5,10.954873426781683
HCPa,3779,37.0,0.75,10.807165173437015
HCPa,3779,37.0,1.0,10.328097651814534
HCPa,3779,37.0,1.25,10.381930535135647
HCPa,3779,37.0,1.5,10.252566279951576
HCPa,3780,44.0,0.25,10.309886740639799
HCPa,3780,44.0,0.5,11.737166394581145
HCPa,3780,44.0,0.75,11.244517186448936
HCPa,3780,44.0,1.0,10.366624482709218
HCPa,3780,44.0,1.25,9.8328101393277
HCPa,3780,44.0,1.5,9.396292278459727
HCPa,3781,62.0,0.25,11.498952447010907
HCPa,3781,62.0,0.5,11.27784933170233
HCPa,3781,62.0,0.75,10.667482713386002
HCPa,3781,62.0,1.0,10.071091922190499
HCPa,3781,62.0,1.25,9.697810033305855
HCPa,3781,62.0,1.5,9.531261717061751
HCPa,3782,41.0,0.25,10.87112137287217
HCPa,3782,41.0,0.5,10.320496543058706
HCPa,3782,41.0,0.75,9.952801704017023
HCPa,3782,41.0,1.0,9.30433572559314
HCPa,3782,41.0,1.25,9.098103983624933
HCPa,3782,41.0,1.5,8.923632249813611
HCPa,3783,59.0,0.25,11.332169483730715
HCPa,3783,59.0,0.5,11.549747770175319
HCPa,3783,59.0,0.75,11.739385095560312
HCPa,3783,59.0,1.0,11.683503604350893
HCPa,3783,59.0,1.25,11.72796351476847
HCPa,3783,59.0,1.5,11.40243656732677
HCPa,3784,44.0,0.25,11.48274205702149
HCPa,3784,44.0,0.5,10.989753831637445
HCPa,3784,44.0,0.75,9.42178269854449
HCPa,3784,44.0,1.0,9.482452698374543
HCPa,3784,44.0,1.25,9.417985431165354
HCPa,3784,44.0,1.5,9.32024779854474
HCPa,3785,82.0,0.25,10.958592187112819
HCPa,3785,82.0,0.5,11.023462903598222
HCPa,3785,82.0,0.75,11.153617834435902
HCPa,3785,82.0,1.0,11.288886644484496
HCPa,3785,82.0,1.25,11.43177817480227
HCPa,3785,82.0,1.5,11.54611687380807
HCPa,3786,57.0,0.25,12.187302879820738
HCPa,3786,57.0,0.5,12.004015163962887
HCPa,3786,57.0,0.75,12.128819329127328
HCPa,3786,57.0,1.0,12.138431599735483
HCPa,3786,57.0,1.25,12.061128978761744
HCPa,3786,57.0,1.5,11.781187328861066
HCPa,3787,41.0,0.25,11.72860978213464
HCPa,3787,41.0,0.5,11.542585718574166
HCPa,3787,41.0,0.75,10.464983794807361
HCPa,3787,41.0,1.0,9.989450673980183
HCPa,3787,41.0,1.25,9.827167684624616
HCPa,3787,41.0,1.5,9.56716433438709
HCPa,3788,56.0,0.25,9.942553859733982
HCPa,3788,56.0,0.5,10.168633453174834
HCPa,3788,56.0,0.75,10.804851413235815
HCPa,3788,56.0,1.0,10.91150090750979
HCPa,3788,56.0,1.25,10.878442154002162
HCPa,3788,56.0,1.5,10.70948779653138
HCPa,3789,58.0,0.25,11.1253830660524
HCPa,3789,58.0,0.5,10.524650377991986
HCPa,3789,58.0,0.75,10.383461972138319
HCPa,3789,58.0,1.0,9.975383456909446
HCPa,3789,58.0,1.25,9.28865996750838
HCPa,3789,58.0,1.5,8.972378282238768
HCPa,3790,38.0,0.25,11.333646721786234
HCPa,3790,38.0,0.5,10.715319020197038
HCPa,3790,38.0,0.75,9.94795748014234
HCPa,3790,38.0,1.0,9.691119160893592
HCPa,3790,38.0,1.25,9.348925856004701
HCPa,3790,38.0,1.5,9.134495960745115
HCPa,3791,43.0,0.25,11.249836952845898
HCPa,3791,43.0,0.5,11.454248989608491
HCPa,3791,43.0,0.75,11.652710688454997
HCPa,3791,43.0,1.0,11.535642649196154
HCPa,3791,43.0,1.25,10.72339057414208
HCPa,3791,43.0,1.5,10.79507374074497
HCPa,3792,87.0,0.25,10.351753119012795
HCPa,3792,87.0,0.5,10.30027845690681
HCPa,3792,87.0,0.75,10.821376805123654
HCPa,3792,87.0,1.0,11.403482448313715
HCPa,3792,87.0,1.25,11.373064395539734
HCPa,3792,87.0,1.5,10.938450020060259
HCPa,3793,68.0,0.25,11.816722858924939
HCPa,3793,68.0,0.5,11.849168425415819
HCPa,3793,68.0,0.75,12.295422475697617
HCPa,3793,68.0,1.0,12.057867723863165
HCPa,3793,68.0,1.25,11.746975400750708
HCPa,3793,68.0,1.5,11.41582239375012
HCPa,3794,41.0,0.25,11.188139028316183
HCPa,3794,41.0,0.5,11.305146266610747
HCPa,3794,41.0,0.75,11.323433906679528
HCPa,3794,41.0,1.0,11.722791317064715
HCPa,3794,41.0,1.25,11.649765642737988
HCPa,3794,41.0,1.5,11.80538573577587
HCPa,3795,75.0,0.25,11.562921964792416
HCPa,3795,75.0,0.5,11.712244286266728
HCPa,3795,75.0,0.75,11.960955430227393
HCPa,3795,75.0,1.0,11.979159148263268
HCPa,3795,75.0,1.25,11.655716380330668
HCPa,3795,75.0,1.5,11.578749390363534
HCPa,3796,62.0,0.25,11.960749418808875
HCPa,3796,62.0,0.5,11.526911914403467
HCPa,3796,62.0,0.75,10.360736589260206
HCPa,3796,62.0,1.0,8.964166966630012
HCPa,3796,62.0,1.25,7.993221408274262
HCPa,3796,62.0,1.5,7.533488472493972
HCPa,3797,64.0,0.25,11.344819311182356
HCPa,3797,64.0,0.5,10.422083308745268
HCPa,3797,64.0,0.75,9.208882366938205
HCPa,3797,64.0,1.0,8.196956392820928
HCPa,3797,64.0,1.25,7.77824731767656
HCPa,3797,64.0,1.5,7.485292033187667
HCPa,3798,41.0,0.25,11.064820039193913
HCPa,3798,41.0,0.5,11.410005066416241
HCPa,3798,41.0,0.75,12.159311751604221
HCPa,3798,41.0,1.0,11.79967577782158
HCPa,3798,41.0,1.25,11.127903506966462
HCPa,3798,41.0,1.5,10.4761196761559
HCPa,3799,68.0,0.25,10.825084490279929
HCPa,3799,68.0,0.5,10.869947875865284
HCPa,3799,68.0,0.75,11.103087905891273
HCPa,3799,68.0,1.0,11.264526430089623
HCPa,3799,68.0,1.25,11.32548053532846
HCPa,3799,68.0,1.5,11.552747800177508
HCPa,3800,57.0,0.25,11.003379397336744
HCPa,3800,57.0,0.5,11.206062945938989
HCPa,3800,57.0,0.75,11.312515419809394
HCPa,3800,57.0,1.0,11.475851639680524
HCPa,3800,57.0,1.25,11.276235529368352
HCPa,3800,57.0,1.5,11.269616921905948
HCPa,3801,65.0,0.25,11.500486403209516
HCPa,3801,65.0,0.5,11.709846548815184
HCPa,3801,65.0,0.75,11.903195665004285
HCPa,3801,65.0,1.0,11.424690080095841
HCPa,3801,65.0,1.25,11.022788017046054
HCPa,3801,65.0,1.5,10.144991713467558
HCPa,3802,85.0,0.25,10.779325148911731
HCPa,3802,85.0,0.5,10.82220248586016
HCPa,3802,85.0,0.75,10.789052019734305
HCPa,3802,85.0,1.0,10.829504479940837
HCPa,3802,85.0,1.25,10.73061050450041
HCPa,3802,85.0,1.5,10.815951624245486
HCPa,3803,59.0,0.25,11.37231279332036
HCPa,3803,59.0,0.5,11.500061929042085
HCPa,3803,59.0,0.75,12.004589955143285
HCPa,3803,59.0,1.0,11.105863546895174
HCPa,3803,59.0,1.25,11.04972542009721
HCPa,3803,59.0,1.5,10.473993623157389
HCPa,3804,41.0,0.25,11.456947989835596
HCPa,3804,41.0,0.5,10.759150466077914
HCPa,3804,41.0,0.75,10.650415870235967
HCPa,3804,41.0,1.0,10.573490281059131
HCPa,3804,41.0,1.25,10.554073527650177
HCPa,3804,41.0,1.5,10.508942138074945
HCPa,3805,62.0,0.25,11.125321585748683
HCPa,3805,62.0,0.5,10.126305034844123
HCPa,3805,62.0,0.75,9.673532181140157
HCPa,3805,62.0,1.0,9.476007684502148
HCPa,3805,62.0,1.25,9.267092541364367
HCPa,3805,62.0,1.5,9.122055619614493
HCPa,3806,83.0,0.25,11.871161184558783
HCPa,3806,83.0,0.5,11.870716213318843
HCPa,3806,83.0,0.75,11.682237208054886
HCPa,3806,83.0,1.0,11.67660236452944
HCPa,3806,83.0,1.25,11.862282218423559
HCPa,3806,83.0,1.5,11.827274048483819
HCPa,3807,58.0,0.25,11.723479514063676
HCPa,3807,58.0,0.5,10.049133912380679
HCPa,3807,58.0,0.75,9.463544767058433
HCPa,3807,58.0,1.0,9.28405626767194
HCPa,3807,58.0,1.25,9.298191538442014
HCPa,3807,58.0,1.5,9.34314111824952
HCPa,3808,49.0,0.25,8.815886776698854
HCPa,3808,49.0,0.5,9.165281418696082
HCPa,3808,49.0,0.75,9.431077102350777
HCPa,3808,49.0,1.0,9.406623758877739
HCPa,3808,49.0,1.25,9.255493718689792
HCPa,3808,49.0,1.5,9.166101039432005
HCPa,3809,42.0,0.25,11.80092500212141
HCPa,3809,42.0,0.5,11.585924271548526
HCPa,3809,42.0,0.75,10.442585423191064
HCPa,3809,42.0,1.0,10.104664416831811
HCPa,3809,42.0,1.25,9.877140676367745
HCPa,3809,42.0,1.5,9.698139312549843
HCPa,3810,39.0,0.25,10.913568988744323
HCPa,3810,39.0,0.5,10.420983131490244
HCPa,3810,39.0,0.75,10.271843088120878
HCPa,3810,39.0,1.0,9.830133750871017
HCPa,3810,39.0,1.25,9.580982070046417
HCPa,3810,39.0,1.5,9.566948344343372
HCPa,3811,77.0,0.25,10.161496166527371
HCPa,3811,77.0,0.5,10.023289051028147
HCPa,3811,77.0,0.75,10.127289010696371
HCPa,3811,77.0,1.0,10.113315004179967
HCPa,3811,77.0,1.25,10.403391088927723
HCPa,3811,77.0,1.5,10.863038082417663
HCPa,3812,89.0,0.25,10.785199720067839
HCPa,3812,89.0,0.5,10.714995350199748
HCPa,3812,89.0,0.75,10.940103864520095
HCPa,3812,89.0,1.0,10.991708051428681
HCPa,3812,89.0,1.25,11.219063508767443
HCPa,3812,89.0,1.5,11.295681203171014
HCPa,3813,56.0,0.25,9.811574291979998
HCPa,3813,56.0,0.5,9.862758938412757
HCPa,3813,56.0,0.75,9.889005321155905
HCPa,3813,56.0,1.0,9.950542183596998
HCPa,3813,56.0,1.25,10.007246068845673
HCPa,3813,56.0,1.5,10.185295198569017
HCPa,3814,89.0,0.25,9.533710802569294
HCPa,3814,89.0,0.5,9.435875043480449
HCPa,3814,89.0,0.75,10.208649403492075
HCPa,3814,89.0,1.0,10.940906608705093
HCPa,3814,89.0,1.25,11.364522321113755
HCPa,3814,89.0,1.5,11.600605935556654
HCPa,3815,68.0,0.25,11.409100343139098
HCPa,3815,68.0,0.5,11.487484775823042
HCPa,3815,68.0,0.75,11.5528940154074
HCPa,3815,68.0,1.0,11.297967814376655
HCPa,3815,68.0,1.25,10.672477141883563
HCPa,3815,68.0,1.5,9.984187659641433
HCPa,3816,59.0,0.25,11.155263001590834
HCPa,3816,59.0,0.5,11.319778247009388
HCPa,3816,59.0,0.75,11.495629026360401
HCPa,3816,59.0,1.0,10.771606465432162
HCPa,3816,59.0,1.25,9.68998520117345
HCPa,3816,59.0,1.5,8.982613403574282
HCPa,3817,78.0,0.25,10.240966178471202
HCPa,3817,78.0,0.5,10.87785698733882
HCPa,3817,78.0,0.75,10.74209156960053
HCPa,3817,78.0,1.0,10.03882358304768
HCPa,3817,78.0,1.25,9.39804773864713
HCPa,3817,78.0,1.5,8.8957740681179
HCPa,3818,50.0,0.25,11.535441989564088
HCPa,3818,50.0,0.5,11.02059648168801
HCPa,3818,50.0,0.75,10.289133687077882
HCPa,3818,50.0,1.0,9.92912408548305
HCPa,3818,50.0,1.25,9.639982241613323
HCPa,3818,50.0,1.5,9.438353335404996
HCPa,3819,40.0,0.25,11.680408549327016
HCPa,3819,40.0,0.5,11.883246217302709
HCPa,3819,40.0,0.75,11.417930070376201
HCPa,3819,40.0,1.0,10.156910530453827
HCPa,3819,40.0,1.25,9.04694110183323
HCPa,3819,40.0,1.5,8.448994431063927
HCPa,3820,47.0,0.25,9.729933240997322
HCPa,3820,47.0,0.5,9.774835888907077
HCPa,3820,47.0,0.75,9.979066821306137
HCPa,3820,47.0,1.0,10.058213197679352
HCPa,3820,47.0,1.25,9.557879474469846
HCPa,3820,47.0,1.5,9.374180142509132
HCPa,3821,70.0,0.25,11.00493667812602
HCPa,3821,70.0,0.5,10.341560982241356
HCPa,3821,70.0,0.75,9.590746073374348
HCPa,3821,70.0,1.0,9.25480333818616
HCPa,3821,70.0,1.25,9.05304471932088
HCPa,3821,70.0,1.5,8.844963950480986
HCPa,3822,81.0,0.25,9.37304205655868
HCPa,3822,81.0,0.5,9.33509907557983
HCPa,3822,81.0,0.75,9.373629731501659
HCPa,3822,81.0,1.0,9.57599597569611
HCPa,3822,81.0,1.25,9.772173298354835
HCPa,3822,81.0,1.5,9.835199056982379
HCPa,3823,53.0,0.25,10.009722674733387
HCPa,3823,53.0,0.5,11.22209046455087
HCPa,3823,53.0,0.75,10.790939676547206
HCPa,3823,53.0,1.0,10.705729234862464
HCPa,3823,53.0,1.25,10.636684802787885
HCPa,3823,53.0,1.5,10.464231164367797
HCPa,3824,45.0,0.25,11.412703244603811
HCPa,3824,45.0,0.5,10.985111143578859
HCPa,3824,45.0,0.75,10.636542297753861
HCPa,3824,45.0,1.0,10.491573885654018
HCPa,3824,45.0,1.25,10.614400583456504
HCPa,3824,45.0,1.5,10.381629544998239
HCPa,3825,36.0,0.25,11.306756403599621
HCPa,3825,36.0,0.5,11.697747104407027
HCPa,3825,36.0,0.75,11.330773671205673
HCPa,3825,36.0,1.0,10.92712898164769
HCPa,3825,36.0,1.25,10.356237937598657
HCPa,3825,36.0,1.5,10.349923783881996
HCPa,3826,74.0,0.25,10.67295432120244
HCPa,3826,74.0,0.5,10.76023089824603
HCPa,3826,74.0,0.75,10.872812859899685
HCPa,3826,74.0,1.0,10.850212526300327
HCPa,3826,74.0,1.25,11.107764035558231
HCPa,3826,74.0,1.5,11.228904135460768
HCPa,3827,64.0,0.25,10.765366593205389
HCPa,3827,64.0,0.5,10.945784208715962
HCPa,3827,64.0,0.75,11.315609946081834
HCPa,3827,64.0,1.0,11.41377873560064
HCPa,3827,64.0,1.25,11.243665235381929
HCPa,3827,64.0,1.5,10.953496662833189
HCPa,3828,46.0,0.25,9.593704344587774
HCPa,3828,46.0,0.5,9.90505769036416
HCPa,3828,46.0,0.75,10.075059991428155
HCPa,3828,46.0,1.0,10.635369115849576
HCPa,3828,46.0,1.25,10.506115978816727
HCPa,3828,46.0,1.5,10.315545013981232
HCPa,3829,61.0,0.25,11.426231835426435
HCPa,3829,61.0,0.5,11.92687236816741
HCPa,3829,61.0,0.75,11.217056150185778
HCPa,3829,61.0,1.0,10.137588803980229
HCPa,3829,61.0,1.25,9.704336441190906
HCPa,3829,61.0,1.5,9.431725448849356
HCPa,3830,81.0,0.25,11.303893695127194
HCPa,3830,81.0,0.5,11.420083035304906
HCPa,3830,81.0,0.75,11.44145766624019
HCPa,3830,81.0,1.0,11.532799940293703
HCPa,3830,81.0,1.25,11.599504445969279
HCPa,3830,81.0,1.5,11.704655420953841
HCPa,3831,55.0,0.25,10.922138056233374
HCPa,3831,55.0,0.5,11.132377608003953
HCPa,3831,55.0,0.75,9.57276689255004
HCPa,3831,55.0,1.0,8.694248528258276
HCPa,3831,55.0,1.25,8.203218860361739
HCPa,3831,55.0,1.5,7.841031980749017
HCPa,3832,78.0,0.25,11.509533168508456
HCPa,3832,78.0,0.5,11.567765527727921
HCPa,3832,78.0,0.75,11.664582167377867
HCPa,3832,78.0,1.0,11.479602125326412
HCPa,3832,78.0,1.25,11.963754840299284
HCPa,3832,78.0,1.5,11.752480016429345
HCPa,3833,37.0,0.25,11.050706085999142
HCPa,3833,37.0,0.5,11.016735727005202
HCPa,3833,37.0,0.75,10.504624710860442
HCPa,3833,37.0,1.0,9.552714036532153
HCPa,3833,37.0,1.25,9.167064862420448
HCPa,3833,37.0,1.5,9.140931588205158
HCPa,3834,71.0,0.25,11.05584494415971
HCPa,3834,71.0,0.5,11.131565578552713
HCPa,3834,71.0,0.75,11.170858219330595
HCPa,3834,71.0,1.0,11.053526426484888
HCPa,3834,71.0,1.25,11.35886036142833
HCPa,3834,71.0,1.5,11.49790369921502
HCPa,3835,53.0,0.25,9.481406857859104
HCPa,3835,53.0,0.5,9.513000565778755
HCPa,3835,53.0,0.75,9.54115817309727
HCPa,3835,53.0,1.0,9.58115148312381
HCPa,3835,53.0,1.25,9.714269870758551
HCPa,3835,53.0,1.5,10.164971801408578
HCPa,3836,52.0,0.25,11.94270748614558
HCPa,3836,52.0,0.5,11.275618292543271
HCPa,3836,52.0,0.75,10.300765856693397
HCPa,3836,52.0,1.0,10.021377528300594
HCPa,3836,52.0,1.25,9.689586521649213
HCPa,3836,52.0,1.5,9.327121692935114
HCPa,3837,47.0,0.25,11.058891006447084
HCPa,3837,47.0,0.5,10.135456322128093
HCPa,3837,47.0,0.75,9.834802001386004
HCPa,3837,47.0,1.0,9.268378172626344
HCPa,3837,47.0,1.25,9.04619731926562
HCPa,3837,47.0,1.5,8.94651805663953
HCPa,3838,55.0,0.25,11.300645419303988
HCPa,3838,55.0,0.5,10.372461417555558
HCPa,3838,55.0,0.75,9.809555889321304
HCPa,3838,55.0,1.0,9.23596185364888
HCPa,3838,55.0,1.25,8.936907547902189
HCPa,3838,55.0,1.5,8.728646625301572
HCPa,3839,53.0,0.25,11.980892678848384
HCPa,3839,53.0,0.5,12.051500835358164
HCPa,3839,53.0,0.75,11.327872064788059
HCPa,3839,53.0,1.0,10.104721732819009
HCPa,3839,53.0,1.25,9.27965540835059
HCPa,3839,53.0,1.5,9.024374593058326
HCPa,3840,52.0,0.25,11.332281865635208
HCPa,3840,52.0,0.5,11.034876862176402
HCPa,3840,52.0,0.75,9.995372584871719
HCPa,3840,52.0,1.0,9.1043286078543
HCPa,3840,52.0,1.25,8.858984345718094
HCPa,3840,52.0,1.5,8.564678050731608
HCPa,3841,60.0,0.25,11.369417071460404
HCPa,3841,60.0,0.5,10.979614167733265
HCPa,3841,60.0,0.75,10.164325395463498
HCPa,3841,60.0,1.0,9.63902418665834
HCPa,3841,60.0,1.25,9.15061038487023
HCPa,3841,60.0,1.5,9.12002910775561
HCPa,3842,85.0,0.25,10.219501089553598
HCPa,3842,85.0,0.5,10.24877849966499
HCPa,3842,85.0,0.75,10.261983670250379
HCPa,3842,85.0,1.0,10.2003305127477
HCPa,3842,85.0,1.25,10.360478816018952
HCPa,3842,85.0,1.5,10.734988189491128
HCPa,3843,71.0,0.25,9.161354315529067
HCPa,3843,71.0,0.5,9.964062281593934
HCPa,3843,71.0,0.75,10.24159090289571
HCPa,3843,71.0,1.0,10.548286631688146
HCPa,3843,71.0,1.25,10.169739518636842
HCPa,3843,71.0,1.5,9.834354009442434
HCPa,3844,54.0,0.25,11.176345582272466
HCPa,3844,54.0,0.5,10.358897711156027
HCPa,3844,54.0,0.75,10.070474821066489
HCPa,3844,54.0,1.0,9.590544662858639
HCPa,3844,54.0,1.25,9.324361890465129
HCPa,3844,54.0,1.5,9.276284407941334
HCPa,3845,79.0,0.25,11.424639094908725
HCPa,3845,79.0,0.5,11.386038562461406
HCPa,3845,79.0,0.75,11.437351892724326
HCPa,3845,79.0,1.0,11.55515494772462
HCPa,3845,79.0,1.25,11.510403921699542
HCPa,3845,79.0,1.5,11.086285191937256
HCPa,3846,73.0,0.25,12.16817579130061
HCPa,3846,73.0,0.5,11.858341518442987
HCPa,3846,73.0,0.75,10.395593321597252
HCPa,3846,73.0,1.0,9.316788545670777
HCPa,3846,73.0,1.25,8.701080588321512
HCPa,3846,73.0,1.5,8.534888147227566
HCPa,3847,53.0,0.25,11.823477618843526
HCPa,3847,53.0,0.5,11.935127314959203
HCPa,3847,53.0,0.75,11.912449817621098
HCPa,3847,53.0,1.0,11.556356411651139
HCPa,3847,53.0,1.25,11.465811510048004
HCPa,3847,53.0,1.5,11.635803611002634
HCPa,3848,59.0,0.25,11.414868511499701
HCPa,3848,59.0,0.5,10.6919017676676
HCPa,3848,59.0,0.75,10.050123770442292
HCPa,3848,59.0,1.0,9.404107313410504
HCPa,3848,59.0,1.25,9.129912280681129
HCPa,3848,59.0,1.5,9.013021990129737
HCPa,3849,44.0,0.25,10.619609171981836
HCPa,3849,44.0,0.5,11.03435292428203
HCPa,3849,44.0,0.75,10.086703931446038
HCPa,3849,44.0,1.0,9.560630177196806
HCPa,3849,44.0,1.25,9.695231470512361
HCPa,3849,44.0,1.5,9.511199654209939
HCPa,3850,49.0,0.25,11.162055563964653
HCPa,3850,49.0,0.5,10.208126195558382
HCPa,3850,49.0,0.75,10.160767015794367
HCPa,3850,49.0,1.0,9.980001585671463
HCPa,3850,49.0,1.25,9.772117580920476
HCPa,3850,49.0,1.5,9.584109960670936
HCPa,3851,56.0,0.25,11.639938985827696
HCPa,3851,56.0,0.5,11.016093064531555
HCPa,3851,56.0,0.75,9.785846086089727
HCPa,3851,56.0,1.0,9.485869552131227
HCPa,3851,56.0,1.25,9.32884812855331
HCPa,3851,56.0,1.5,9.129886787126486
HCPa,3852,51.0,0.25,11.445519211744429
HCPa,3852,51.0,0.5,11.20540294925823
HCPa,3852,51.0,0.75,9.486947965858066
HCPa,3852,51.0,1.0,9.12436909664136
HCPa,3852,51.0,1.25,8.725407521956084
HCPa,3852,51.0,1.5,8.44618808690263
HCPa,3853,61.0,0.25,11.23360390268693
HCPa,3853,61.0,0.5,11.289621845801603
HCPa,3853,61.0,0.75,11.096414896930433
HCPa,3853,61.0,1.0,10.823102155293313
HCPa,3853,61.0,1.25,10.683828331576098
HCPa,3853,61.0,1.5,10.368060115349573
HCPa,3854,52.0,0.25,11.709478501027123
HCPa,3854,52.0,0.5,10.951121497385772
HCPa,3854,52.0,0.75,10.116874042455242
HCPa,3854,52.0,1.0,10.202265644357508
HCPa,3854,52.0,1.25,10.238428617030264
HCPa,3854,52.0,1.5,10.13069536580608
HCPa,3855,55.0,0.25,11.282163913816458
HCPa,3855,55.0,0.5,11.442162428453019
HCPa,3855,55.0,0.75,11.044027843759936
HCPa,3855,55.0,1.0,10.368663886627518
HCPa,3855,55.0,1.25,9.774349930057483
HCPa,3855,55.0,1.5,9.213445656389421
HCPa,3856,55.0,0.25,10.105104275191117
HCPa,3856,55.0,0.5,10.19346242335472
HCPa,3856,55.0,0.75,10.385666321227983
HCPa,3856,55.0,1.0,11.159310247636016
HCPa,3856,55.0,1.25,11.244327370513785
HCPa,3856,55.0,1.5,10.899930935644717
HCPa,3857,46.0,0.25,11.615256103800933
HCPa,3857,46.0,0.5,11.578962677483782
HCPa,3857,46.0,0.75,11.549969868157968
HCPa,3857,46.0,1.0,11.449330812460627
HCPa,3857,46.0,1.25,11.478214186456643
HCPa,3857,46.0,1.5,11.353034839758953
HCPa,3858,40.0,0.25,11.059766753685539
HCPa,3858,40.0,0.5,11.369810482888614
HCPa,3858,40.0,0.75,11.459257263568345
HCPa,3858,40.0,1.0,11.479838545167976
HCPa,3858,40.0,1.25,11.3141214329971
HCPa,3858,40.0,1.5,11.124154863304419
HCPa,3859,72.0,0.25,9.957121936775568
HCPa,3859,72.0,0.5,9.924339907495412
HCPa,3859,72.0,0.75,9.720526426410991
HCPa,3859,72.0,1.0,9.468406652870536
HCPa,3859,72.0,1.25,9.564745989338054
HCPa,3859,72.0,1.5,9.60725131861119
HCPa,3860,57.0,0.25,11.57258089211407
HCPa,3860,57.0,0.5,10.72596274301184
HCPa,3860,57.0,0.75,9.458360178033393
HCPa,3860,57.0,1.0,8.690765606390672
HCPa,3860,57.0,1.25,8.548731194135124
HCPa,3860,57.0,1.5,8.421645901400215
HCPa,3861,73.0,0.25,11.15487348244655
HCPa,3861,73.0,0.5,11.628717996277912
HCPa,3861,73.0,0.75,11.182755036855044
HCPa,3861,73.0,1.0,10.761242778675037
HCPa,3861,73.0,1.25,10.995114805322578
HCPa,3861,73.0,1.5,10.647455012993857
HCPa,3862,42.0,0.25,11.826480039079902
HCPa,3862,42.0,0.5,11.715872747586095
HCPa,3862,42.0,0.75,10.875409730329185
HCPa,3862,42.0,1.0,10.911408244766259
HCPa,3862,42.0,1.25,10.874666994559215
HCPa,3862,42.0,1.5,10.816106704261896
HCPa,3863,72.0,0.25,11.664402781332372
HCPa,3863,72.0,0.5,11.592886957588231
HCPa,3863,72.0,0.75,11.363121556652521
HCPa,3863,72.0,1.0,10.773409826097803
HCPa,3863,72.0,1.25,10.06083255354841
HCPa,3863,72.0,1.5,9.281995800319237
HCPa,3864,59.0,0.25,11.438233730155025
HCPa,3864,59.0,0.5,11.613484677755178
HCPa,3864,59.0,0.75,11.619442948355939
HCPa,3864,59.0,1.0,11.257340723864534
HCPa,3864,59.0,1.25,11.168025384903741
HCPa,3864,59.0,1.5,10.939061302420617
HCPa,3865,48.0,0.25,10.646695132390791
HCPa,3865,48.0,0.5,10.647548423568438
HCPa,3865,48.0,0.75,10.750975058430114
HCPa,3865,48.0,1.0,10.881720119577453
HCPa,3865,48.0,1.25,10.914993648489315
HCPa,3865,48.0,1.5,10.840411084762698
HCPa,3866,37.0,0.25,11.735540846549666
HCPa,3866,37.0,0.5,11.698979679361862
HCPa,3866,37.0,0.75,10.945676696755221
HCPa,3866,37.0,1.0,10.598040965853672
HCPa,3866,37.0,1.25,10.504684919294455
HCPa,3866,37.0,1.5,10.27570770504002
HCPa,3867,55.0,0.25,11.303601065853083
HCPa,3867,55.0,0.5,11.179548136135184
HCPa,3867,55.0,0.75,11.563404701801586
HCPa,3867,55.0,1.0,11.4712729810679
HCPa,3867,55.0,1.25,10.94903761359215
HCPa,3867,55.0,1.5,10.427546767554743
HCPa,3868,38.0,0.25,10.999183516570504
HCPa,3868,38.0,0.5,11.361006410162503
HCPa,3868,38.0,0.75,11.038918858017565
HCPa,3868,38.0,1.0,10.550363402881088
HCPa,3868,38.0,1.25,9.923719237392007
HCPa,3868,38.0,1.5,10.065108422084341
HCPa,3869,52.0,0.25,10.673510961987477
HCPa,3869,52.0,0.5,10.962338178570969
HCPa,3869,52.0,0.75,10.118985678629722
HCPa,3869,52.0,1.0,10.024980699233355
HCPa,3869,52.0,1.25,9.793978827266663
HCPa,3869,52.0,1.5,9.63584376476792
HCPa,3870,38.0,0.25,10.811023656327151
HCPa,3870,38.0,0.5,11.156564703116839
HCPa,3870,38.0,0.75,10.172405605222407
HCPa,3870,38.0,1.0,9.149619768793158
HCPa,3870,38.0,1.25,8.775088802708211
HCPa,3870,38.0,1.5,8.493023497415695
HCPa,3871,83.0,0.25,10.525449953393052
HCPa,3871,83.0,0.5,10.512373321019513
HCPa,3871,83.0,0.75,10.523919093458547
HCPa,3871,83.0,1.0,10.618846468340298
HCPa,3871,83.0,1.25,10.969242424775702
HCPa,3871,83.0,1.5,11.272389046922447
HCPa,3872,79.0,0.25,11.583853723405511
HCPa,3872,79.0,0.5,11.547097386883813
HCPa,3872,79.0,0.75,11.521624915059567
HCPa,3872,79.0,1.0,11.319877222581098
HCPa,3872,79.0,1.25,11.048806224837632
HCPa,3872,79.0,1.5,10.788937443027317
HCPa,3873,57.0,0.25,11.960947019882564
HCPa,3873,57.0,0.5,10.92713117237989
HCPa,3873,57.0,0.75,9.330323274622812
HCPa,3873,57.0,1.0,8.412680408131186
HCPa,3873,57.0,1.25,8.213925427689484
HCPa,3873,57.0,1.5,8.192066739385751
HCPa,3874,79.0,0.25,10.072251320775651
HCPa,3874,79.0,0.5,10.116057042130857
HCPa,3874,79.0,0.75,10.247254444799125
HCPa,3874,79.0,1.0,10.192282370085026
HCPa,3874,79.0,1.25,10.599462167192492
HCPa,3874,79.0,1.5,10.738061928678302
HCPa,3875,50.0,0.25,10.781112059537245
HCPa,3875,50.0,0.5,11.10633655073133
HCPa,3875,50.0,0.75,11.409837890307601
HCPa,3875,50.0,1.0,11.322926130674897
HCPa,3875,50.0,1.25,10.930979865215804
HCPa,3875,50.0,1.5,10.290659444301488
HCPa,3876,62.0,0.25,10.794155158831376
HCPa,3876,62.0,0.5,10.621676687963655
HCPa,3876,62.0,0.75,10.908896568389842
HCPa,3876,62.0,1.0,10.995509699727855
HCPa,3876,62.0,1.25,10.91986030450184
HCPa,3876,62.0,1.5,10.729999952417982
HCPa,3877,42.0,0.25,9.391406108484626
HCPa,3877,42.0,0.5,9.849809492357336
HCPa,3877,42.0,0.75,10.251247766150074
HCPa,3877,42.0,1.0,10.045225048281894
HCPa,3877,42.0,1.25,9.725681359740381
HCPa,3877,42.0,1.5,9.09311766540843
HCPa,3878,84.0,0.25,10.944391473074802
HCPa,3878,84.0,0.5,11.06266452220741
HCPa,3878,84.0,0.75,11.138782337107894
HCPa,3878,84.0,1.0,11.222093586565467
HCPa,3878,84.0,1.25,11.386011339841295
HCPa,3878,84.0,1.5,11.389183419668958
HCPa,3879,38.0,0.25,9.321453957238967
HCPa,3879,38.0,0.5,9.574006277005074
HCPa,3879,38.0,0.75,9.81063337989056
HCPa,3879,38.0,1.0,9.087228899603254
HCPa,3879,38.0,1.25,8.811018767412424
HCPa,3879,38.0,1.5,8.701595061809781
HCPa,3880,69.0,0.25,10.3918621689057
HCPa,3880,69.0,0.5,10.51440341256706
HCPa,3880,69.0,0.75,10.593341423195973
HCPa,3880,69.0,1.0,10.743614153722634
HCPa,3880,69.0,1.25,10.985141830671878
HCPa,3880,69.0,1.5,11.205380760334744
HCPa,3881,39.0,0.25,11.108347852460316
HCPa,3881,39.0,0.5,10.448830156380371
HCPa,3881,39.0,0.75,10.052740552957573
HCPa,3881,39.0,1.0,9.782358751847628
HCPa,3881,39.0,1.25,9.744051265864995
HCPa,3881,39.0,1.5,9.65349088666073
HCPa,3882,66.0,0.25,10.976918303402064
HCPa,3882,66.0,0.5,11.02937852353511
HCPa,3882,66.0,0.75,11.069716893198338
HCPa,3882,66.0,1.0,11.157168610334459
HCPa,3882,66.0,1.25,11.268460621972356
HCPa,3882,66.0,1.5,11.487828952573441
HCPa,3883,71.0,0.25,10.620160243339388
HCPa,3883,71.0,0.5,10.656119388851444
HCPa,3883,71.0,0.75,10.691512709546236
HCPa,3883,71.0,1.0,10.734861576525633
HCPa,3883,71.0,1.25,10.78729543234888
HCPa,3883,71.0,1.5,10.803358018152771
HCPa,3884,56.0,0.25,11.411198354991097
HCPa,3884,56.0,0.5,11.901329816090984
HCPa,3884,56.0,0.75,11.168515656849385
HCPa,3884,56.0,1.0,9.847600540567369
HCPa,3884,56.0,1.25,8.875971767912187
HCPa,3884,56.0,1.5,8.173110866086118
HCPa,3885,86.0,0.25,10.391630207122816
HCPa,3885,86.0,0.5,10.399912980078268
HCPa,3885,86.0,0.75,10.444047546045821
HCPa,3885,86.0,1.0,10.514030415476196
HCPa,3885,86.0,1.25,10.616502277581807
HCPa,3885,86.0,1.5,10.724147996738024
HCPa,3886,70.0,0.25,10.771968385250728
HCPa,3886,70.0,0.5,10.908178393843581
HCPa,3886,70.0,0.75,10.77163642213695
HCPa,3886,70.0,1.0,10.81324098823715
HCPa,3886,70.0,1.25,11.48387313776947
HCPa,3886,70.0,1.5,11.423862665758525
HCPa,3887,68.0,0.25,11.765654124735901
HCPa,3887,68.0,0.5,10.382726655441937
HCPa,3887,68.0,0.75,8.898672360547547
HCPa,3887,68.0,1.0,8.564508371849458
HCPa,3887,68.0,1.25,8.29944335524869
HCPa,3887,68.0,1.5,8.153215541321966
HCPa,3888,50.0,0.25,10.130642478097007
HCPa,3888,50.0,0.5,10.263491236779755
HCPa,3888,50.0,0.75,11.038062946466852
HCPa,3888,50.0,1.0,11.787516382810349
HCPa,3888,50.0,1.25,11.609370850360255
HCPa,3888,50.0,1.5,10.873933214005985
HCPa,3889,69.0,0.25,9.764499935709452
HCPa,3889,69.0,0.5,9.873399257104978
HCPa,3889,69.0,0.75,9.979854324247434
HCPa,3889,69.0,1.0,10.027980060807339
HCPa,3889,69.0,1.25,10.513693044045795
HCPa,3889,69.0,1.5,10.77247309795954
HCPa,3890,79.0,0.25,10.957815899336193
HCPa,3890,79.0,0.5,10.943362047326488
HCPa,3890,79.0,0.75,10.91261025527394
HCPa,3890,79.0,1.0,10.914420713171955
HCPa,3890,79.0,1.25,11.000333112280549
HCPa,3890,79.0,1.5,11.078974540849867
HCPa,3891,53.0,0.25,11.348734448079865
HCPa,3891,53.0,0.5,11.218539341777033
HCPa,3891,53.0,0.75,11.592045624022571
HCPa,3891,53.0,1.0,11.545354257938198
HCPa,3891,53.0,1.25,10.94324007136528
HCPa,3891,53.0,1.5,10.423299597667505
HCPa,3892,76.0,0.25,10.22857036164596
HCPa,3892,76.0,0.5,10.722446482381597
HCPa,3892,76.0,0.75,10.620122659747441
HCPa,3892,76.0,1.0,9.829468854808601
HCPa,3892,76.0,1.25,9.319612619216384
HCPa,3892,76.0,1.5,8.868389909772977
HCPa,3893,76.0,0.25,10.278348917222027
HCPa,3893,76.0,0.5,10.31405380346212
HCPa,3893,76.0,0.75,10.474563002832134
HCPa,3893,76.0,1.0,10.66642426061721
HCPa,3893,76.0,1.25,11.046484203382246
HCPa,3893,76.0,1.5,11.211813993015161
HCPa,3894,47.0,0.25,11.90294523621751
HCPa,3894,47.0,0.5,11.431115253175804
HCPa,3894,47.0,0.75,10.62532212424662
HCPa,3894,47.0,1.0,10.28354587854289
HCPa,3894,47.0,1.25,10.18600376580306
HCPa,3894,47.0,1.5,10.044534564572212
HCPa,3895,62.0,0.25,11.48843296548098
HCPa,3895,62.0,0.5,10.691828208883729
HCPa,3895,62.0,0.75,9.848768257347439
HCPa,3895,62.0,1.0,9.204390745215436
HCPa,3895,62.0,1.25,8.925273128820379
HCPa,3895,62.0,1.5,8.705745225571428
HCPa,3896,38.0,0.25,9.325317829565307
HCPa,3896,38.0,0.5,9.7687248212108
HCPa,3896,38.0,0.75,10.6038347852442
HCPa,3896,38.0,1.0,10.020826913079937
HCPa,3896,38.0,1.25,9.727806827849017
HCPa,3896,38.0,1.5,9.207075499583754
HCPa,3897,47.0,0.25,10.886249300651752
HCPa,3897,47.0,0.5,11.175786512531921
HCPa,3897,47.0,0.75,11.503594407825757
HCPa,3897,47.0,1.0,10.509066250296584
HCPa,3897,47.0,1.25,9.995260535190402
HCPa,3897,47.0,1.5,9.594295663800795
HCPa,3898,41.0,0.25,10.858352255573717
HCPa,3898,41.0,0.5,11.09666669494098
HCPa,3898,41.0,0.75,10.843708388599802
HCPa,3898,41.0,1.0,10.38759053680246
HCPa,3898,41.0,1.25,10.474213989281672
HCPa,3898,41.0,1.5,10.269245059091316
HCPa,3899,87.0,0.25,11.260857445888481
HCPa,3899,87.0,0.5,11.267841944465506
HCPa,3899,87.0,0.75,11.276854368042104
HCPa,3899,87.0,1.0,11.285722536535403
HCPa,3899,87.0,1.25,11.289091250984733
HCPa,3899,87.0,1.5,11.286332061993102
HCPa,3900,54.0,0.25,8.834096968671176
HCPa,3900,54.0,0.5,8.801506419676944
HCPa,3900,54.0,0.75,8.834299267718231
HCPa,3900,54.0,1.0,8.989680053422221
HCPa,3900,54.0,1.25,9.09189628935171
HCPa,3900,54.0,1.5,9.196823199472897
