sid,k,Ups
14,19,4.175683790019469
14,16,3.2334551380715255
14,30,3.043192811524435
14,41,2.76172711803405
14,19,2.9519152465698557
14,21,2.859935566419252
14,25,2.8515031892099305
14,23,4.846649390505876
14,21,1.6987999756891088
14,10,3.005042248689756
14,15,3.645681038349544
14,17,6.718047643814623
14,29,6.626347456347285
14,15,6.070755505907025
14,30,3.3526460876901494
14,26,3.451766723642108
14,20,5.564315893343277
14,14,6.188698815662975
14,29,2.7399396122885977
14,24,5.177433720274607
14,14,2.1682141510154542
14,20,2.538566307230442
14,24,3.156439657605005
14,19,3.8708696398998184
14,16,2.445190741873559
14,24,3.335699078315816
14,26,4.123699884232067
14,26,4.0773342600608675
14,29,3.145520881567818
14,23,2.145647747577303
14,18,2.5333138166463605
14,17,3.6534673529436237
14,24,2.8826117830188553
14,24,3.711521141529035
14,24,3.221656869909625
14,15,2.6203032036722558
14,38,4.198633475815468
14,26,3.3938605416056866
14,39,2.649865030121601
14,33,2.822317803831931
14,26,3.082382538182209
14,20,2.145731277975848
14,13,2.8323065620972137
14,26,2.8605853988549703
14,19,4.318038144392274
14,22,2.020274271307011
14,39,2.929542330641299
14,39,3.433224846210649
14,36,2.5454695083705468
14,29,4.685834072310378
14,26,5.209475510716967
14,33,3.4478527623804482
14,10,2.180560504859455
14,14,1.4089806641085836
14,31,3.3632110667600457
14,33,4.115816682799758
14,23,2.676166345013719
14,25,2.73601147090883
14,18,5.154126507985412
14,41,4.9031904859049495
14,21,2.4126830104806127
14,18,2.7618862397339368
14,22,3.135029360899105
14,16,2.2202247325785907
14,17,3.1375739040217763
14,17,2.4665503757907663
14,40,2.5782644551454377
14,33,1.9851654830486254
14,21,1.9820507940082304
14,4,2.135437083040604
14,32,3.599177521174063
14,36,3.214668206964503
14,31,5.293259160771698
14,26,2.1106857772472725
14,11,1.7081756347684325
14,9,2.7006445985797902
14,19,3.673081134821311
14,22,2.8105243342256188
14,3,1.3342977132414162
14,3,1.0739555555555556
14,25,5.978221538770918
14,18,4.085681007494286
14,48,2.9380123524338266
14,29,3.275939315813887
14,29,4.795371874633825
14,31,3.2412775254609367
14,44,3.452261223255826
14,39,3.8783682182796855
14,33,4.1163422708235995
14,11,1.9805913533201742
19,14,3.713952466274503
19,20,7.21229363360579
19,35,4.097047718748831
19,30,6.551685459200872
19,19,4.761807799969438
19,18,3.5284828585171546
19,30,2.9249985932761287
19,23,3.1314118030127562
19,25,5.175447160277568
19,21,5.47536912521559
19,4,1.5627303664499101
19,4,1.510654104840598
19,9,1.553427657594084
19,10,3.4692242360947647
19,18,3.859727070518897
19,14,2.9908386113343384
19,5,1.1567396132902013
19,5,1.8150747936084992
19,19,3.2674315671372756
19,23,2.7400064818300085
19,17,2.2937437134734857
19,20,9.144408026798851
19,18,7.57294238734711
19,18,4.1098533009596485
19,9,5.644428830126571
19,14,4.606018564708972
19,16,1.840307015427944
19,10,2.4748999469030477
19,21,3.6701429617756136
19,24,2.305319299055914
19,14,6.198411727348833
19,16,3.4302911946079244
19,26,3.408637849018131
19,20,4.770133358124049
19,7,1.8370250159418298
19,8,1.3067508299585344
19,28,2.2660125248642795
19,24,1.8233798799773344
19,25,4.3330337978724405
19,29,5.594319626157469
19,15,4.477953394062939
19,13,2.6425965120792294
19,21,2.441143825276676
19,19,5.385339511062968
19,13,2.7684165097363174
19,23,2.589120418508963
19,31,2.932352700464037
19,34,2.6414803628292445
19,18,3.024581834051197
19,14,1.904573988658178
19,23,3.7697044229120644
19,21,2.5467559979239045
19,13,1.7973817693174592
19,18,1.58405156870911
19,30,3.1442470221487335
19,34,3.22903559051791
19,12,2.6584835467769348
19,19,3.851556046442885
19,21,2.9646400745296186
19,23,3.7066228683240072
19,17,3.238268346167175
19,11,2.9412471118173484
19,3,1.4418254607683323
19,9,1.7142241397566849
19,15,3.42901293196755
19,13,2.7478146916046406
19,38,4.130082384279319
19,28,2.2531008910274424
19,15,2.408562153415074
19,7,1.3013127835815477
19,22,2.166397691980515
19,29,5.579854354866558
19,26,6.894710806738139
19,25,6.896338478364853
19,7,2.69065921723876
19,13,2.984261821084
19,12,2.3819300848497518
19,16,3.2714524062201127
19,2,1.0963139120095124
19,17,3.2715049980170865
19,9,1.973182273123742
19,22,2.7878553903720293
19,22,2.5255469736975824
19,13,2.24796025930774
19,20,3.479973276269028
19,21,3.902728567956134
19,32,2.7536740300111346
19,16,2.173223190857041
19,19,3.668022666973367
29,25,3.4112497443950685
29,18,3.4847594262415407
29,32,4.386380287839021
29,39,4.103368419849077
29,32,5.366094230475174
29,24,2.9046892799317474
29,16,2.507645650352123
29,12,3.2958039501508707
29,21,2.5640706062552705
29,21,4.0484193493557035
29,14,2.3693001155479805
29,10,1.742770141916467
29,11,3.0670528911928328
29,11,3.792588452537773
29,28,3.2859120973115097
29,25,2.208478552022518
29,7,1.5138478751600368
29,9,1.8939224795378369
29,17,3.9349147421452315
29,17,7.932112466406801
29,21,5.158998505912381
29,23,3.7749688584445864
29,25,5.190034714145342
29,21,3.0392217909605836
29,12,4.8212386197603685
29,12,2.4279568517215773
29,34,4.471496557212035
29,22,3.2516895239396146
29,20,5.037585686995075
29,32,4.845389381977552
29,20,4.7370097625847984
29,16,6.2187191918632525
29,13,2.4253251954301818
29,18,3.1348564911072776
29,17,3.7885752367033594
29,21,3.3878864171973584
29,25,3.04355717358027
29,28,2.669776880015145
29,26,3.7512453460882202
29,30,3.601137374797778
29,18,2.579462871763382
29,22,3.7555562454668165
29,19,2.097297251436608
29,16,2.807894374190469
29,15,2.4082360615351326
29,24,3.0761488437390883
29,30,5.358986534774727
29,29,4.079151189529964
29,31,3.2932791090600286
29,32,3.248511222002236
29,37,2.943773649259941
29,32,2.5201560765160935
29,6,2.1925325279221988
29,11,1.8311673442420549
29,28,2.399099253348154
29,40,3.8740890568192388
29,25,3.556895519478963
29,22,2.648833004196199
29,25,2.300133357268813
29,32,3.5027999040488056
29,27,3.6809190961180906
29,20,2.6604501213915777
29,8,1.9313418573607155
29,14,2.621367713423977
29,12,2.460815840201862
29,24,2.579775772327836
29,31,2.7774560875623955
29,27,5.935249144364186
29,12,1.7900803894810693
29,1,1.0
29,21,4.777603232519708
29,27,2.9234978794405424
29,22,4.4664854391976725
29,29,4.39055315717686
29,9,1.3315471131665213
29,14,1.97337326026494
29,18,2.4596718600604226
29,22,2.0701803102519207
29,1,1.0
29,3,1.4339841868110068
29,16,2.1023508791656433
29,19,2.985081860565273
29,23,4.035719647613515
29,25,3.165613670997519
29,14,2.111108541880275
29,20,2.6368934552711853
29,27,6.1262197791871085
29,29,3.8091431250454315
29,16,4.153817021995648
29,30,3.239254704355213
44,13,2.4272364908726405
44,17,2.2708292566752224
44,30,2.951306542741218
44,28,3.4155889824504766
44,21,4.070169409560673
44,31,4.436006809613563
44,23,4.813168366273915
44,25,4.561499284952475
44,15,2.636417536
44,23,3.7811433428955334
44,10,3.6663137831370127
44,8,2.977878346303686
44,30,4.521403988109582
44,6,2.445320611470196
44,17,1.8180101670297748
44,20,3.829782883363682
44,11,3.073169301726367
44,13,2.159004331719048
44,24,3.5313484898261573
44,21,2.804099321106454
44,9,2.562022659223037
44,24,3.5526528828832715
44,22,3.875293258076744
44,22,5.002676699862586
44,15,3.528704310421955
44,19,4.776831912379542
44,30,3.490686559863409
44,28,4.556320599465207
44,29,2.747267442834462
44,19,3.2302453551972032
44,16,6.890163875393391
44,21,2.496731294417953
44,17,4.424277140509494
44,19,4.426179592962979
44,22,2.131125122250095
44,17,3.3782832824091145
44,42,3.1720421444376794
44,28,4.323932683278517
44,33,3.7810151740857965
44,23,3.3096723018427885
44,24,1.7172911197941123
44,15,2.1779883958784487
44,28,5.695495768893163
44,32,2.3187283090979647
44,32,2.7420950734591956
44,41,2.965287941978548
44,39,5.195271531400312
44,51,4.200987125879928
44,31,3.122998240220644
44,37,2.6140440188284315
44,21,3.95834558733363
44,29,4.322840507651434
44,13,2.7321662319089572
44,7,2.1650337526271723
44,27,2.9642548000349906
44,28,4.1671214927616385
44,20,3.470101284753616
44,17,3.21463052284055
44,23,2.8079023890817454
44,17,2.469726073300618
44,16,6.6049014665388
44,7,1.7887521285715433
44,16,4.319551030286633
44,12,2.042095613248318
44,23,5.590006193906161
44,21,2.765978025227299
44,46,4.0287603006251365
44,34,3.4736387766869257
44,13,3.5153589095539832
44,7,2.2841966124597524
44,35,2.610957608107969
44,37,3.6388017047964936
44,22,4.176794590651497
44,24,1.7931187255277798
44,16,3.036998612425815
44,16,3.8934204512196824
44,25,3.1163350215028824
44,23,3.3990715479393447
44,1,1.0
44,6,2.0061463755005797
44,29,3.331092562125346
44,27,3.957535693408628
44,43,4.049897097748641
44,39,4.560939468652033
44,31,4.125149990761138
44,31,3.499594692925641
44,34,4.04850856853037
44,28,3.721038977488837
44,27,3.961879760172216
44,38,3.538147505870949
54,16,2.7978035444642533
54,18,5.003272950321348
54,29,3.267927712864785
54,31,4.679563376201927
54,34,4.626371679853797
54,21,2.6481508771600515
54,19,2.556997272612427
54,19,2.065179219114495
54,14,3.4997674013414906
54,19,4.412396499265166
54,7,1.7564467243193185
54,5,1.522842273046171
54,15,1.8179469183478891
54,7,1.7108127998914495
54,9,1.7624869011488773
54,17,4.263346365932083
54,6,1.1590784744492983
54,5,2.246438084233577
54,21,4.829528717835126
54,18,6.796871194715511
54,19,2.1530534332580573
54,16,3.6277198118549596
54,19,5.572716799091755
54,14,4.454389548215344
54,15,3.179385792962576
54,13,2.8414778819323265
54,33,2.8720299696567015
54,23,4.977319161897
54,23,3.768224334635511
54,20,3.3616996055514976
54,18,6.281465564417683
54,18,4.388758861574589
54,18,7.067271128605194
54,18,3.1278500590409655
54,12,2.2555393977501916
54,14,2.271441194142469
54,36,2.992478281939257
54,34,2.794511847995294
54,24,2.644955538878342
54,29,2.1035905809325293
54,15,3.2177915864315296
54,17,4.598131174031147
54,28,5.766695327289218
54,19,4.206547967889419
54,31,3.4548498095442746
54,21,2.5970187999250496
54,26,3.307429723707937
54,26,3.0150460746069103
54,33,2.1066231707916807
54,17,2.162392197536678
54,32,4.855768759272109
54,25,2.4953172270482784
54,8,1.8166515812631707
54,7,1.7479130076689624
54,31,2.307983212327777
54,32,5.060003619701531
54,21,2.802949262914477
54,18,4.9594112819420735
54,21,3.064092012639983
54,25,5.4082960838982785
54,6,2.924713940528147
54,6,2.5189917590765534
54,6,1.6369199107675874
54,4,2.096637291297571
54,5,2.786828556059325
54,19,2.122393905189991
54,41,2.376046353597539
54,20,2.6825187476029333
54,6,3.5449008845141265
54,3,1.559070002278199
54,28,2.0673881439620123
54,26,5.817699316848684
54,21,4.338705854273548
54,26,4.6377239867965
54,19,2.2911292617676655
54,15,4.394765256117503
54,23,4.554229610405646
54,17,2.9843040371484078
54,3,1.514717425431711
54,2,1.6833311729815983
54,22,9.192600748723692
54,13,2.8757916045671985
54,28,2.910023248615732
54,22,3.412208064096095
54,21,4.2766094969926485
54,19,2.268074386730765
54,26,3.650946394329889
54,36,4.374879509499806
54,27,6.394668799599869
54,25,4.936983588649396
98,21,3.3513196014913293
98,20,4.049032155121523
98,32,5.295139252960218
98,32,3.0216300473606688
98,30,3.448865964799684
98,34,3.336013328583324
98,23,3.278741359813337
98,16,3.426064925313616
98,20,2.3611137405823976
98,24,2.088132544926195
98,14,5.373386873925832
98,8,3.6519983179563806
98,23,7.272594870598231
98,19,4.595235274999407
98,27,4.26707838772486
98,28,5.00328153557788
98,13,3.528214095888798
98,11,2.3085351860874423
98,23,4.439520106546162
98,23,5.690536155886786
98,20,2.7527647386200624
98,25,5.019560416895288
98,21,2.609361846864109
98,27,2.6197049038561184
98,13,4.605588929985129
98,17,3.674346588970028
98,38,3.6299923646387495
98,29,3.744683073296843
98,28,2.361391453741294
98,25,2.0530838025019587
98,20,4.143071598880076
98,16,3.91838741095786
98,17,4.132471795508468
98,19,3.174617557148504
98,20,2.583930765980284
98,19,2.2004971221383975
98,31,2.1070696579334536
98,35,2.141304810999662
98,31,2.88718664040027
98,37,2.6784807370016868
98,10,2.2390564705744507
98,16,2.331289193622642
98,27,3.0570741839207893
98,32,2.249234974644289
98,35,3.7810939169947955
98,29,4.305525146472675
98,39,3.785425359053111
98,44,3.3100107908237435
98,40,3.0120830586673226
98,28,3.1607894407704205
98,38,3.4069041901590627
98,27,6.030645299338572
98,6,1.9144265808443246
98,22,2.6516837986180564
98,26,4.464269994009663
98,34,4.2443394399729595
98,31,3.1348699289686883
98,22,3.909531535572724
98,11,2.3157213487200567
98,37,3.894485998634252
98,13,1.8047145507326656
98,10,2.242717966971397
98,10,1.746916892763719
98,10,1.696911243204796
98,8,2.9831037211966
98,10,3.587995480195988
98,41,3.3251062638830033
98,42,3.425610695474754
98,22,2.5066834241679796
98,10,3.1379452282925184
98,35,4.768284832027483
98,26,2.335709319685587
98,21,7.109471227606592
98,33,8.505235707405683
98,7,1.646600890014005
98,4,1.5252902198289624
98,25,6.339777617129551
98,26,3.0682487256223436
98,5,1.639344901633846
98,2,1.2728892849186901
98,27,2.473416995635295
98,25,2.047996468411046
98,30,3.6702215028522587
98,24,3.511260813327005
98,27,2.532220064004573
98,24,2.172749828945513
98,32,4.220752364710717
98,34,3.9010909526627633
98,17,4.718225145208285
98,29,3.238982925624262
118,12,1.9330058002651949
118,23,3.6783972229063675
118,33,4.285027754621242
118,36,5.019382738649034
118,21,4.324457736726034
118,25,3.2210188096279793
118,26,2.358064748781805
118,22,2.9851339477165695
118,15,3.4999628848850737
118,15,3.382174861186264
118,13,4.70078264421095
118,5,3.0532883678928195
118,17,3.424350031663177
118,19,6.053301104001518
118,18,3.3668029661809236
118,23,2.6841354241590025
118,11,2.0181199445070344
118,7,2.3300784056389143
118,26,5.590924905629539
118,22,4.508841569375782
118,21,2.271241464088669
118,22,2.330925656256636
118,24,6.664646745671117
118,23,6.313806307983929
118,17,2.573770419698203
118,13,2.702017966973745
118,34,5.231571973916583
118,24,2.7621428895383056
118,31,3.7212308709040975
118,26,2.352316720487211
118,15,6.003222236235863
118,18,6.257368260690467
118,17,5.066914373011126
118,22,8.946625796739156
118,16,3.0734388061328954
118,17,2.8493259220151512
118,32,3.080547630739482
118,32,2.931345673542367
118,30,2.524776018750791
118,36,2.636892742242285
118,26,2.048887754444412
118,17,1.7386622484908048
118,30,3.765325145751027
118,21,1.641917803446762
118,34,3.7721482349191136
118,27,3.727557445706101
118,30,3.611162632534825
118,33,3.6988628822934335
118,34,4.73363034418978
118,32,2.6989017692426827
118,32,4.700142385541773
118,25,2.22202378937095
118,10,6.833826425168898
118,2,1.541319364516859
118,34,4.4730754720281425
118,38,3.1719638392480625
118,17,2.94754696765276
118,17,4.127561621066891
118,24,6.011178045617918
118,35,2.622455625551721
118,11,3.0973855307175704
118,15,3.6373590733997494
118,8,3.8432528310610805
118,14,2.863535425964314
118,7,3.676892183786376
118,17,5.718951704242062
118,44,3.6237648756417227
118,38,4.879044703246908
118,14,2.518055957691384
118,10,2.0658771261063524
118,21,4.262259571721184
118,26,3.4915626007176686
118,25,4.71089565536422
118,27,3.7573127791022554
118,13,2.3897866184418293
118,17,4.320217195604249
118,21,1.8521103672702408
118,23,3.0030434215064377
118,2,1.3118569741946364
118,24,3.8108585878454493
118,17,4.328166807163225
118,24,3.6848380095416373
118,25,2.821475897444207
118,25,3.352104610618582
118,30,3.290375865356043
118,29,2.96847814185291
118,27,2.7592479494415527
118,27,5.30811785925245
118,24,4.900363700462765
133,23,2.513059040374873
133,16,3.6896714379854987
133,36,2.9112090212440513
133,23,2.5513958475419174
133,23,2.5473844164288444
133,31,3.566192498260589
133,32,3.411263561329377
133,25,2.957731450175417
133,25,3.594692628423784
133,21,6.538603778241621
133,14,2.1045718805565024
133,15,5.074043929796373
133,34,2.531569905478118
133,23,2.0253193092362625
133,24,4.319839682377249
133,22,2.6592455011040936
133,11,1.5151449729762012
133,9,5.238784376174797
133,24,3.338501574919207
133,24,4.267480053850378
133,24,3.645161625649783
133,23,6.042281757615651
133,34,3.1635442886549314
133,36,3.4932376730484314
133,30,3.679541177459992
133,27,4.993943202273623
133,33,3.289151670138087
133,21,3.3299903518329486
133,20,3.26462790650613
133,25,3.741538458389685
133,24,9.354330657377888
133,18,6.1765468521628035
133,18,4.117262757363519
133,23,7.594013467342281
133,25,4.3790993588311675
133,17,3.405607636758543
133,42,2.944059200868504
133,43,2.8425574832317118
133,30,3.416676775920878
133,31,2.947189341096953
133,19,3.9912490456017826
133,10,3.850250150422322
133,33,3.1673043518486366
133,12,3.2127814613741545
133,28,3.4570202622875597
133,27,2.744053134481415
133,43,3.05984570616783
133,39,3.308620756250218
133,39,3.339298601821671
133,25,4.090417972143631
133,45,2.8388906594459984
133,27,2.6532081905727316
133,8,5.573595712244714
133,17,1.6951693010587285
133,28,4.304432686496817
133,42,3.408055105689566
133,28,4.476182046270248
133,23,4.774923863541991
133,13,3.0634261818629946
133,31,2.7763278136297793
133,16,2.326862845438001
133,13,2.829133930736699
133,5,2.585732766770492
133,23,3.058738044692239
133,27,5.327731078783735
133,28,3.2940677297717587
133,35,3.048730680264359
133,32,2.992089899026993
133,13,1.7906867822127583
133,11,1.8624237333522535
133,33,2.692555330466694
133,47,3.5499747712504037
133,19,5.711160585637196
133,31,5.68789986808445
133,18,2.9223220260470657
133,14,5.9944321015644535
133,27,3.5784956463288444
133,28,2.9618907414911173
133,5,1.345922720990325
133,3,2.0170244043685823
133,19,2.2113150182408567
133,19,4.2464977394239005
133,34,3.4335483748630775
133,17,2.590644920161949
133,29,3.199943888433263
133,24,4.385712175298727
133,32,3.264465240433974
133,22,4.106103646804106
133,31,3.412146611692294
133,31,3.3031056102568455
147,16,4.183619753352986
147,17,6.227947610222565
147,22,2.3955069131481466
147,26,4.916394567342871
147,27,2.841892223083321
147,28,2.392498773089355
147,13,3.885244338933689
147,14,3.9091678613427554
147,18,3.3539609054643442
147,17,4.267484078533628
147,8,1.7150324596091713
147,5,1.9116242595426347
147,16,3.104623791100134
147,7,4.149702911236067
147,10,1.8634527423509688
147,16,2.906631329510849
147,5,1.2644486582060943
147,8,2.105164898686122
147,21,3.233855781998987
147,17,4.40985279858503
147,14,2.2821449537006595
147,15,1.8804403753873
147,19,6.074594905384568
147,17,4.518635225442105
147,16,4.128390631856487
147,15,3.454316900467113
147,28,2.667077599317835
147,21,2.348740610964984
147,24,2.759148179563103
147,35,2.268689153552238
147,19,5.464520192494269
147,14,3.7928016788741306
147,19,4.036170066658181
147,18,8.205109211179924
147,12,2.9697737607900554
147,13,2.9665339596316467
147,37,2.9203657828786813
147,22,2.4851287195022334
147,25,2.3424598845989446
147,26,3.048908313837572
147,20,2.364272020751119
147,15,2.439830003495145
147,27,2.836506484758237
147,21,3.667207050192782
147,20,2.278063066249667
147,20,2.2250800500730965
147,29,2.954780246247621
147,34,5.715322804551898
147,38,2.596754919915619
147,24,2.5259155315353072
147,35,3.170613352077643
147,29,2.4115344308308653
147,13,2.365469785205255
147,19,3.113801990174309
147,32,6.648906662314869
147,32,2.7096185622198568
147,17,4.091291037021406
147,21,4.033870202617399
147,19,3.9182115635434047
147,30,3.3712942790791782
147,18,4.27079475933668
147,12,2.816491328924959
147,6,1.8702316274112902
147,9,2.1495090457755412
147,18,3.022585068946991
147,21,3.2137256162772694
147,33,2.807476763995719
147,32,7.815509183542546
147,16,3.0657585094757693
147,5,1.4283732166960306
147,26,4.646224156351993
147,26,4.107601626907282
147,24,5.711159479269723
147,29,6.4307035240235875
147,15,2.816943283621778
147,16,2.664442608338207
147,18,3.4323652783002903
147,16,2.3097413517583107
147,4,1.8236639434180433
147,14,2.109615558735403
147,18,4.32043266256922
147,32,3.008989712974542
147,27,2.441295054648997
147,17,2.168840938995387
147,16,2.2262281256532765
147,23,4.247377110460149
147,26,3.369862787007601
147,21,4.353289745986983
147,27,5.047414819059572
159,19,5.853974098718274
159,15,2.5742249206651513
159,26,3.026858339239819
159,36,2.940976426475684
159,36,3.925188244136851
159,20,2.2173014043957466
159,28,8.71428592998297
159,14,3.491434282842749
159,21,2.4474173016790473
159,15,4.655526584764786
159,6,2.155793296729665
159,8,1.968985371720046
159,23,2.399348881359347
159,20,5.450139181064765
159,21,2.9582705991345617
159,18,2.033810989996753
159,12,2.4635338658161956
159,14,2.462056093106119
159,18,4.5384901709601015
159,20,5.309247298754828
159,14,4.100817538343678
159,26,6.785497523017037
159,24,3.5010801613962546
159,30,5.0074715529941916
159,17,3.826764980881062
159,15,5.575189117664969
159,22,2.859220231860883
159,14,1.9977570313845332
159,24,2.263900071224025
159,23,2.0238109219620273
159,19,2.9652392886922208
159,15,4.051637698918464
159,20,2.1963162530017017
159,18,3.3793036401780796
159,19,3.908480740258746
159,18,4.152652454831413
159,36,2.062975447432523
159,27,2.6580667650561236
159,27,2.9572321042707044
159,32,3.5816795716154246
159,13,5.076693249104993
159,17,2.4912003931372255
159,24,3.1325555156371276
159,17,2.342594970414201
159,37,4.631058677617046
159,16,3.4054361843811183
159,38,4.8484591429979895
159,36,2.898814899844716
159,37,2.800298790851263
159,23,5.804211119757081
159,31,3.0846096060233448
159,25,2.3606563076441027
159,5,1.742825697304189
159,13,1.6287959750730245
159,33,3.47920890075201
159,39,4.421844049784511
159,19,2.732324971616778
159,19,3.4723232013459264
159,18,1.8650520749879826
159,34,3.134861117365301
159,9,3.4161026973746633
159,12,2.3492377874018637
159,9,5.736993099055864
159,13,3.395729260566907
159,13,4.107979083882066
159,18,3.0304154750267265
159,36,2.9899469907847744
159,33,3.2251780296859285
159,11,2.33172888606688
159,4,1.0251276538564902
159,28,2.710939621102299
159,36,3.1081171848233127
159,23,4.761402666266845
159,38,3.8246729125684116
159,16,2.2891344093799297
159,15,3.862969846564136
159,10,2.4822559669880397
159,23,2.6247656986087073
159,1,1.0
159,1,1.0
159,24,3.5433675752625016
159,18,2.4400662283315167
159,21,2.726647095282157
159,22,2.141956908740051
159,21,3.877621042602705
159,23,2.9204174416861726
159,21,2.7674968310551824
159,34,2.973283771040973
159,36,7.332057339467004
159,27,6.542955878687157
164,15,2.696149889898753
164,22,4.660237991931984
164,31,2.363848313785598
164,27,4.21585596385336
164,24,3.1592254331801195
164,34,3.6266519751816455
164,25,3.28781103859433
164,26,5.625758785424503
164,17,6.524477516045742
164,24,4.720921187625234
164,6,1.748526959161065
164,9,2.040797921646252
164,17,4.708817112735087
164,17,2.637847578109352
164,16,2.923509550021996
164,23,2.4115085420547646
164,12,3.193519335351581
164,8,1.8784405848270238
164,21,2.41368453232834
164,14,4.096346249588816
164,26,2.92992728573248
164,28,2.2753887903199015
164,27,3.491588666067572
164,15,4.071810921974463
164,10,3.0573297709095417
164,12,3.9199026557663994
164,24,4.809852337305458
164,21,5.606182434541572
164,22,3.284930063335121
164,26,3.5249405724382252
164,22,4.6880782422953935
164,17,3.7245813303521844
164,20,4.7335682707169795
164,18,4.300233281884225
164,11,3.164824980183848
164,20,4.203886331376786
164,32,5.283709174004024
164,32,4.187904724649271
164,26,2.418674997748999
164,28,2.422993239918694
164,11,3.0949560562448206
164,19,2.64581444726485
164,28,2.6995674349001577
164,21,2.780244106817952
164,35,3.175978339722425
164,29,3.2271995566438108
164,33,3.4360924918718156
164,41,4.056238884730904
164,43,3.7679667313795018
164,25,4.0581851509912745
164,34,3.0608661721766737
164,34,4.039171451522086
164,15,3.2623549583926663
164,15,2.7266111640319144
164,24,2.323634853588279
164,35,2.306472093966819
164,19,2.9049191155394105
164,26,4.863108739348358
164,17,2.655965956626147
164,21,3.518929854083774
164,13,4.142844441230698
164,7,1.9168159297205245
164,7,2.072398916390117
164,10,1.7278637470644709
164,14,10.133512545040613
164,24,2.5399863192068493
164,33,3.573364945324324
164,23,2.6651243517131853
164,16,1.9702416546886032
164,5,1.537240601691175
164,29,2.120268306691086
164,33,4.959199983589081
164,26,7.190405800589786
164,30,4.594718277672459
164,13,2.3619057682168894
164,17,6.760564175974677
164,23,2.697596491685307
164,29,3.444122937010318
164,5,1.4401618938298475
164,2,1.200020201510063
164,18,3.373738503486946
164,16,3.4261233580050874
164,30,3.412205538838919
164,16,2.3887655751893426
164,14,2.602612233407745
164,20,4.844064004015043
164,31,3.5007466632322277
164,28,4.3679374568591305
164,28,5.079101818222629
164,32,3.827534826416577
190,25,5.697626390894043
190,23,5.06139364781149
190,30,5.172352239726623
190,27,3.4066205302486177
190,34,4.04068170247196
190,30,2.8424733510303453
190,15,2.5523983132556682
190,13,2.10509602112881
190,17,2.346279319880828
190,12,2.9363924579867393
190,13,4.270929786900959
190,7,3.0376330402733522
190,26,2.455594930248471
190,20,4.80888106923333
190,24,2.8558524017946847
190,16,2.009660414805766
190,9,2.565930132077875
190,9,2.08683960188548
190,27,2.804421162467281
190,29,3.853460644253188
190,23,2.78044091045262
190,29,3.7601028759982937
190,19,3.3501712761198004
190,24,2.462596076399241
190,11,2.89715548625872
190,14,2.227445089675537
190,21,2.480740434311328
190,29,3.1201107677670783
190,27,4.677829407556015
190,42,4.750053446807766
190,13,3.697261941122914
190,14,6.8888719248950085
190,21,3.315193275877638
190,20,5.546751368157308
190,12,1.9659363948718915
190,8,2.0937122102623267
190,33,2.564290476714072
190,46,2.993756469128131
190,35,2.045437189408357
190,26,3.1921619886897314
190,5,2.219780373672849
190,15,2.971136772316707
190,34,5.398583419166733
190,24,2.3586558267365256
190,22,2.570136922613491
190,26,8.25180144521954
190,30,3.7897607784434473
190,33,4.432040456903419
190,24,2.8337799835268846
190,31,3.4896755389869063
190,42,4.322093437866568
190,32,3.70704210868389
190,19,2.9008556549336912
190,14,2.928769258173437
190,34,2.3342897777148472
190,36,2.819362119149729
190,25,4.04826692155813
190,17,2.551668348681484
190,14,5.4627721959138755
190,30,5.058716010927412
190,9,3.2218428539488806
190,12,3.7536138970475967
190,7,1.6569463244481466
190,9,2.4593907161311086
190,11,4.125374597499693
190,11,3.6656997046824564
190,38,2.4271511421127268
190,35,2.301409022594668
190,9,1.7885574806698745
190,7,3.3028168409229806
190,34,3.6742795248186897
190,41,4.575378521740567
190,27,9.218897394362143
190,47,7.117516343498532
190,11,4.252910060399394
190,14,4.810781351050485
190,16,2.8135201313447147
190,18,2.610008311293326
190,21,2.245955418627958
190,20,7.142159288437184
190,26,2.1319567141299065
190,20,2.008345118401742
190,19,4.463537368692584
190,18,3.603212810568641
190,28,2.911719433229715
190,26,2.826418270377693
190,26,4.766298718114436
190,28,4.8668337783411015
200,18,3.137458770365893
200,22,3.4653025558280848
200,26,3.132230124833964
200,36,4.502228770417661
200,35,4.703668939677099
200,27,2.8712027222533036
200,19,3.6768159490734558
200,23,3.258084626607138
200,25,2.989509650465892
200,32,4.045042749640501
200,8,2.1208919282840086
200,10,3.7587562485547954
200,28,5.1567515651834075
200,8,3.2166391118861024
200,18,2.098348146979543
200,16,3.766852359361295
200,11,4.08242387661675
200,9,1.9485271433185483
200,15,1.9584376739033242
200,23,3.601960843073109
200,13,1.8578247448124325
200,24,2.480332314000516
200,27,2.929147099297033
200,23,6.54396338610859
200,13,5.096865218413546
200,13,3.083804343276707
200,19,4.227290282102378
200,24,3.7773752255167232
200,26,2.2737450554537038
200,32,3.6828460607275826
200,21,4.025541147396673
200,21,4.260253569851645
200,16,3.714232758973961
200,17,3.0232804121300916
200,8,5.9803334603407725
200,10,7.332943271276087
200,28,3.07890282342944
200,41,3.44436752195525
200,32,5.89836599084961
200,43,3.274750866971903
200,20,2.817062538417839
200,28,3.1826634567780783
200,29,2.287485027509558
200,31,3.0174826754584068
200,28,2.606522105960302
200,32,3.3076389465965303
200,34,4.131727237082872
200,34,3.5208720599514067
200,35,2.641640238663488
200,29,2.599730994812191
200,25,3.424308881747432
200,31,2.625883528474079
200,4,2.548744357087117
200,10,1.8278947730466486
200,34,3.004015460979465
200,34,3.0557100263665884
200,22,2.4336923235978105
200,22,2.6837723529482136
200,18,2.1377995543858925
200,20,3.3102053619820477
200,11,2.493149345342527
200,6,2.63710964176917
200,18,3.9558008625817966
200,11,2.570776162475298
200,11,4.520246749864662
200,18,3.900925718286065
200,35,3.7945095132976685
200,26,3.5789964818078115
200,10,2.258667277212397
200,7,1.3130553812373564
200,29,4.288146346256406
200,27,4.6158065424956165
200,38,5.12781794973661
200,27,3.129949382387035
200,19,2.9348953646344995
200,17,4.270917097306809
200,28,4.514879148720174
200,24,2.1033081957040722
200,9,2.5726645914510526
200,3,1.3861876286638566
200,18,2.875232070279179
200,22,2.6448096756945203
200,17,3.4686521938841923
200,28,3.9234269109181708
200,21,3.959975749372858
200,23,4.3460785544979466
200,20,3.536782402232056
200,23,3.394267193600064
200,32,5.895546837720036
200,24,4.240240514697057
206,18,2.290515037609618
206,23,3.7896041805294374
206,29,3.302542546666277
206,34,4.302619348857943
206,20,3.329662344337886
206,27,4.455455598669313
206,20,3.892344116322736
206,18,2.8897113855911956
206,18,3.042899679306579
206,21,2.8903069923427736
206,8,2.3215203797617283
206,10,2.9721267683217514
206,16,4.811465438664047
206,22,3.348956358888952
206,29,2.4302818225214815
206,26,2.5032813531695863
206,12,2.7847062462833527
206,14,2.922376215793798
206,23,3.2475941547198466
206,21,3.2822726515836425
206,17,2.3906273935498166
206,24,9.06675838354543
206,25,3.072558354638832
206,23,2.6441624824426304
206,16,3.9557911954288287
206,14,2.1061494236465936
206,30,4.960622537318808
206,20,2.106563564962174
206,29,4.543846741483184
206,23,3.2855889087997574
206,23,4.972406897558681
206,20,3.9687295614692806
206,17,2.767786843308391
206,26,4.161316758771473
206,19,6.662329009789065
206,22,4.317686525414272
206,34,2.9941078237071066
206,31,2.658013993776129
206,29,4.952920164523366
206,40,3.1473818127401496
206,17,3.7333382230786625
206,16,2.4076440523350673
206,22,2.498697569423306
206,25,4.6394053368569725
206,25,5.337126324009185
206,22,2.2376220473324797
206,32,3.928848834466173
206,33,4.115371355319899
206,31,2.9401756561311743
206,36,4.524552108036235
206,37,3.9579848656623224
206,30,2.635735089620351
206,8,3.016187326733143
206,9,2.9422574591634607
206,31,3.53985205319707
206,35,4.380567612125539
206,23,2.7575971379429243
206,18,2.3790176896879136
206,11,2.4439931371418417
206,29,4.0536951347762
206,8,2.060630964423987
206,11,2.3080414301328265
206,7,2.0274907322730114
206,12,2.9443228293451584
206,10,2.5490552418892616
206,28,3.214551012009381
206,46,2.7929036466614625
206,31,5.700292371479912
206,20,2.5618063139939573
206,6,2.3971050090717143
206,25,2.7358329541009168
206,25,7.818765519763666
206,19,5.203726410640692
206,25,2.4797169208478187
206,18,3.8500920620976546
206,10,4.1825703625748485
206,24,1.6554835390946503
206,34,2.7147101765138544
206,2,1.2111029948867786
206,1,1.0
206,18,2.271446098768893
206,14,2.8142742257859714
206,28,3.398263299303807
206,30,3.150097434154202
206,14,2.328723774856323
206,11,3.3790535501318706
206,44,4.415952399198972
206,37,3.736918331613374
206,16,3.5006678636467647
206,29,3.9379232680838148
214,22,3.5049910351237434
214,29,4.6076943223300875
214,42,4.737483798745454
214,22,4.791715069178355
214,32,3.3242604212526348
214,22,2.7676371808327374
214,20,2.7815172525051226
214,16,3.118004859125523
214,18,4.0231837060233975
214,20,5.671795648197343
214,11,2.028173495120036
214,12,3.3160399494950576
214,17,2.696112714279296
214,14,3.4097125423233763
214,15,1.9882939216784523
214,20,2.6058814806768344
214,8,1.997399359455734
214,5,2.6871083530509385
214,26,2.4320411576222076
214,24,2.4364079838369324
214,22,3.8242913976600845
214,27,6.392413338857152
214,22,5.1566217206562195
214,25,5.780069706705857
214,17,2.9918804861002632
214,18,3.0918575020120405
214,23,2.332985703155608
214,26,4.366385409739508
214,21,2.7814257524895085
214,25,3.6420124942636516
214,17,2.733942289712181
214,17,3.229929063679605
214,12,3.1691315058245686
214,26,3.8703338245746535
214,8,3.6273956025463994
214,19,4.045047836031014
214,30,3.6627576900571275
214,32,3.2513132154748687
214,30,5.117669831413206
214,40,2.7543977729774625
214,13,4.700507222244106
214,11,2.200435746451205
214,24,2.799182684048857
214,30,2.565224892293186
214,22,2.1277139420262885
214,17,3.2064833481285877
214,40,4.911849187371367
214,34,3.2016573815215468
214,40,3.329613754453566
214,26,3.513571245536628
214,38,3.650409277208873
214,33,4.376844394206527
214,6,3.000225415610031
214,16,1.8071807504345643
214,29,5.183380470364605
214,42,6.1154644011626775
214,20,2.0263366565467495
214,23,4.122544942944511
214,18,3.5182099702520717
214,31,3.1036089238442983
214,22,3.0855321146758525
214,8,1.964334353383857
214,6,1.6675100238178888
214,11,2.8451881256068834
214,13,4.670835229721882
214,13,5.468451500395047
214,47,3.4031059550037317
214,44,3.0424718263176342
214,12,1.5269654344597996
214,11,5.540605364235852
214,25,4.12608139052455
214,29,2.7589002576420296
214,20,3.4465939405296417
214,25,4.680994037565454
214,14,1.9443654041240914
214,11,4.778528070065707
214,9,1.6145850923843694
214,24,4.344816409807342
214,3,1.0102530612244898
214,21,2.988348151896634
214,18,2.631116933570979
214,32,5.627905578838201
214,30,5.584343423060478
214,26,3.9325526114092617
214,20,2.275755355188173
214,38,3.860288335799408
214,43,3.814238918574941
214,24,4.370353353860335
214,28,8.52657276136118
225,24,2.5836732271824654
225,22,4.4329382824989425
225,30,2.7347894429089625
225,30,3.3149921862696328
225,21,3.3360420871855383
225,29,2.700553673174005
225,14,3.394537342511885
225,11,2.403547991121686
225,20,2.2292317851287993
225,23,2.7930168139779203
225,18,5.6876168315956015
225,11,3.0815806999033617
225,20,4.629551111170742
225,16,3.6772732999955955
225,17,4.770959598732443
225,22,1.821813926476061
225,10,2.836003308134049
225,11,2.059320027177826
225,20,3.692731882532381
225,19,3.2270817181302647
225,20,2.210696204436047
225,19,7.226223195791813
225,25,3.0581967461640973
225,17,3.0812386651555554
225,13,5.035745724466051
225,13,2.3512175665560524
225,21,2.777551662050099
225,16,4.453362661675118
225,23,6.261925580169693
225,28,3.205110726150198
225,20,4.059469712590952
225,18,4.7140907128734035
225,21,5.10548625241609
225,18,4.512280143951135
225,12,6.6634936956976025
225,19,3.457013359458252
225,29,3.0711870236542325
225,28,4.753648736015124
225,29,3.633519813331001
225,37,3.789688659948721
225,12,2.883525384767554
225,15,3.8020707261642555
225,24,2.0218880019904866
225,23,3.069033272677793
225,28,5.854035179850398
225,25,4.073640338353493
225,33,3.5567441921352105
225,35,5.770191122652152
225,31,3.675024482323633
225,33,3.905221745889055
225,31,2.2450676019425058
225,28,2.3650921134123046
225,7,2.1121727887617068
225,7,2.0498198488741854
225,32,2.7956768708759028
225,36,3.9542424943849914
225,22,3.6756492251010733
225,23,4.266119410152775
225,17,3.8066405110919797
225,25,4.149033562939645
225,11,3.5462019154453914
225,5,2.295161904837986
225,12,5.6605073401909785
225,6,3.49012358573575
225,9,2.6989376426378895
225,17,3.474626708818924
225,37,4.577193593532621
225,35,2.1708666796322724
225,9,1.930306490722291
225,6,1.851580507453594
225,32,3.970340215219841
225,29,8.521340114413235
225,26,5.7892051815672465
225,29,5.9689463069215565
225,8,2.128939857379735
225,19,3.5604669002893594
225,16,2.270321842915527
225,20,2.602457747091899
225,1,1.0
225,23,6.333157715060836
225,9,1.5861516096354762
225,22,3.000749211604641
225,26,3.8047340511503065
225,17,2.537671759892283
225,14,2.1046556922717716
225,26,5.938416129445646
225,35,3.1639843374950667
225,18,3.6282351227549166
225,22,3.3241228201373167
234,24,3.258960379362862
234,20,2.965567081748411
234,32,3.0065500128826175
234,31,2.8096522624345055
234,36,3.7619587102391896
234,31,3.2342205780448228
234,28,3.848752287885216
234,13,3.068171503940964
234,30,2.887046180925617
234,20,2.8820054083288262
234,6,3.616993780811013
234,17,4.921805939876775
234,25,3.728398599516816
234,21,4.760934353381729
234,28,2.1976857461624864
234,36,2.481592687481419
234,16,3.107292344467813
234,14,3.318576560575395
234,15,3.076595855721277
234,22,2.672085675100312
234,19,4.48046806931666
234,23,4.473777214600423
234,29,3.7228092232341288
234,22,2.6079928414509825
234,33,6.693951393473367
234,14,6.124995620242364
234,33,4.689140914808167
234,20,2.9078262301941646
234,20,3.395542139229231
234,23,2.471380599272339
234,19,3.844963551835506
234,18,2.8464270434428873
234,19,2.9879470294766914
234,23,5.810055708037286
234,21,3.2480558552451466
234,14,2.7782385180321776
234,35,2.83716172232817
234,32,3.626395142479141
234,26,1.8801213286291025
234,33,2.6702309837343683
234,16,4.482907267242635
234,18,2.6429949693396804
234,34,3.4897423344535192
234,18,3.087376467039522
234,27,2.5174844311719315
234,23,3.0690434778904034
234,22,5.578986046107792
234,26,3.2323603038031883
234,33,2.2674421577213253
234,18,3.6226660718090775
234,29,3.2415828931264397
234,32,2.530464035552615
234,5,4.40974146747552
234,16,2.292270918535965
234,27,2.4306362845026017
234,37,2.428871553679495
234,22,3.328935192206803
234,25,4.728263811539227
234,18,3.777243933810401
234,39,3.367863450822407
234,11,2.6742835927442252
234,13,2.552543007217749
234,9,2.340200409772559
234,17,2.380752962465825
234,24,4.8302071566889735
234,19,4.895782005674618
234,40,3.4749194115222504
234,36,4.331348593834505
234,17,2.2516656559348807
234,5,1.1111535766861618
234,31,2.7973046630591596
234,24,5.169100374619408
234,21,3.780771419036779
234,30,3.8991098968931026
234,17,4.746141248908757
234,11,4.522281775397143
234,16,2.6327957015089494
234,14,3.161022206540189
234,2,1.6978780334976036
234,3,2.3217540611059677
234,26,2.569647249802412
234,19,5.43451048528684
234,36,5.21271818697276
234,27,2.6290958710961356
234,19,3.402109272525134
234,18,5.853799124792515
234,34,4.56647234988419
234,24,2.6037525121680427
234,29,5.135931464393069
234,28,2.9835111426829535
347,12,2.7071519131839965
347,24,2.5710712290167814
347,35,3.254342981137646
347,41,4.501212960115391
347,33,3.197785298051675
347,21,4.243472068450913
347,22,5.959285729096238
347,24,2.630833147921599
347,19,2.9794265126661053
347,25,3.3033092803478006
347,10,4.138672581705135
347,12,3.6966397326024314
347,19,3.6412922165676864
347,16,3.3720302261911668
347,41,3.896030121423275
347,21,2.690003377358153
347,6,1.6539814945808429
347,10,2.4665634001279972
347,14,3.191993357227236
347,23,3.966826390586874
347,22,2.5164377874066326
347,16,8.966845362114208
347,15,4.306095685213793
347,17,4.675082964019695
347,16,3.5286420835950882
347,11,3.599709954029772
347,35,3.9508951858920858
347,19,3.98428382687436
347,24,2.9352518553328175
347,27,2.5611764029093336
347,21,4.2351931363534945
347,20,4.304440360145897
347,20,3.733112800255504
347,22,4.729877935398678
347,17,3.989142798536708
347,13,3.1539536069140675
347,42,2.5588040616580576
347,45,3.6966590629774627
347,20,2.0988498632342822
347,45,3.247165066974236
347,24,2.099697213296477
347,18,1.8513239672108885
347,25,2.734085285112996
347,23,2.870549816189198
347,20,2.7830955413905545
347,22,3.7242475022760084
347,28,3.2143543118541382
347,31,4.3808037871624235
347,27,4.367210998261359
347,17,3.010003203074091
347,41,3.087090428598237
347,29,2.3855558203585847
347,4,2.074955056405719
347,11,4.141823009627957
347,22,2.4198320448196617
347,47,4.287108085447805
347,23,3.1938552576280896
347,19,6.733680397604502
347,18,3.3758192382431003
347,28,3.7725839775209047
347,8,2.7379604197904284
347,10,1.6784630009014614
347,12,3.274639663814646
347,7,3.05527893365264
347,16,2.710089441865539
347,21,2.641422858029198
347,31,3.7569970806087274
347,21,5.878156355569703
347,10,2.682534095200433
347,6,1.5857010213204215
347,29,3.427348425786042
347,30,5.0041551629989485
347,33,3.430697560495605
347,36,5.0772899578100485
347,18,3.803042082228388
347,19,3.82540832713423
347,28,5.334629343993821
347,32,2.0093191159350443
347,5,1.733674740484429
347,3,1.6492578943307994
347,15,4.075397909487777
347,12,1.4891592938962797
347,36,4.537226857203136
347,31,2.9856113292873077
347,18,4.8948711392056685
347,18,2.9133105781255217
347,37,3.0623404294471244
347,30,4.063512719450315
347,26,5.153843923120176
347,38,4.835950558643929
357,13,2.958833963086969
357,17,5.015088384373081
357,38,3.289803858750387
357,34,3.821718294084344
357,26,2.735763524370977
357,21,2.6606050788463946
357,18,4.536229970378811
357,19,3.893695343886491
357,17,1.7980353540311065
357,14,1.9848475576487652
357,8,5.6807339110001145
357,7,3.146003814321246
357,19,4.212901265802713
357,22,2.0729126788175805
357,23,4.283851131448862
357,29,2.4101310552285846
357,11,1.9819976812850466
357,11,4.712479806289582
357,22,2.41587029330137
357,19,3.9223346050021886
357,17,8.204855882736608
357,17,2.6135091697427026
357,33,7.288070723169116
357,28,4.592827287428037
357,11,3.0308554080383563
357,15,3.304483769677812
357,22,3.4005673739707074
357,14,2.3092377536308883
357,29,3.6474268357193917
357,31,2.4380951553912005
357,14,2.4502719934725796
357,18,3.9824182284070826
357,16,4.6896140284015395
357,24,3.6370133073358675
357,12,3.5351214985746684
357,13,2.4603458702919037
357,35,3.7680544294418565
357,31,2.6148225744653795
357,30,3.999694971159716
357,44,3.035922485354943
357,14,2.8796474352198325
357,11,2.246293358238065
357,31,2.953600587604635
357,26,3.7220648223041786
357,32,4.68989865248534
357,35,3.7117910490750075
357,42,3.8405991904541708
357,29,3.9078758611882556
357,31,2.41888855515554
357,23,2.7021799821457795
357,27,3.835351179656563
357,14,2.3657268270513
357,4,2.070831955922865
357,8,1.7847382323350447
357,22,4.777846659429833
357,31,3.373978054924781
357,16,2.2320543842060263
357,14,3.0664360315096215
357,17,5.458823032370592
357,30,4.897261433222946
357,5,2.0905848474712405
357,4,2.2288731208623576
357,7,2.5942027644948458
357,4,1.8689773612354836
357,7,3.0710211347058363
357,16,7.296503257449078
357,43,4.02818867677692
357,33,3.5592370937127864
357,11,1.6670286203324174
357,5,2.0109571390649483
357,29,4.799416390310728
357,24,2.3413181176039375
357,27,4.801227241981661
357,28,4.907976704755644
357,12,1.8220111431659993
357,11,2.1713822091079353
357,17,1.8951018960834438
357,30,3.961071680570152
357,3,1.3799008969907407
357,8,1.7289727629692375
357,19,3.3379487238376715
357,23,2.618636043037151
357,24,9.769923022423152
357,30,2.2660792963640484
357,13,2.1392751712382148
357,24,3.1069895718644225
357,31,3.4799915368575287
357,27,4.284291911876303
357,15,4.358116095221115
357,29,3.009542110059092
366,17,4.578109633781712
366,14,3.2282521283939194
366,30,3.8211870486345028
366,30,3.0468643546380405
366,31,3.9293787718999926
366,29,4.843260793782776
366,22,2.016423223814951
366,14,4.212658322933765
366,16,3.482036877145497
366,22,4.502658062269297
366,10,1.6733933512475667
366,11,3.483506805006434
366,14,1.9022541937343695
366,17,4.587420649348996
366,26,2.540229169904008
366,28,3.5863619326390657
366,11,2.903587471844862
366,9,2.391220108562766
366,18,6.850456545780923
366,14,5.023620759724445
366,26,3.8642156469708793
366,22,4.332307567431448
366,20,5.44329705437507
366,20,4.676656887755102
366,11,4.392769313988489
366,11,2.5794455129218647
366,26,4.423272093762594
366,24,3.3729694115531226
366,21,2.732227559890926
366,23,2.3069939055163617
366,25,4.841241456276856
366,18,3.038299703311456
366,20,2.7107459353941694
366,21,3.132328801003338
366,16,3.3745068385557815
366,18,7.0616349856794125
366,34,2.4215911199338285
366,30,3.585666750970685
366,19,3.84319584114019
366,24,3.197247454119622
366,17,5.427824250285713
366,14,2.044322407004623
366,16,1.8152226214724745
366,29,2.693007468569376
366,26,3.11351981156828
366,19,1.9507815710590195
366,39,6.191909532298783
366,41,3.0821461989253516
366,38,6.269796892998931
366,26,5.1922417314244775
366,39,5.012356487957451
366,27,2.40820031704223
366,15,2.85179571487117
366,10,1.8952535991915607
366,26,4.2197320212139955
366,27,3.038213999146085
366,17,3.2195172059514374
366,22,4.6281271193103715
366,12,7.04191915880996
366,38,3.5481576333180667
366,13,3.736540635937464
366,12,3.308472658246923
366,5,2.889005472248329
366,8,1.4786118251805476
366,9,2.032732191785661
366,14,3.551308495041814
366,30,3.255047603779132
366,29,3.253618817040263
366,12,3.847827716723329
366,6,1.6929853842483993
366,34,4.147122476966288
366,30,3.6979625795544684
366,18,6.0210003410015345
366,23,4.005715288678441
366,17,4.621845831806876
366,10,3.9394065243265337
366,20,5.329336139029525
366,23,3.352801888688098
366,3,1.0384187351816907
366,21,3.282964145153618
366,14,3.1732501723758713
366,27,4.177355917813335
366,17,2.1505966744171423
366,27,4.610779411404675
366,22,2.780034246815191
366,34,5.280103613254219
366,30,3.5002608525276493
366,27,5.824170719897476
366,25,4.731860073188769
371,18,4.7460745520148695
371,21,4.249356326574724
371,31,4.313236671592863
371,35,3.5200843624605915
371,29,4.357645844908627
371,33,3.4571108827067905
371,30,4.441958247674134
371,22,5.086628086440681
371,14,2.3891309854642806
371,27,4.633065078672045
371,8,3.2344723948357346
371,16,3.1482880382147336
371,33,4.262107069086614
371,25,3.207448397658618
371,28,2.7323727522829038
371,23,2.9337950113083515
371,9,1.62287704303249
371,10,2.8723138133597783
371,24,2.512368008680303
371,21,3.887792856053736
371,23,6.015783023629108
371,19,4.29776962814952
371,28,4.077733584226655
371,32,4.846582586317999
371,24,3.2456357497835557
371,25,2.1036410854819705
371,29,3.553651910223668
371,29,3.2767014559916325
371,33,3.985634549571211
371,23,3.754842267584877
371,18,3.030861865066593
371,19,3.6533941308922646
371,17,4.481696677952992
371,22,3.4292938820072636
371,20,5.7876624746913885
371,18,3.0630642344626264
371,33,2.730008838460441
371,31,3.8735924979223286
371,29,5.284521762776452
371,29,2.964422738256261
371,15,2.9974444445428987
371,16,4.486176210334708
371,31,3.207569557114906
371,14,1.7989607080976153
371,32,3.157878912198676
371,25,2.9554028693262238
371,38,2.7895957690107416
371,43,2.4742490445948238
371,37,2.6075907518763843
371,27,2.34406840391663
371,47,3.5162200330284863
371,32,2.6031041922362026
371,11,2.7295552083467287
371,15,2.8428189392725525
371,23,3.4631350247573516
371,34,4.424193089620669
371,20,2.3292712328517737
371,15,3.665771154369684
371,15,4.3673724047921665
371,35,3.1062452143383794
371,18,4.841324745189868
371,5,1.2351154415369383
371,8,2.2426997881339514
371,9,2.8242246092804955
371,9,2.527916330767185
371,20,3.653390431666566
371,45,4.118916762720827
371,26,2.3896173343889586
371,19,2.8500091761773763
371,9,2.0432143370277256
371,27,4.10925114478973
371,24,3.2339168583935
371,24,3.887065495386759
371,32,4.362369438281122
371,24,2.130941421457673
371,16,2.030735083428873
371,25,4.8847436136737405
371,32,4.730661383029015
371,2,1.188173724484477
371,22,8.016277378580664
371,17,3.3948430830369234
371,29,2.9094167748545097
371,32,3.3840396721891337
371,21,2.425042427132965
371,26,2.490225424956664
371,38,2.3029413238549794
371,26,3.7030162833900633
371,30,3.34192990339191
371,24,4.198670364269462
411,11,2.899473846469287
411,17,4.036744353904039
411,37,4.051041974399355
411,32,4.059889998460358
411,27,2.718680234336409
411,32,3.8753896861873556
411,25,2.8458747239758813
411,12,2.593262288851515
411,25,3.3999209227053897
411,9,1.674594680565427
411,8,3.332226000285328
411,8,3.8225345181466377
411,20,7.525812621494118
411,18,5.722719363507139
411,21,2.5714392115508518
411,23,3.1877785475616003
411,9,2.971329052989885
411,11,4.776170801449821
411,24,2.4342426553289798
411,22,2.807138445550071
411,16,3.7261993103775617
411,29,2.194697581536888
411,25,3.183915841898255
411,17,3.360953719659022
411,16,2.944182251436233
411,16,2.90762622823766
411,24,4.734613744921986
411,23,2.7222552873045873
411,31,2.530914198655312
411,30,3.870512443629044
411,18,2.519747205450418
411,19,3.441108771494914
411,19,3.369240780857121
411,22,3.4363348070296693
411,18,4.0426378152398685
411,14,2.2051019480381813
411,31,2.545606813383989
411,42,3.0014847983830446
411,23,3.0513869454893
411,37,2.9557399363850445
411,13,3.1529148578589785
411,12,3.5756873636183295
411,24,2.978972528467542
411,25,4.768035910284
411,23,2.410567116549605
411,16,2.193713888664144
411,42,2.752816563517059
411,42,4.0843100168079935
411,33,3.2792792438380807
411,23,3.1264779241837846
411,42,6.484945287316378
411,27,3.6597379301012696
411,17,2.831476695513012
411,23,2.1741457871584884
411,27,3.959317942515147
411,27,2.6914689635609035
411,17,3.5383275256089117
411,16,3.5978171356198745
411,26,3.6524626167037213
411,33,2.7310633124570676
411,8,3.2303610699961984
411,5,1.3870113074760229
411,8,2.5014419609946716
411,7,2.5229048815498625
411,6,3.4145666658640463
411,20,2.690443861625827
411,48,2.1219373679126226
411,31,2.8428753594736493
411,13,2.7562900080549753
411,4,1.903901766360286
411,30,3.8528614036140594
411,33,3.8855945392928883
411,24,4.523072207934205
411,28,3.0991246434681714
411,11,2.0756079015159417
411,16,2.1504177344339057
411,22,2.38469357985631
411,22,5.534063274157036
411,5,1.3181646140856553
411,1,1.0
411,19,5.65809150559736
411,15,1.9847812533123992
411,21,2.3879244755368307
411,23,3.236359702315495
411,27,4.081965047905017
411,29,3.5320566543129597
411,16,4.576428124429802
411,25,4.255393990315974
411,23,3.2106234791027335
411,27,3.7923476497657176
429,27,3.9062802520564266
429,26,3.8071873131656964
429,27,4.8617261419438185
429,34,5.6309352929349
429,32,3.2222407112682196
429,19,2.9309193780437393
429,17,4.421439784326
429,17,2.541890466532816
429,20,7.061261455836135
429,22,2.2201920146752054
429,2,1.2085684171368343
429,10,1.8582936027604224
429,16,1.8851581205628638
429,14,2.969820397189899
429,22,2.845952347970854
429,13,3.940261380699423
429,3,1.2261623349122486
429,8,2.7552916360596016
429,17,3.6643125007526707
429,15,3.3005798259219588
429,17,1.7567119965506304
429,19,2.9157730949667324
429,12,7.368151028680592
429,15,3.0636303392557562
429,11,1.8797744947413761
429,9,3.2120540507291473
429,25,2.8596169014956687
429,19,4.036627039160092
429,18,2.920720794292964
429,22,2.8193192095147546
429,19,3.9807356148291526
429,16,2.755122618431237
429,18,3.450862221129597
429,18,3.413239387825198
429,6,2.32444710347337
429,13,2.8868295850621566
429,30,2.1797650654732728
429,25,2.9761943572059013
429,34,2.1904582269227264
429,28,2.0983519254365235
429,9,4.550582168952595
429,10,2.1723912728578814
429,30,3.5842228181702436
429,14,2.70671067248954
429,15,3.34571817819585
429,15,1.7659181556784147
429,30,3.474494813103343
429,33,3.0511254742319145
429,24,3.4023255017525464
429,18,1.8621982467039786
429,30,2.9732154277704437
429,26,4.816379131801391
429,16,3.678355160282583
429,23,2.6564832469334645
429,26,1.847182624946889
429,38,2.0115706305136762
429,21,2.573156344952418
429,17,5.2402416379747105
429,13,3.324887792552042
429,20,6.149101900840869
429,11,2.2630698608555626
429,19,4.371499054702965
429,6,2.914804784587203
429,11,3.0137273582093207
429,9,2.428244941173007
429,9,4.492009964382079
429,27,3.037340976403061
429,25,2.826832944555647
429,11,2.4765839821056117
429,6,2.323977175916725
429,22,2.998336058237832
429,19,2.57031806153693
429,20,4.449082563843715
429,25,3.461072984237437
429,14,2.7021226094955133
429,10,3.2233062229115914
429,15,1.7933695953116862
429,12,3.7673278064872906
429,2,1.0451980903961808
429,9,2.5677016655636757
429,16,4.779949016585969
429,23,3.1560147465835993
429,18,3.283330366039919
429,15,2.7708277173854734
429,18,2.7281607635985194
429,24,3.3151179909162787
429,19,4.330658635526498
429,18,3.5029812412062413
429,28,2.518848664588302
442,24,5.402300956244141
442,18,4.651444350147392
442,27,2.5031369099237786
442,25,5.200177695858708
442,32,6.098589785548888
442,26,3.535674945834422
442,21,2.5754500010092247
442,16,4.966422725777433
442,27,2.248790290080907
442,21,3.1124568792826763
442,17,3.259044229865866
442,10,3.815813925791426
442,24,2.8940188433076472
442,10,3.576981896377872
442,16,3.776523505418828
442,11,2.134494080331325
442,13,2.6825069264443213
442,11,2.5554335140180107
442,25,3.653226982438309
442,24,5.001238473025276
442,18,3.9360610279039956
442,11,2.71318088699814
442,25,3.8569164922174877
442,16,5.147364259171158
442,15,2.994756406730879
442,16,2.9751297093745084
442,19,2.5550820861678005
442,19,4.377472676624644
442,23,2.2117429366079464
442,24,2.396435943489479
442,17,5.268316579422029
442,15,2.3029134074766824
442,18,5.548791888001867
442,21,4.6191764130696225
442,12,5.873585039725628
442,13,3.1222224300791446
442,35,4.300162118097913
442,18,2.866445562545391
442,25,1.899312549687428
442,27,1.702625875681217
442,12,1.7553176915143163
442,17,2.154547149663547
442,23,2.7349902557029453
442,15,2.201703185069436
442,19,3.8113305304321745
442,19,3.3312526143422967
442,36,4.404400659701342
442,24,2.697340140854995
442,27,2.652163573327227
442,20,3.088537038136086
442,28,2.7182933081937937
442,25,1.8746434772536575
442,4,1.5382769333416735
442,8,2.409559387474756
442,20,3.404101314097321
442,28,3.041273780259439
442,25,3.7281307404847834
442,21,3.327766576943648
442,20,2.3149650580645162
442,20,2.5024253770853684
442,10,2.1302591025044504
442,5,3.2109621860824857
442,9,2.6879851947218683
442,12,1.7579807819540412
442,7,3.746892931341512
442,21,3.556380462957227
442,38,2.11461574253808
442,26,2.8982899827985253
442,11,3.03161094854472
442,3,2.578589054362771
442,24,1.726343008331468
442,20,3.484804155280732
442,23,4.204730345532515
442,24,4.4780223217507755
442,10,3.1768423920755464
442,12,4.000146184888041
442,18,3.1616702049206755
442,23,3.032908522478486
442,5,2.826164151925078
442,4,1.1270549886621315
442,23,2.9187781885726602
442,13,2.091833536020553
442,19,3.2482772759885203
442,15,2.148456916126472
442,22,4.637422943656384
442,15,2.99050832661109
442,29,3.868534074329227
442,25,3.0715092431729896
442,17,6.634293954854324
442,25,4.90071928491824
479,24,3.516093277102862
479,25,4.327331219927914
479,34,4.176084085054017
479,38,3.302595500005386
479,32,3.2915985434705477
479,37,5.971235936180203
479,17,2.8096484880304984
479,22,3.258311532347859
479,12,2.177591747663392
479,23,3.212238568863265
479,10,1.760244280528824
479,6,2.7055780438252093
479,6,2.055072495399498
479,5,1.4732764886661922
479,21,3.1452698300852986
479,19,3.680020547946283
479,12,3.196666502393199
479,9,2.0685856852907536
479,19,4.992203460999397
479,19,8.38030492846501
479,21,2.2828837053715643
479,19,3.338015526881478
479,35,9.293148262467012
479,23,9.23282258093932
479,10,2.9539335214187017
479,15,1.7238958141340712
479,23,5.553008616600842
479,21,2.4438069561688067
479,26,3.190540357246635
479,21,2.663845648214768
479,15,2.4979872562819465
479,13,2.931060709890091
479,22,2.2406314154988234
479,23,1.923404605902294
479,8,1.171234201959128
479,12,2.1732043470984794
479,36,2.763492373679832
479,41,2.7762273997291356
479,31,4.205807753055733
479,33,2.3374737435479944
479,20,2.3778936085553823
479,21,2.9942362143346894
479,38,6.351995252698971
479,30,2.546676394479897
479,27,2.5273395367018434
479,18,1.497617862607888
479,24,3.2783416559546312
479,29,12.511604906187392
479,27,3.330395369708593
479,27,2.181894784273961
479,41,3.0464115255779403
479,25,2.7609317615140707
479,13,3.097998623484152
479,16,2.8182196948706193
479,39,4.9430250153312265
479,39,2.7158679267951396
479,32,4.2745693145465
479,26,2.7752529122832916
479,25,3.311153426761645
479,38,2.9640428868352173
479,21,4.432998355052439
479,10,2.359568961285039
479,8,3.279212981266236
479,10,2.412505348281944
479,15,6.4812183851960254
479,21,9.714188946748202
479,42,2.694849479884205
479,38,3.2426261562493903
479,13,1.9191408822469311
479,11,2.249242489743611
479,27,2.069475405857944
479,17,3.0789312405627864
479,18,3.631551977789712
479,20,5.100137633153194
479,10,1.8585385013361433
479,5,1.9230251494837851
479,34,3.064757136197915
479,21,2.288421992300463
479,5,2.534629778484355
479,7,1.2959026061941719
479,12,2.5357407102423264
479,13,2.9053158190024098
479,19,3.1445305960324488
479,19,2.784863800957941
479,22,6.262428283717549
479,29,4.421058535381099
479,31,2.738370756109573
479,24,3.174188656414756
479,39,3.53570402540843
479,42,8.970767300767987
488,28,3.3465321905727925
488,27,2.293250716203859
488,42,2.9114873418046794
488,28,2.9045069740409097
488,31,3.266736466101931
488,30,2.6457738061874956
488,24,2.593685553048448
488,31,3.2001645066620656
488,25,1.9848000725120014
488,27,2.805819216094647
488,14,3.1356160651888136
488,16,2.8915523083571446
488,20,2.1754467908822233
488,7,1.7373720015067327
488,27,3.129673611821876
488,26,2.278121112237559
488,11,2.1201759685124224
488,15,3.2484543768972785
488,24,8.047266391278106
488,29,9.335680112661368
488,26,2.6354066695700076
488,25,2.6931505429789353
488,34,5.195801042095466
488,31,5.8005337012494405
488,15,2.74572102273762
488,16,2.5276990785196527
488,26,2.5947138544264243
488,22,2.9205253874185315
488,24,3.1127216590105076
488,27,2.7544742872898804
488,17,2.799752828966004
488,21,2.837901421390004
488,20,2.0819900861455602
488,22,2.552597159324896
488,13,2.2499561568693784
488,13,3.8331614417479423
488,41,3.3068411452933706
488,46,2.5658531375288693
488,39,2.867544516146039
488,40,3.4929112939191502
488,16,3.975946939731969
488,19,4.135623485380117
488,38,4.546843263279828
488,38,3.7258635618806935
488,32,2.2412480990557198
488,21,2.271476762543253
488,28,2.8455793424917237
488,38,4.513490113694092
488,37,3.0714137172368847
488,34,2.344094228473687
488,41,3.440842485882159
488,29,3.6993775237771263
488,15,3.65211754244716
488,22,3.8015413376740184
488,39,3.2292442510236476
488,42,3.2077943991214988
488,28,3.4680567943283656
488,29,2.6644814473060183
488,31,4.35372954718264
488,31,2.5578531795982973
488,15,2.640904443363313
488,14,2.259396440877068
488,9,2.567313251697046
488,15,3.9143645501445596
488,13,3.724445786443906
488,10,3.1626592322920835
488,44,2.186363573329515
488,47,4.321025424529403
488,21,4.831600136061039
488,15,4.3496340290541795
488,22,2.871529321653079
488,27,2.0420538658181164
488,20,3.3763387340845377
488,29,2.523613582163079
488,9,1.6458425182334409
488,4,1.9892043799372825
488,20,2.103446734194004
488,19,2.0267868523383554
488,12,3.359645733759963
488,5,1.6676143076559546
488,23,4.3800432415730315
488,16,3.4955914925021423
488,22,3.920561250560737
488,22,5.187103051317657
488,34,3.358790874567456
488,32,4.171765579178036
488,19,3.053267780811065
488,23,3.300211646603273
488,37,5.589598539338985
488,34,3.619017033850424
506,27,3.217722938748189
506,21,3.245132643498636
506,34,4.073268976930378
506,38,2.919331487119491
506,36,3.25546542980757
506,33,2.7723776924395582
506,26,3.76898336356482
506,26,2.8816826024668623
506,20,2.529622733084266
506,27,2.2994724156065582
506,13,2.6333436086925457
506,15,2.89266511812863
506,31,2.6794934196030717
506,10,1.9783372109157304
506,23,3.7990900774687733
506,20,3.2242183918021627
506,12,2.428801285402617
506,7,2.849244319022707
506,22,4.760778586821183
506,16,3.9779804304572166
506,19,2.632133954244654
506,25,2.0059656346622208
506,34,7.004600597912698
506,30,8.063686949791034
506,13,2.3192063071359583
506,18,1.9465322573300672
506,24,3.2483991172968496
506,21,1.968251771086482
506,26,3.116083837769626
506,26,3.373559737034171
506,17,3.388080296343822
506,24,3.9030529745039138
506,20,2.253447734709558
506,25,3.475222540646537
506,17,2.134233026757402
506,10,1.8482248447121938
506,36,2.4428641339326576
506,45,2.2468902523218306
506,29,4.055072749596368
506,32,2.624806413381342
506,24,1.8800050299017768
506,29,2.3707434824824487
506,34,5.657074815088385
506,36,3.9639297955482546
506,31,2.495425783190633
506,26,2.2165374107841576
506,30,2.902702016352861
506,31,5.8981994346159485
506,29,2.5379310529728554
506,30,3.6534074407886004
506,34,2.4860088674616834
506,29,3.109609882230385
506,9,5.8280722190144045
506,13,3.3011159279778393
506,40,7.385455344128315
506,37,3.7824355189109053
506,28,4.00766757472295
506,21,3.142588211992405
506,44,3.4539145772513242
506,34,6.035968788753908
506,27,3.890841221774577
506,8,1.9931868243870234
506,13,3.6303135130839967
506,16,2.492947923129589
506,18,5.046523783397449
506,25,7.798062100710075
506,50,4.8466445826161735
506,34,7.17099367209574
506,13,2.040884262991801
506,13,2.5280532836081813
506,20,2.099311335711455
506,14,2.360899504854786
506,19,2.3896508710840156
506,24,3.6277285849997094
506,6,1.4654659881231682
506,6,1.6903841514087339
506,23,2.6750805793161962
506,22,2.5435217600618905
506,4,3.1153915409968462
506,4,1.7610530204335708
506,21,1.9267075379534815
506,16,2.550013867834429
506,29,2.1373139188983092
506,17,2.983900977252366
506,21,2.5773720877159447
506,18,3.830698327358439
506,31,4.435939985925974
506,15,2.385522905659536
506,33,3.741867353688991
506,41,4.219120967548902
531,31,3.9691819360875367
531,30,2.3127369521396224
531,30,5.113379481159407
531,34,6.681581097750615
531,30,3.9813035221135706
531,31,5.219518893831986
531,21,3.0201013213212033
531,32,2.587279842832417
531,18,3.5553729619392604
531,32,2.583596076070609
531,11,2.514037112363657
531,9,4.056577185562599
531,23,1.7512470330695022
531,23,3.7231726397550458
531,25,3.41761464125358
531,32,2.5836076295743697
531,14,3.267912387593209
531,13,2.455932510238416
531,17,4.263981753417989
531,21,5.803498790744258
531,13,2.7478457729099306
531,28,1.6727676704722692
531,25,5.824346668653792
531,19,6.568060067206238
531,11,1.873642033285745
531,14,3.421282453939395
531,26,2.378508303957247
531,18,2.4208337595081852
531,23,2.944827240911511
531,27,2.4292144304625087
531,19,3.9671496450508696
531,17,3.2159948454544947
531,20,2.0455297473844536
531,23,2.357158854989284
531,10,3.072995823229085
531,8,1.9811657246710095
531,30,3.702016539845645
531,36,2.4090348506969232
531,20,2.1587505356239998
531,22,4.289062182722447
531,17,2.518404563692001
531,16,2.1644527189755167
531,37,6.141501402581882
531,27,5.127404686954875
531,14,1.7264534287667637
531,24,2.795929119900049
531,29,3.1023327426919005
531,29,6.72245801822098
531,27,4.009875370707882
531,30,2.3534718277347735
531,35,2.8656571771653456
531,27,2.186010207422781
531,12,5.204514607754127
531,13,3.8497148433502644
531,32,4.05658918271453
531,42,3.239014338875776
531,33,4.28973612037744
531,27,2.424917353530451
531,35,4.724663011841824
531,35,3.652664063325645
531,20,2.8683918733954825
531,19,2.523547750348579
531,10,2.438361993159796
531,12,1.7963815558153755
531,26,8.133192249738766
531,24,6.356876319326688
531,40,5.399937548189571
531,38,6.732037928370003
531,21,1.8785628414156752
531,9,2.1839185644854684
531,21,3.038809814224057
531,19,2.714124968550343
531,20,2.2906951040209083
531,31,2.5503871864667436
531,11,1.3283384530067959
531,4,1.172476624226403
531,26,2.3375389998332294
531,26,1.9980604353931013
531,5,2.0069894214876034
531,7,1.7151358480289682
531,15,2.3082967926553217
531,14,3.4830459938312357
531,27,4.281767390674933
531,30,3.4656808176096447
531,23,4.330685119186676
531,19,3.8793066241039456
531,20,2.684774813594643
531,21,3.1483193509166334
531,35,5.791495113478846
531,36,4.450042603767608
561,26,2.60007986255706
561,36,2.9266356451783757
561,26,3.857015399923607
561,37,3.7634097166783644
561,31,4.442297070069025
561,32,3.6317062882991356
561,15,4.364850724203927
561,20,3.243944310822762
561,28,3.5734773463736182
561,21,3.3045820934634262
561,15,3.348638989879435
561,22,5.160799460929803
561,24,3.0281101289663153
561,36,5.198105274990413
561,32,3.1973433318100923
561,33,2.7173139052100974
561,16,2.1488237251796503
561,10,3.3386860546069097
561,26,6.614150015894581
561,28,5.878768653869856
561,26,5.133239232243341
561,27,2.5683387785897898
561,24,2.5130410944964945
561,38,3.870767849252441
561,13,1.8965312875839957
561,15,2.3153281682044113
561,27,4.216795130002717
561,23,2.8397676298916137
561,45,3.0215499596719915
561,41,3.267881380940198
561,14,3.059584659979526
561,19,7.08704553881033
561,18,3.018558939806211
561,19,2.8749109855044512
561,19,2.7859000056768637
561,13,3.276184664001183
561,41,2.73558779555552
561,46,2.429802567491617
561,30,2.439130902176907
561,29,2.7567253744990086
561,17,2.953323073661266
561,14,1.9510868267608328
561,43,5.8499967266351485
561,25,8.46240937981001
561,36,4.367274609500458
561,25,2.8012334058575856
561,33,10.52819878135311
561,32,6.767108093649416
561,39,8.736083746364983
561,28,2.425139772242681
561,39,5.343890623101557
561,21,3.284932112824384
561,15,2.41192564623704
561,18,2.7686160896671477
561,35,6.321679810168037
561,38,3.202965806298472
561,32,4.441772809243654
561,29,2.2691422233160674
561,34,4.295320823800786
561,37,2.72932540410021
561,14,3.7693343498065066
561,8,1.9393670206301996
561,9,2.5181525263756757
561,9,1.9602994490052859
561,26,7.150478162722755
561,19,4.727077883119648
561,59,3.9871562161013623
561,37,4.277540943019156
561,17,4.423715041938514
561,15,3.4717571584806968
561,14,3.150390798100156
561,15,3.255616885344573
561,34,2.914165298639411
561,32,3.1649790737721473
561,10,2.0779347429854162
561,5,3.117964903315525
561,32,2.5646016082529295
561,30,2.637768502051912
561,13,4.503717954159092
561,6,2.0606493139248347
561,18,2.189049887963266
561,21,3.765555737185145
561,38,2.435517170003388
561,29,3.190473914687519
561,26,2.916355037401745
561,30,4.32133474498205
561,34,4.891235082748287
561,21,5.445798588507681
561,27,4.700674641581259
561,43,6.411757742346063
572,25,2.7626598792618724
572,19,3.0895800832193774
572,30,2.1650164779643695
572,23,3.4198112381256536
572,32,2.331941542942198
572,27,2.9381401482591722
572,25,4.268373932280297
572,22,3.142636926484408
572,17,2.3822651583983636
572,38,5.249287327052386
572,17,2.66639726982715
572,18,3.3645773722654444
572,25,2.381242348215797
572,30,2.542330586815202
572,26,3.234281242390331
572,31,4.313197144182434
572,13,2.8771503237647575
572,14,2.8506660134555983
572,17,4.6099941478935955
572,21,5.2976437249539075
572,21,1.6684807014606151
572,17,1.7453374835304978
572,24,6.614690198764867
572,22,5.08877351644326
572,11,2.1479496379048055
572,17,2.008677387834123
572,24,3.033374282217137
572,17,3.7561048848744285
572,32,4.810130794940436
572,19,2.3184277481998143
572,16,3.367656112100186
572,15,2.535311005319494
572,18,2.3514494709044627
572,28,2.68621882381759
572,11,1.7861573418365453
572,15,2.522502678952984
572,32,2.7864468642840547
572,27,2.429429260340878
572,20,2.850540884969738
572,27,3.7904912799273087
572,12,1.794351619858142
572,8,1.7836674123922514
572,37,7.740711123501878
572,31,10.211351031870873
572,20,2.672542392457943
572,16,1.9582304619284434
572,24,2.6026556852056255
572,24,8.929234689348029
572,34,2.9848920988464642
572,31,2.4001197633707285
572,43,2.6395185762489035
572,31,2.6748964265447492
572,22,3.9925118574019867
572,8,2.772330467101207
572,35,6.724101706500584
572,39,2.537144521718338
572,32,2.2408005565071902
572,18,2.7872824157156053
572,25,2.60470558758469
572,41,3.9439435648523635
572,26,2.954193811787902
572,11,1.646281178855806
572,8,2.271221763344413
572,14,2.2148681157289616
572,20,4.56446603707102
572,26,5.985685792847552
572,51,4.82668488605276
572,41,6.052966901991312
572,12,2.458589566625481
572,15,2.9958520232567016
572,20,1.366436523776356
572,21,1.7796366233578633
572,13,1.9181774822401199
572,26,6.448693656599315
572,10,1.6377605855898645
572,14,4.475073093622231
572,29,1.9398859935938348
572,19,1.6204306934125186
572,3,1.0961935190270273
572,4,1.2307347895059846
572,17,2.7325305009452654
572,15,2.1385859044957423
572,22,4.251349780974528
572,22,2.8575237652297703
572,21,2.5656506145388347
572,21,4.780127012432555
572,21,4.896896742243831
572,17,3.804361990111157
572,34,6.4835174010932795
572,37,6.3983087918778665
577,28,2.159119572836024
577,25,2.4284314872804753
577,34,3.4664188082083363
577,32,5.012946974341884
577,31,2.433228761184442
577,32,4.556108602370479
577,29,2.6354825176983074
577,40,3.3437966268693198
577,19,1.9692823407537041
577,25,2.128208490435056
577,13,2.9727529372279746
577,19,4.5231124687359054
577,32,2.6643811837085827
577,27,1.803855722768673
577,31,2.319352869217243
577,29,2.8757342225102804
577,13,2.789721996026489
577,9,2.100432322857089
577,20,4.071852290026767
577,17,5.229180098384488
577,13,1.8717487186931228
577,19,1.903902734547169
577,22,4.809728892646383
577,26,8.266586861435268
577,11,2.76357428448366
577,19,2.198576921727503
577,25,4.327770813383775
577,28,2.9550377284142626
577,23,2.8496214538641347
577,19,2.1170868971179297
577,16,1.797350369694735
577,21,3.196633653347814
577,22,1.9892841986957797
577,30,2.513803359903061
577,10,3.2330093433452882
577,13,2.0860446106506134
577,30,3.6959475809561293
577,35,3.0700366603395266
577,26,1.9219940813643708
577,26,3.011556312243692
577,18,1.7994832668608223
577,20,1.8745304913076342
577,41,6.358408998655726
577,29,3.921943063871779
577,41,3.8225705607747082
577,28,2.9526911936183
577,30,2.4921598168443992
577,35,2.4778081213017753
577,30,4.040585666034311
577,27,3.3705741326449994
577,33,3.03928371083658
577,26,3.358975123579244
577,20,3.778177881499796
577,13,2.692301191200417
577,43,7.406969487591459
577,41,3.1465597693233893
577,29,2.596793770426305
577,26,2.5840938389782617
577,16,2.294245967800311
577,28,4.046155395259495
577,25,4.128843008118801
577,10,2.3251258466100766
577,12,3.544624839916735
577,19,3.272790582859785
577,22,3.67235261089003
577,23,9.243939664901395
577,50,4.067758872648648
577,46,6.043059908959251
577,13,1.932869633223751
577,16,3.4536278755170846
577,19,4.978353430269863
577,16,2.6352156009717747
577,14,3.2642405782537796
577,32,2.0594940057046554
577,15,6.415003954371472
577,9,2.0670324849783586
577,23,2.0787046492417223
577,29,2.9364033679138486
577,6,2.647193633674359
577,5,1.2739587041651834
577,21,5.217658790736837
577,15,6.442694221728712
577,20,3.148901765918477
577,25,1.73599383419886
577,26,3.0733131565105
577,27,6.497586443448756
577,18,2.7531660254075527
577,21,2.196072615890676
577,33,5.0419587982887615
577,37,7.736945209232347
584,25,2.55455808107155
584,22,2.6810925409243365
584,45,5.1799589531224655
584,34,4.257562585161995
584,40,5.028711319374889
584,19,3.475987035851187
584,29,3.919677747852524
584,30,4.857891915636506
584,30,1.8280411848826914
584,23,4.159189627701028
584,14,2.5844116788193916
584,16,2.08371004647335
584,12,4.1459810304
584,25,2.3946228265265
584,36,2.3468536870717345
584,30,3.1142275282095997
584,10,2.40297715274742
584,11,3.034689926128277
584,22,2.5688224144330887
584,26,4.449963504038545
584,21,2.40198950495032
584,19,3.6994757576889996
584,33,3.406975982599789
584,23,4.40891184302152
584,13,2.7046405903169233
584,19,1.8607065881028335
584,24,2.387822602849192
584,17,2.49021180150224
584,33,5.329850608796098
584,17,2.687621584111857
584,20,1.9592010816328012
584,18,3.156123208745193
584,23,2.8971926569565416
584,42,4.605667176582395
584,18,2.2484610151840903
584,21,2.6261268766516133
584,26,4.318031864100594
584,32,3.1798647154254454
584,28,4.292956937399881
584,28,5.531867442660364
584,17,1.8444225245644041
584,6,2.7089698851191795
584,46,6.894551217605187
584,34,6.252100351989319
584,35,3.1788943326539303
584,17,2.218066062745137
584,25,4.360037552519451
584,26,3.517289064342166
584,33,2.8593131793163287
584,27,3.983809180229199
584,38,3.3472873630244213
584,35,2.786277555608164
584,20,6.228150466863294
584,21,3.7277008792816466
584,37,7.620506027269664
584,30,3.731931693162398
584,31,2.7743998182654996
584,27,3.688605463931186
584,47,3.8620956069626065
584,28,3.2139529117954284
584,14,2.808619472145651
584,9,1.512007144343082
584,9,2.3292744776859102
584,13,2.225004226182097
584,13,2.6351373741763493
584,16,5.118038885923812
584,49,2.7833065055732242
584,48,3.631210996073258
584,21,1.9436977280016792
584,12,1.7344925448908828
584,21,3.023991844708473
584,13,2.9572253292000106
584,15,3.685214839350743
584,27,2.825979277676915
584,11,2.6472193344141277
584,5,3.1136783338864618
584,30,2.9010304920423926
584,25,3.4208563784874038
584,4,2.449250671914374
584,4,1.3770397251657231
584,17,2.1679346203661463
584,15,6.315832865461735
584,20,3.135033631714773
584,30,3.475546988970985
584,28,2.7280468738073775
584,27,5.08797951759859
584,32,2.534980124934172
584,31,2.1319754524951855
584,39,4.779750821215289
584,34,6.190004216641585
599,34,3.675977591105836
599,26,4.354674161171166
599,43,6.256895294090291
599,28,5.877409326965582
599,31,4.404435466699651
599,28,3.511625161046977
599,28,3.6516561051341223
599,23,4.938852316813076
599,25,3.4857097499724414
599,18,3.2467699629274884
599,10,2.796466818572089
599,8,1.988865546634666
599,27,6.187030404188669
599,28,5.19278048956802
599,32,4.887655936734239
599,31,2.4498066795762545
599,11,2.722413890114133
599,12,3.88152382085078
599,22,7.597762717165923
599,20,10.251560964990356
599,24,2.982539955643357
599,23,2.79906037931264
599,22,6.311128446295716
599,24,6.764780318901774
599,9,1.9979246488433478
599,14,2.154305418909014
599,14,2.4515780794075486
599,22,2.2060669048261774
599,28,3.6334339369193094
599,19,2.867267135321197
599,23,3.176357248342373
599,18,2.960514690438329
599,25,2.1320161317131823
599,26,2.5294254809013252
599,13,1.6826274446118097
599,19,2.803112769296807
599,30,3.2189873760957846
599,35,1.8823724233251995
599,35,2.421142305827556
599,28,2.4225872263746027
599,23,2.6194667509806293
599,14,1.9118514742724404
599,35,4.240204114984496
599,29,3.4892254326645786
599,38,3.2963623121754035
599,20,2.271280231771517
599,27,2.6842818763760987
599,34,3.2861658861520695
599,30,2.590525343456661
599,33,2.4675855372649567
599,32,2.851921227001624
599,27,3.2968057703143634
599,17,8.528475476668545
599,20,6.36798159909138
599,44,4.039422516926633
599,43,3.317584532768098
599,30,4.946082284988345
599,31,3.8664363795889427
599,32,2.911347652879416
599,38,2.122188551730917
599,19,3.1106894638777605
599,17,2.1879887761991736
599,8,2.3132268741545756
599,15,3.523873831268638
599,13,3.214700741392666
599,22,6.365868828518178
599,55,4.078098116075068
599,47,5.846975311021041
599,19,3.261110194227406
599,15,3.538411748463323
599,28,3.447021850653159
599,19,1.856352130418398
599,12,2.362427202450611
599,34,4.0207445924882945
599,16,4.5131454616523206
599,14,2.270406921181027
599,27,2.6402680337433817
599,30,2.3392366130840734
599,3,1.0633668513973376
599,6,1.6788784220355024
599,19,2.61290590420666
599,14,3.2899958368378983
599,27,3.867560758822031
599,29,3.3445565913509063
599,35,3.955215159001634
599,22,5.27147801400041
599,27,3.6480688535757455
599,13,2.6169681854448843
599,51,4.8206863817586285
599,39,5.092754041880322
698,18,2.2050388431064896
698,26,2.5938659407053417
698,37,4.889588283387041
698,32,4.067939228905156
698,32,2.7676956867556872
698,23,2.4427684238495058
698,13,2.0848103230912343
698,14,3.4477256434573644
698,20,2.2592360769933455
698,18,3.1812883983761746
698,14,2.664997338258924
698,13,2.2629097187804064
698,24,1.7423467772013899
698,20,2.574770615939906
698,20,1.8828644259172818
698,30,2.8021400607438203
698,13,4.257905620943412
698,14,4.557954876644419
698,25,5.771898287935464
698,17,5.915185592163245
698,16,1.3802246332217913
698,14,1.7035739714184
698,24,3.6772225499327784
698,26,5.379837795172498
698,14,1.4088638746028892
698,14,3.012220586664554
698,20,2.291114157207275
698,14,1.746373788743174
698,21,2.3781613681527425
698,15,2.147144396124818
698,18,2.373551277063806
698,18,1.8520065836445825
698,30,2.84648989693846
698,17,1.9298086406237158
698,9,2.5456646368479374
698,14,1.8449864404983618
698,21,2.2912012151163936
698,22,3.5732441978219005
698,20,2.7345851079001418
698,16,2.5758126428981463
698,15,2.5683197533922986
698,13,3.084841730020346
698,36,2.073992064130571
698,20,2.4182069953609915
698,28,4.867873822385308
698,20,3.9901302538599266
698,33,2.6544226610594763
698,21,2.316549719621547
698,37,4.481641266649148
698,29,3.4525242259356466
698,26,3.186498739161098
698,16,2.8385649796628223
698,15,3.1732067063277447
698,10,2.6862583614056117
698,17,2.4178522565790628
698,30,2.8251586230762
698,28,3.66483795511511
698,26,4.164788019491966
698,30,3.9601396741697297
698,21,2.0889901310075505
698,10,2.995415536352636
698,12,3.6390062035407222
698,7,2.1808937104064863
698,14,2.3140023432422803
698,6,1.6536777209892102
698,15,2.4482020232616577
698,35,5.355363753283653
698,32,8.413168892616858
698,23,6.671781452835751
698,15,3.235848769655238
698,32,2.7337180635850364
698,18,2.904063122623375
698,19,3.2843445930369333
698,21,3.7153847938887874
698,17,1.9626224874995772
698,21,3.881451857713715
698,24,2.880269034792207
698,22,2.309001207661796
698,4,1.0472849854227406
698,5,1.3905057232049949
698,18,2.7470704109937643
698,16,5.367933242207897
698,17,2.086539012872668
698,23,3.6472364705869023
698,22,2.189925081976737
698,15,2.8390618527823586
698,23,2.1039422682060787
698,24,2.8422402800442668
698,33,3.6264683979808963
698,22,6.4336317333655355
705,22,3.602435976847285
705,23,3.0657306406467506
705,36,2.979650443267524
705,23,3.9026061479783243
705,38,3.1089031312088635
705,14,1.7494504533566382
705,11,3.166406963426341
705,10,2.4017934891673436
705,20,3.4270800595872366
705,4,1.6486810720956409
705,8,2.355256586685728
705,20,2.9335779686641166
705,21,3.199292371886846
705,26,2.198390341212607
705,25,3.124917100492486
705,22,3.250721060787286
705,10,1.870614431927273
705,13,4.538807365123413
705,20,6.949264242812681
705,29,8.440886859723353
705,13,1.9852132972322234
705,12,2.4549070462649647
705,36,7.028861758396047
705,32,6.40307806078823
705,15,1.814426234384295
705,11,1.6475200696830348
705,21,3.741608715608447
705,13,4.213487207454433
705,22,3.0225484889816134
705,18,2.2213029061568013
705,15,1.5194723449618104
705,17,2.4304649435042656
705,18,2.872116826043201
705,17,2.3582050117006146
705,17,2.028223119839034
705,18,2.3203840998725007
705,25,2.1976008567001664
705,33,2.3628151071497365
705,23,2.808067634772685
705,25,2.31002368993785
705,7,1.5198006444549375
705,13,1.7768267708903327
705,43,2.86480710295673
705,22,2.267868116989846
705,33,3.283447962281317
705,24,2.4599241443159157
705,25,2.7764577812565396
705,33,4.046884156022095
705,32,2.932648006448974
705,26,4.1117572682912105
705,27,3.228601589846325
705,19,3.524791840912152
705,18,3.879323040037799
705,13,2.2515401281046685
705,15,2.462958045519953
705,20,2.664691368918015
705,29,3.1951622500341066
705,24,3.2492385855862955
705,26,3.2439924670720224
705,25,3.9607215646058394
705,20,2.719239473122397
705,11,2.813191938937614
705,6,1.6598487460989593
705,13,1.7244427868725953
705,8,1.6256973027666604
705,13,5.133960744258503
705,48,5.347720001892903
705,34,5.534213618577435
705,11,3.8661206033507587
705,13,4.989945851558208
705,15,1.8060331959226525
705,12,3.4655909196409187
705,20,3.750548144109894
705,20,2.5057772295575163
705,9,3.405138338852324
705,8,1.9028116647602158
705,36,3.0722827665043457
705,18,2.3943029644890492
705,3,1.3437299756503909
705,8,1.4566739074110429
705,16,2.280629517114721
705,22,3.904557468551585
705,26,2.2884624135023657
705,20,3.6220316928915373
705,28,2.459209073455905
705,26,4.107611211176811
705,29,2.016317427608032
705,35,2.6325494341202225
705,34,2.9231866085548335
705,20,2.9742775435860573
725,16,2.2398464953415487
725,20,3.7142764199960348
725,43,3.927615254015203
725,32,6.565640794468572
725,30,2.69631221100823
725,31,2.63848098960834
725,24,4.801926011255058
725,14,3.854245807630209
725,13,1.6693996974012104
725,21,1.6784162634421138
725,11,2.3529545751460845
725,18,2.116876772644013
725,17,2.8168548802239908
725,19,2.8639429111858243
725,17,1.9434062416283782
725,25,1.9708874267098975
725,13,2.79276797167119
725,11,2.256725602245374
725,25,6.613837965144221
725,16,5.634785217620278
725,18,2.5966238920883034
725,10,1.9012163801359903
725,33,4.853071160567208
725,27,5.194515640551058
725,17,3.1172262181815413
725,21,4.194244660648604
725,25,3.694415809339288
725,20,3.1268695849624715
725,17,2.378702104846898
725,12,1.9738714007435092
725,17,3.0881432093824475
725,22,2.8742216454953917
725,20,3.1413595889659027
725,22,2.424598984991804
725,14,2.999355183136468
725,13,2.9994007738115482
725,19,2.5409198495729557
725,21,6.640440953530936
725,18,2.229865920505344
725,16,2.4673095182910076
725,11,3.399038238269528
725,12,2.7401926112162984
725,40,5.485333528883134
725,30,2.6368040746891683
725,20,3.3699569098988578
725,21,3.8202739509737276
725,18,2.5754182977389823
725,21,3.4450545928994893
725,29,4.029860298842662
725,22,3.56088794858046
725,35,3.163984999947784
725,22,2.851593860335793
725,14,3.4134023819159798
725,10,3.2878200082433215
725,17,2.541962661208197
725,20,2.6917506044910002
725,21,2.482367466283369
725,19,3.3233861314244275
725,20,2.3682172930194856
725,28,2.7840191592947634
725,12,2.221775255245488
725,14,2.532465832386654
725,12,2.5490113669732617
725,17,3.058347405394259
725,9,2.800347499561871
725,16,8.944080633882097
725,35,2.809983800260315
725,35,2.8319914181885757
725,13,4.0715666528292
725,12,3.1539448574721134
725,28,3.420795664271308
725,16,2.7587112195661527
725,19,5.107776228076099
725,22,2.3841974753390347
725,15,2.2645456575766167
725,17,2.2704057012939587
725,31,4.538787142359335
725,22,2.4611932900836666
725,5,1.3942241488447298
725,6,1.3484601379503518
725,18,3.263155063914236
725,16,4.183155144349073
725,30,2.515747688578305
725,18,1.9567307876425106
725,18,2.961128789732638
725,18,3.416840413176554
725,29,2.5909056457427093
725,24,2.5983664761147036
725,26,3.114038370643507
725,15,2.215707714549839
743,15,2.999134587264387
743,18,2.6135720662202706
743,42,4.831727316796659
743,42,4.077002184619053
743,30,3.202467931019198
743,20,1.8767279593151411
743,30,3.7595388466804476
743,15,2.6997604386737235
743,15,1.810871327313026
743,17,2.4318050136721356
743,14,2.4264000659567286
743,14,2.5911576259505287
743,16,2.058683480672114
743,11,3.2523046175416055
743,15,1.8591246135310406
743,26,2.882824145539817
743,12,2.8379701719848565
743,11,1.6093383858715946
743,20,7.489004099443144
743,23,7.098122225185984
743,18,2.6207933343171743
743,25,2.2352769487163116
743,31,3.6385408024256227
743,33,5.419098924713601
743,12,1.5519865999789195
743,17,2.916682184185638
743,17,3.515916649993161
743,21,2.341578245689108
743,25,1.7320609102238602
743,20,2.369521998990795
743,27,2.267532458817639
743,22,2.620913255476606
743,18,1.828524044757979
743,16,1.659937040170854
743,14,2.072474956233316
743,15,2.2688703028630095
743,20,1.6893215620341275
743,27,3.970939798341314
743,19,2.2671933101733868
743,19,2.7752696732481583
743,12,1.8554307237077032
743,13,1.4383691726481163
743,44,2.638762941221207
743,27,3.0832395438721525
743,29,2.7582399489207527
743,29,2.349681916446525
743,29,3.8530579248181067
743,28,3.575417488098944
743,28,2.4160022987737646
743,37,2.8600135128663267
743,37,3.5365124126184977
743,20,3.1729369655772683
743,10,2.7001458356088275
743,6,1.8387286378771175
743,24,3.251298075055977
743,19,2.362262050804191
743,23,3.9313272744705023
743,26,3.357139279729303
743,21,3.187455353181319
743,33,3.060360787537912
743,14,2.0473788505226542
743,11,1.9689593431897903
743,9,3.6534777188743606
743,11,2.2846467801337544
743,7,2.2748895082595495
743,11,2.0306158198115805
743,39,4.087725444494401
743,32,4.561528187520979
743,15,2.961522473801737
743,11,3.931970968619141
743,22,1.891908516557122
743,19,2.4402082085060455
743,19,3.352311781561026
743,22,4.198586649593847
743,13,2.305802630635516
743,11,2.0266001609262356
743,22,3.0851434124839354
743,17,2.496507344438509
743,4,1.2100696449804655
743,4,1.362695762971565
743,15,3.85585293625038
743,20,4.223832446661822
743,19,2.971923948214152
743,19,1.8924615575233281
743,23,3.8876601369650596
743,19,3.51025365004068
743,25,6.205544080861266
743,18,2.181628957653555
743,27,4.109188817179052
743,31,3.0531888080969267
756,15,3.1984085649232377
756,17,2.0192360844251556
756,21,2.522336739207934
756,26,2.983179678212983
756,24,1.8222121995942946
756,21,2.454945507527845
756,17,5.554752933866154
756,19,3.0333780388785168
756,17,2.521225879053624
756,11,2.726686210349897
756,15,2.422002599876496
756,11,3.054296034070117
756,21,2.4346191254345424
756,12,2.1433359471960927
756,23,2.145275653478034
756,21,2.0394421046848015
756,7,3.053138859698969
756,14,2.324975503222133
756,13,4.811596698870716
756,13,3.7213466096083234
756,7,1.302932098765432
756,12,1.4860688954739167
756,16,3.1280192290717794
756,23,5.303394511847253
756,7,1.8881615227057875
756,16,1.9102488536350428
756,13,1.656527064038644
756,10,2.01359350125002
756,20,2.4990947952187006
756,19,2.3286484308449378
756,16,1.9219469952774146
756,13,2.4071240643808225
756,20,2.2209781414095184
756,18,1.9967515719184714
756,8,1.5857422099469791
756,13,2.520661328264023
756,16,2.124076898511553
756,22,2.104254968113332
756,17,1.6493439290375946
756,18,2.643068182088255
756,7,1.3718771080729626
756,6,1.3657461900178722
756,22,2.2735230148092342
756,28,2.5934323114289053
756,21,2.2569273576439883
756,24,3.1091814207000845
756,30,2.721463963587845
756,32,1.8582858872580748
756,27,2.2110586333354663
756,15,2.063818032457873
756,21,2.9119604680768907
756,15,2.24528311458693
756,6,1.8077202050659187
756,9,2.1387846511559157
756,24,2.5923784692204923
756,11,2.1129462662763183
756,32,3.107947432678078
756,21,2.270869294335099
756,31,5.617096335397016
756,28,4.778730634023564
756,15,2.6629024373476664
756,10,2.1361746135113897
756,8,3.1318262805272536
756,12,3.6783231358673016
756,6,1.8332396436659983
756,11,3.6514157448340256
756,38,7.918697433462013
756,23,6.673874935896052
756,17,4.861062387405856
756,7,2.4376018088977873
756,13,2.417368953039098
756,11,2.6252583394787927
756,11,2.678099960469982
756,16,1.6025870417294428
756,9,1.886368167161726
756,14,2.3178005788299285
756,17,2.432154638111469
756,16,2.7036990018631055
756,5,1.2411646873872466
756,4,1.5270140156458325
756,17,2.389554517998616
756,18,5.691876250680305
756,23,2.9660498010591945
756,21,2.962810910896941
756,18,2.4008562996316747
756,19,3.790185500132971
756,13,2.598152390275509
756,21,2.4896813289155615
756,31,3.0181137476379907
756,24,3.7163007328221926
805,18,3.286205261420103
805,23,3.8026913016222084
805,28,4.625264385470973
805,27,4.5369333604907665
805,34,3.243846380804562
805,17,1.8775447628436934
805,8,2.790522548065155
805,15,4.6475254752977335
805,20,2.213411477765297
805,24,2.4879187442289936
805,16,2.744349988931072
805,13,2.4586053561220846
805,21,1.9924323778899282
805,24,2.425895199751462
805,30,2.8052136090107753
805,34,3.073926507885052
805,14,2.564283698348319
805,10,2.785245864502113
805,25,10.034331691903828
805,21,9.053430232521713
805,7,2.465892831221616
805,18,1.9478068626725271
805,24,3.4941085146700814
805,27,3.8004159083556943
805,12,3.3718493943219725
805,21,3.193846566898145
805,14,3.0966458842975206
805,27,3.0778609798058065
805,23,2.5427873104182575
805,13,2.7268765366714622
805,24,2.090988154875558
805,29,3.6005762211245655
805,19,1.8852515738783575
805,18,2.9372047687588108
805,15,4.8528603027164285
805,17,2.6026977023674753
805,17,1.9103252126112031
805,29,2.979888998795888
805,23,2.8368362979352457
805,29,2.973572658519285
805,11,2.7507019147060183
805,31,2.0931135513472463
805,39,2.27456937590836
805,31,3.3820189142561596
805,29,4.97656389461341
805,21,5.295208804773282
805,28,2.649175520687012
805,35,2.7397583714664404
805,27,3.011538930015039
805,30,3.3325890617627723
805,29,2.55199607267862
805,18,2.4165590763659974
805,14,2.3107247002845854
805,12,2.2239550067779965
805,25,3.0506993508733182
805,18,3.016188334889495
805,29,4.45155407592195
805,23,2.883353503826312
805,24,2.7888436559192824
805,26,2.888019017655411
805,15,3.5316359584820187
805,9,2.010548251548372
805,9,2.1906188700951605
805,13,1.7170108174061407
805,8,3.8061349092606775
805,15,3.543467811891034
805,49,7.7178851421414505
805,36,6.406119377104969
805,16,4.378857721896883
805,17,6.749755731650471
805,25,3.425145157935736
805,14,2.6285314763430145
805,18,2.8513110271516777
805,26,2.444712705698661
805,13,2.1174389430558644
805,16,3.2475921975318722
805,25,2.2166804089587533
805,26,3.230479317404842
805,3,1.1846675900277008
805,4,1.0550954919517623
805,19,1.910670752108525
805,16,4.914239205092464
805,31,3.290468575107805
805,20,2.3397953087471253
805,32,2.787690784148125
805,24,3.647388958149647
805,28,2.743061482906131
805,31,2.1006609424607863
805,28,3.8053513331431894
805,28,5.072889501922363
825,13,2.4615854836771307
825,17,2.120150821730792
825,29,2.441860977972766
825,27,5.414265556864043
825,13,1.9622994876530322
825,7,1.5249381488855558
825,7,3.3361865442881182
825,15,6.120494489468529
825,9,2.3666747280749667
825,23,3.0110560560989983
825,13,2.199874433895893
825,17,4.048469838129045
825,25,2.782367055957167
825,25,2.831613373650754
825,27,2.023215307996113
825,24,2.881157251758052
825,9,1.7764026215515927
825,14,2.290781869483981
825,19,6.004006082343417
825,17,5.93150932955294
825,5,1.4405679898260966
825,10,1.5508211850970788
825,28,3.937668870811763
825,26,5.676754603114288
825,12,1.978009968900019
825,14,2.1963330666289034
825,21,2.0822924945770516
825,14,3.332209116758073
825,22,3.0621399939782075
825,21,2.249178709574221
825,20,2.1900012970665252
825,14,2.357194482179209
825,19,2.3028935179394443
825,21,2.413419362678688
825,7,1.1594816568047337
825,16,1.3943162238682096
825,16,1.6761444160997732
825,20,2.479533146100704
825,19,2.891471887583258
825,24,3.107126425021114
825,2,1.5937939939644605
825,3,1.1622693909938504
825,31,4.573992951359671
825,24,2.5520566350988236
825,30,3.7259467918217988
825,24,2.8414381332143277
825,39,2.2609131706738146
825,36,4.303264705310175
825,21,2.3831671547358355
825,26,5.227331459304746
825,21,2.443724247407967
825,22,3.1843584720008353
825,10,3.0999898492639173
825,12,2.2573509077867264
825,23,3.2315633049243373
825,21,2.1155310577111064
825,25,3.028029081166231
825,23,3.0657058599029714
825,29,2.6615653723689956
825,22,4.089552704782714
825,9,2.781173660194521
825,9,1.7502278223065455
825,7,1.334344079446092
825,10,1.5793406960251386
825,5,1.773590502927839
825,9,3.1744705687871217
825,31,4.786077416006434
825,30,5.647667069045666
825,9,3.559858268462114
825,13,5.289462131652773
825,21,1.527597802973703
825,25,2.170763638709509
825,25,3.8326612202800736
825,22,2.07175888143656
825,14,2.2481796813058814
825,10,1.5543360861207227
825,24,3.2714376331048034
825,21,2.0183086622356026
825,2,1.0005298238499225
825,1,1.0
825,14,2.5079598972597172
825,18,2.848962590007856
825,26,2.157842609420093
825,24,2.264539561154804
825,23,2.466912414832288
825,17,2.4260725405081516
825,30,1.8229637431286594
825,23,1.5953117814106057
825,20,3.5233853248685296
825,17,2.272917865198828
827,13,2.287244335583704
827,13,1.9355099714028552
827,30,3.4814706383218597
827,36,3.283258710561681
827,36,3.3410525967731024
827,20,2.244383955842714
827,15,3.598130788039065
827,13,3.153220791434108
827,20,1.8287648577616453
827,11,2.2126054307248775
827,12,2.0492602903574775
827,11,2.397425084318963
827,9,2.0084967670859255
827,10,1.870502697409157
827,20,1.7259890857673004
827,20,3.0636120855224522
827,10,2.439655636463657
827,10,2.918970785314709
827,14,7.203710712627394
827,12,6.171982944517678
827,25,1.9967360280447746
827,14,2.1584239579312876
827,23,4.661758000292653
827,28,5.906883665453875
827,9,1.4440121224851594
827,14,4.699195245714286
827,27,2.7361945427702787
827,19,3.2653560641385195
827,18,2.987766687662168
827,10,2.5606344550916806
827,15,2.1945214874362327
827,18,2.423030794578105
827,18,1.7326021254158965
827,14,1.788241804195496
827,10,1.80364341620229
827,11,2.769018810712838
827,20,3.265738106273914
827,23,2.4360239597228515
827,17,1.7698485087822105
827,25,3.2805816642157573
827,8,1.724879778829991
827,11,1.4719730165307203
827,32,3.535674692090396
827,27,5.855830830832598
827,29,2.35549410924263
827,20,2.4887962490778652
827,28,3.0366573926178675
827,25,2.094178995117946
827,26,2.184379405728332
827,20,3.5277284728941045
827,27,2.8591229421478257
827,11,1.8504491899915507
827,12,2.4080370293684963
827,13,2.755395657124646
827,16,3.2072637709513265
827,29,2.7965635372321778
827,27,3.769073047627295
827,17,2.019559397593895
827,30,2.20354978093419
827,31,2.2917040116320178
827,11,3.166192127855485
827,12,2.1287602557199654
827,7,2.444582331820347
827,14,1.748522203591834
827,9,2.7316573596589877
827,13,3.49697140670997
827,48,6.095046028419593
827,36,8.089647770651087
827,11,2.4673631459729566
827,10,2.838575841718005
827,16,2.2788956603063233
827,15,3.3225398297609954
827,16,6.598903406728042
827,18,2.25489335231608
827,14,3.23963398149212
827,10,1.7086156793806293
827,26,2.7771726233427296
827,22,2.515495396502692
827,4,1.6300407239906047
827,14,2.1152277935724895
827,12,2.6849561132943625
827,19,2.5989128569921998
827,17,2.454539312990277
827,24,2.188327711349572
827,16,2.4116981358006826
827,21,2.865742865571161
827,22,2.809521026259804
827,35,2.4870868503415875
827,18,2.7251000909996512
835,20,1.8195883149929288
835,15,1.805397082374203
835,35,3.1368210872930553
835,17,4.030891396798051
835,24,2.159558126056559
835,16,1.6016752331443032
835,11,2.867848506784787
835,16,3.07038299329175
835,9,1.7954630446543005
835,19,2.253506603983948
835,10,2.021468658509083
835,16,2.5587840672445403
835,24,2.0922332809051385
835,27,2.1402586846084044
835,20,2.2368277659423086
835,30,2.3484356763241965
835,5,2.01572925231512
835,14,2.4458447514632677
835,21,8.169859843896782
835,20,7.375826639736906
835,12,1.4921718845316347
835,9,1.4924759955041482
835,25,2.7073050075132854
835,23,2.5146359154427413
835,8,1.243992114671389
835,8,1.6651772716652244
835,9,1.427917780675816
835,14,1.3195534670452302
835,20,1.62232092460353
835,16,1.878342964583829
835,15,3.105631646470446
835,13,1.8658636432321583
835,18,4.505099315988802
835,13,3.0273464260771497
835,5,1.114622769064359
835,3,1.0887262225401901
835,12,2.6700126031921743
835,20,2.5115766726388746
835,12,2.160354766067524
835,13,3.071261412750194
835,6,1.2260153897624624
835,10,1.5745845328567956
835,46,2.49899947488395
835,19,3.528344738809151
835,22,3.247477396007513
835,17,2.8884705573336675
835,30,2.337236533720761
835,25,2.997405326720567
835,25,2.6010883168530046
835,14,2.335575730416421
835,22,3.2665259182221598
835,23,2.5551346771152996
835,15,2.267976762634395
835,13,1.8250260490571948
835,17,1.8350264422944573
835,17,3.148403453725509
835,25,2.2474322842327377
835,17,2.226718869024914
835,20,1.5402497315615786
835,25,2.3173558086523176
835,5,1.6118844278333875
835,8,1.920477773940092
835,5,1.5061689585176405
835,9,2.722152246097827
835,7,3.5876504553313593
835,13,2.679775838998177
835,36,3.8574519214385803
835,31,5.281438351258566
835,13,3.408755357237999
835,12,6.891185472433384
835,11,1.222569937002611
835,14,2.1484947747673275
835,16,3.7826635173544005
835,21,2.922242194436791
835,14,2.4300397478531215
835,12,1.9983801207043452
835,19,2.907208022895366
835,22,3.30476395463102
835,5,1.1162019502768274
835,5,1.402382724866825
835,17,2.548711303403643
835,16,3.3079894154208835
835,15,1.785215417733547
835,13,2.454117579722064
835,17,1.945620161345282
835,16,3.0645808724414367
835,16,1.5491878568112556
835,17,1.6940111134257703
835,19,2.1345672617746367
835,15,2.994824193918533
860,18,2.423954964842861
860,21,2.1927418646015715
860,34,3.8049182822461436
860,35,3.4798326157848902
860,30,2.1851376182955993
860,23,2.9217577086062607
860,15,4.358166916677575
860,14,3.344022493749328
860,19,2.8657608969445914
860,8,1.5577316539646648
860,16,2.2965529298207907
860,13,3.910589549124367
860,17,2.160549410166964
860,16,3.22354492605347
860,17,2.569209687477842
860,27,3.802152937146818
860,10,2.3317273165640535
860,11,2.1097804739790087
860,28,9.931100911118792
860,21,11.00766009905868
860,13,1.3201982007187938
860,12,1.5148846794262365
860,28,3.6203283839313554
860,28,4.567570125144945
860,15,2.0560788948175994
860,21,2.859119452123888
860,19,2.8868063783803
860,15,2.8562052170861123
860,25,3.4984251518092244
860,18,1.750869167184022
860,16,2.399454426617038
860,19,3.239875300635744
860,21,2.344381461012429
860,13,1.8069328855268725
860,15,1.4698889455074735
860,14,3.125346234206984
860,15,1.8130632056352458
860,23,3.0958706980752657
860,16,1.7603740266913392
860,14,2.085822599388986
860,9,2.1044058582498275
860,27,2.1313514517827405
860,38,2.534122152367937
860,24,3.2663553576948505
860,22,2.5799896714213224
860,22,1.989045183995328
860,31,2.5319517168118315
860,30,3.4755482281920425
860,26,4.503229883675458
860,34,2.87041612316627
860,28,2.529923451178931
860,15,2.421047941675458
860,19,2.940751498736622
860,10,1.344961409398703
860,28,2.6466406385118577
860,26,2.5291645951758173
860,26,2.89498739626139
860,19,2.1908532362016846
860,35,4.673075433980833
860,37,3.9578221151392174
860,12,3.4284955573952205
860,12,1.9682690238882241
860,10,1.8847848812789532
860,13,2.629138430327401
860,10,3.7923075608758654
860,14,2.5502400847015223
860,43,4.619510044475863
860,31,3.439668048014096
860,17,4.20773955202845
860,9,4.313014612526751
860,35,2.0203524982918397
860,17,3.389957151984334
860,19,3.51527013232962
860,16,4.188227358310636
860,11,2.638942709333205
860,15,2.4420618823924074
860,20,4.4464858156526335
860,18,2.5511039172651535
860,4,1.13888636936256
860,7,1.3411747623144588
860,15,2.1884072571317
860,13,2.9772142835127986
860,17,3.4393462644647856
860,15,2.621187143930644
860,21,2.8052102835844384
860,18,2.671678907469481
860,25,2.4712541534853507
860,22,3.2549295120230046
860,33,3.2525355536545106
860,19,3.0925992568323464
918,15,2.030308901949719
918,19,4.720808259892669
918,24,4.450744072100147
918,37,3.58275141648759
918,16,3.094764138460918
918,20,2.6383354284050773
918,3,1.5145819258232478
918,9,1.95884476416571
918,12,1.9741514528974977
918,10,1.6022069049532084
918,8,1.7286062153706896
918,9,2.316773114772073
918,7,3.152434299707027
918,6,2.128320611680959
918,14,7.676536990440144
918,16,8.838831162659725
918,3,1.3904393162064235
918,2,1.6927648696558995
918,16,4.183724010501952
918,22,7.8315125143781925
918,8,1.9533955177400448
918,8,2.4194382276488775
918,12,2.0006477531051923
918,10,3.391547699310717
918,11,2.063282773233818
918,9,2.7137465492527983
918,3,1.321408
918,8,1.240615100011562
918,4,1.5805709342560554
918,6,1.7126742114453182
918,2,1.0530476247141922
918,13,1.8015994474322161
918,17,2.9162798204839326
918,15,4.171973025838825
918,13,1.7694453589202852
918,7,1.9784769885159779
918,2,1.0767890840470316
918,24,2.176645240960016
918,23,4.644260196807262
918,14,2.1676451880062944
918,13,1.8345295409463653
918,5,2.6187896320266812
918,6,2.0252996099584473
918,18,2.2325446375739646
918,25,2.5443022703913605
918,17,2.0170099723613304
918,19,2.653432887599477
918,17,3.6155275150906485
918,28,3.2291943457572896
918,16,1.8446513475462833
918,23,3.2452008868637763
918,14,1.8394172631518253
918,9,1.8394192433103878
918,14,2.356520153053269
918,9,1.8875277025292039
918,14,2.030944887960922
918,17,1.8105496001227899
918,26,4.197127802162694
918,23,3.2462231277431575
918,32,3.5179393608595158
918,35,2.5626879549556736
918,11,1.8042013039423554
918,12,2.6580245050538727
918,5,2.7047585117911073
918,13,2.2939590594992785
918,5,1.8374133597662616
918,9,4.092749782918501
918,28,5.580233628638885
918,20,5.7036756543103815
918,15,3.2675867899173934
918,8,2.8004846110641886
918,10,2.275352762812577
918,14,2.373226028721491
918,14,3.54975973445731
918,20,3.411973702299975
918,7,2.7061940381644716
918,6,1.5147770011250397
918,3,1.4860532427669433
918,4,1.2037972689412815
918,11,3.352182592367656
918,15,2.573700383309969
918,14,1.804707181666712
918,14,2.69452791777784
918,16,2.864251431825595
918,15,2.405342454866868
918,19,2.639214508964431
918,18,2.8630344797660054
918,20,4.4119161811540835
918,19,4.330187865682337
928,15,1.693372249882178
928,16,3.0311552595304394
928,22,3.8513621877421063
928,22,4.452655125174567
928,15,2.520029255212162
928,24,3.0764169638445447
928,8,2.139711206682323
928,10,2.260897955832856
928,9,2.0523343486380408
928,12,4.45652680639642
928,3,1.431514331863945
928,8,1.8915172980661543
928,6,1.2657714825050932
928,5,1.579893440403172
928,12,2.886467045981321
928,12,4.111336791337808
928,3,1.5861199038977785
928,3,2.103151144232371
928,18,2.9453545327447253
928,10,4.579768422248847
928,5,1.25662139671592
928,11,2.508978450458644
928,10,4.210869584846398
928,10,2.956044970555778
928,13,3.0767689413453914
928,9,1.326547166800773
928,7,1.331629765185601
928,6,1.1979342671527644
928,8,2.12469877183925
928,5,2.5013090332042287
928,5,1.3787862938555004
928,1,1.0
928,10,2.2456434828399336
928,13,1.7020277796574763
928,11,1.6202315609350129
928,9,1.7014413583271952
928,4,1.1033522511748586
928,3,1.2615038467121498
928,14,1.4049055630218525
928,23,2.220477957206412
928,7,1.7214374980614344
928,5,1.6928660216938258
928,2,1.0897835238306246
928,1,1.0
928,18,2.829065171831741
928,18,2.0550942655459643
928,17,1.9297762487721217
928,13,2.12457435111009
928,13,3.083223365288161
928,16,1.7973222001540887
928,19,2.2879317784790176
928,12,2.135177717265282
928,16,2.254662331185184
928,8,1.5860883868118507
928,11,2.245608093505854
928,5,2.304547312827033
928,8,1.6811005091010354
928,14,2.1676412899690765
928,25,2.5580690957528165
928,28,3.0195449040704316
928,11,2.3501089020379693
928,15,2.249394108735405
928,6,2.2933187648038014
928,5,2.077906910210636
928,4,1.7971850194370844
928,14,2.1897877591043935
928,3,1.0103518327890981
928,8,2.338702938108651
928,19,3.5921559426198812
928,15,4.207776472201764
928,11,2.0308259098947388
928,10,5.266131928019051
928,9,2.1040288829278264
928,6,2.151154702006648
928,14,2.590989362953551
928,17,1.864127926267086
928,2,1.294961355529132
928,2,1.0000327599451504
928,2,1.1778888426118748
928,6,1.5338907076303199
928,10,4.942839318215047
928,13,2.7504624021913804
928,7,1.2187764892600141
928,6,1.6272675399725625
928,16,2.8576147347982244
928,10,1.7971327217474666
928,14,1.6385146517970146
928,10,2.335763337995641
928,20,2.849519839431871
928,11,1.8578808326101477
929,16,3.085515606837111
929,19,4.164577417476566
929,22,3.3376773857612108
929,32,3.71690033131452
929,20,2.7243420813021246
929,22,2.1103236331033215
929,8,2.4694843284859105
929,9,2.0644240153026736
929,12,2.8065732555649454
929,7,1.8937098906846286
929,6,3.5038719834777203
929,7,1.5215073983978284
929,6,3.848722816898565
929,8,2.542039085793337
929,16,8.420903506000778
929,17,5.572704779531625
929,15,3.1673207465620115
929,13,1.656982931347159
929,20,5.941958656224212
929,26,11.96713806502127
929,9,2.2236853993064543
929,15,5.343323762002874
929,10,5.7288459336288975
929,14,5.446976272333858
929,12,1.8273580316510654
929,3,2.5154346154090628
929,7,1.489692387008077
929,8,2.2070522278920626
929,13,2.396625071876315
929,9,1.8011833826817627
929,4,1.3096591988449995
929,3,1.0210055096418733
929,13,1.8235605209788919
929,18,3.039922843616919
929,18,1.891973686200378
929,13,2.7549563780833655
929,6,1.4524430663426802
929,6,2.3561334008808865
929,21,2.3433413434346204
929,26,2.320726182644337
929,14,1.898217534774747
929,25,2.4888088415472662
929,10,2.897427613219204
929,11,2.205218424202553
929,33,2.4056105872490714
929,31,2.333339987305031
929,27,2.6700184898621098
929,29,2.1127468959033666
929,32,2.5233191040536838
929,18,2.1863587134273033
929,25,2.27356883592847
929,25,4.532530777537439
929,12,2.232365358059661
929,11,1.9210287447416483
929,9,3.6165374306048164
929,7,2.7355292510403753
929,25,5.014556793064714
929,31,2.371356135255561
929,25,3.170780962337992
929,26,3.3980245171969554
929,19,2.9019320168330904
929,34,2.638353328130077
929,13,2.0712386780954146
929,10,3.3187421246863438
929,8,1.7504572492368533
929,8,1.6415594784945746
929,7,1.4300598451088675
929,13,2.3334954518018836
929,28,6.620188412334361
929,32,7.936935376111079
929,10,2.1127979235856817
929,14,3.719001757538731
929,11,3.1166452308493646
929,22,3.2786930170224617
929,19,4.613164754076617
929,21,2.387499801511687
929,4,2.261466779896267
929,17,2.881452189785158
929,3,1.2336
929,6,2.694223348431327
929,12,1.7471144510432728
929,20,3.3126646447780335
929,17,2.9875473560407872
929,26,3.4929790513096033
929,17,4.925253271371289
929,18,2.7490756556967684
929,28,3.41723351538747
929,27,3.682546528200038
929,24,6.0492412389136305
929,27,2.920432287968249
931,20,2.2828142208620155
931,17,3.8013087144888047
931,24,5.567988292902913
931,28,4.404414524291558
931,10,5.60150357220503
931,15,3.5230096049220934
931,8,2.7866323223009677
931,7,3.5592017536370264
931,11,1.755361058147501
931,10,2.424989172018957
931,9,1.7084427132562818
931,10,1.6538603919701433
931,10,1.553022005508382
931,6,2.6793167128347184
931,19,4.871536325746967
931,14,5.228474123589307
931,14,1.7632799633113723
931,11,4.327891453145013
931,22,2.5055834936145485
931,16,2.7007356019917834
931,10,1.4409342478270606
931,12,2.2849677811858182
931,20,6.185344647347596
931,8,3.7240252033206467
931,5,2.4362987460577625
931,13,1.8646459893592504
931,3,2.087214772386555
931,14,2.4988599260440654
931,9,1.9724324087617884
931,15,2.2543241852014524
931,5,1.9940703613585633
931,1,1.0
931,21,2.064057542376692
931,23,1.8931162622581443
931,13,2.739181063998461
931,14,2.0335867215964614
931,4,1.0952305223438246
931,22,2.444578680812377
931,26,3.1850786848899353
931,13,2.2200971624913852
931,16,2.7790709075154627
931,16,2.1861427689856114
931,15,2.7105121097545277
931,32,2.6416445122686865
931,27,2.557928712743462
931,21,3.2392605489795914
931,27,2.6322640166666607
931,20,3.675848658148992
931,27,2.2516417457733033
931,22,2.254138505261083
931,23,4.066659530275811
931,15,1.746454663842183
931,13,2.365635639598328
931,7,2.00665687987669
931,5,2.2240187829368367
931,17,3.3644818456793795
931,18,2.341505367014988
931,28,2.2102489215799026
931,33,3.1238480220715417
931,25,2.4606523991175338
931,28,4.730679248457261
931,10,2.1709770233897348
931,8,1.9741819742326523
931,8,1.742964771935801
931,10,1.5599422119040602
931,5,1.892759333204165
931,10,2.975588271157308
931,23,4.8410323651740415
931,27,9.959157365698951
931,24,3.952981007828087
931,11,4.618027897295356
931,7,2.5354496466806014
931,14,2.2567716880844246
931,25,3.260436399082763
931,24,4.863037349689322
931,6,2.4296489447325174
931,3,1.4899901212998845
931,4,1.5207965001052777
931,5,1.6135329397493257
931,18,2.440643686586166
931,16,2.5353583768115278
931,15,1.788715391662017
931,16,2.474674845605
931,20,3.0334098946533796
931,22,2.7607876655837
931,21,1.8044607207054797
931,23,2.1744736283252997
931,26,4.013223928854006
931,14,2.288120967046639
948,17,2.523284038724884
948,20,3.7519075520181584
948,16,4.39353207509946
948,25,5.0104451126877425
948,12,4.117864085625644
948,24,2.2688429421999854
948,11,3.060801729944569
948,8,1.8327006434590636
948,21,1.921180459103487
948,24,4.304850988479437
948,13,2.073863838131723
948,15,3.798246798009803
948,10,1.6817125251808345
948,9,2.3294117252396047
948,18,5.40333411222086
948,13,5.5187556922282885
948,3,1.652570862842206
948,2,1.5488404923110661
948,18,3.7625181295164496
948,13,5.945717292340019
948,11,3.8221269898721224
948,13,2.3190013520233124
948,5,1.8267132639332884
948,11,7.716352345002643
948,9,4.200251583241145
948,7,2.515255131170363
948,4,2.0976495041749006
948,2,1.2536899870242215
948,3,1.1395814096645123
948,5,1.6811292162039713
948,9,2.465868291761149
948,17,2.133430855303417
948,17,4.097914909457047
948,13,1.8239794946678363
948,9,2.27737014047394
948,5,1.7192207730827054
948,4,1.5190784666224215
948,20,3.2010872082757365
948,17,2.459561333821867
948,11,2.0371315084776174
948,13,2.774112012309637
948,9,1.3315956092591321
948,5,2.230703892718129
948,25,3.6944624021378636
948,22,2.6397544837310027
948,24,4.51722044487714
948,26,2.8397640221694105
948,22,2.1824163391035416
948,27,2.3990999328358287
948,21,2.9594352036934417
948,26,3.458412200363393
948,18,3.076653569936691
948,11,3.0094382939460576
948,10,3.2389062522250396
948,6,1.9080175585594488
948,14,1.9966688295207684
948,22,4.193398005637133
948,16,2.6704036166736342
948,16,2.6384041503799933
948,19,4.150483034646518
948,25,4.098710792466064
948,8,2.505902680474094
948,8,1.5061015353793903
948,8,2.4128515273183337
948,7,1.5435099055292418
948,5,2.194250328160528
948,11,2.4555086692278767
948,38,8.49509012476414
948,25,14.920576268969127
948,13,2.801643850763418
948,8,3.077383898187351
948,15,3.7771058033469145
948,12,3.742149699914017
948,16,3.9352347647858363
948,16,5.1939544696422395
948,3,1.4208319050163642
948,8,2.032544586189835
948,4,2.1468479044965276
948,4,1.883122406888748
948,10,1.6439023310297627
948,15,2.455531422295769
948,16,1.5355961532602518
948,17,3.250782449371526
948,16,2.3463569713610606
948,18,1.8729435506188425
948,21,2.795485142194975
948,19,2.72986107017769
948,18,2.0952057566638804
948,16,2.066296232709264
949,10,2.208171025269956
949,10,2.312700415185777
949,21,5.10442839712978
949,35,6.1079895090751775
949,10,6.67975223708493
949,9,3.6889069928174387
949,13,4.0425637954630576
949,15,3.76008080427913
949,21,7.290442502429711
949,29,2.8088213008047997
949,16,3.5167106134618114
949,12,2.495328551599026
949,16,1.5403354581972006
949,13,3.4434810325950376
949,17,5.236668564648504
949,17,7.564624784402067
949,8,2.5604194026112816
949,5,1.5724562765434278
949,25,2.58148996849142
949,26,3.995657867766869
949,17,2.4432975287649072
949,8,1.4605613451091508
949,18,3.660208508640854
949,10,3.072829321564764
949,9,1.9743601196037082
949,15,2.243914014840196
949,8,2.011920271233979
949,11,2.33834539986634
949,4,1.7607636823319452
949,6,2.5002551587575037
949,4,1.34470245355646
949,3,1.2240684481368962
949,22,2.529848111593731
949,21,4.140159364798377
949,20,2.8790510964528413
949,16,2.746065500214226
949,13,4.819194886230746
949,9,1.5936271676633331
949,15,2.265902246209184
949,21,2.7218417864155318
949,16,2.9997193170782035
949,16,2.186424996745028
949,5,1.4363467502445209
949,11,1.534954511401236
949,41,2.335247645955392
949,27,1.896222742964685
949,27,2.547699417938111
949,21,2.1231965433743007
949,20,2.03555900806945
949,23,4.221772650103281
949,25,1.9264726482876193
949,29,4.320551169966046
949,11,2.552605604134663
949,9,2.2207206675980005
949,6,1.8858692420318175
949,8,3.637915583648393
949,17,1.7129904484673797
949,18,1.9696171122309654
949,22,5.15598899362856
949,24,2.747936698414994
949,21,1.9249552166069348
949,31,2.570972000144448
949,10,2.190552688696224
949,9,1.9873268639053254
949,14,2.100259091454194
949,14,2.3857415485491464
949,6,1.8078872189625355
949,11,1.985330245405604
949,42,4.847586176885507
949,30,6.805426932358201
949,18,3.708924439932609
949,9,2.9992943330379025
949,15,2.4599172489474155
949,22,2.2450394985375817
949,27,5.663263092253981
949,19,3.215138927985929
949,9,4.0399383967096005
949,10,3.5738032013245906
949,4,1.2394607288365775
949,6,1.8129266235245585
949,21,4.681775258303134
949,22,4.917121515835789
949,23,3.7721056296296296
949,19,1.7229287213398665
949,25,5.843340029078181
949,18,4.111935304959245
949,24,2.34438459304896
949,26,2.904217324804167
949,21,2.9672088542230393
949,20,2.734158572771247
1001,22,2.6381072962371883
1001,15,1.8595480922186458
1001,27,2.6238579272884888
1001,33,4.247905393552076
1001,15,3.664730095404829
1001,24,3.9145343145293126
1001,12,2.8922476910056614
1001,13,2.819049270488236
1001,16,2.5550908259253227
1001,11,3.086716069765808
1001,11,2.1112840308324796
1001,4,1.3234082290468847
1001,8,1.7635002578853403
1001,8,2.655177925903698
1001,14,5.809209164492868
1001,18,6.946177667673608
1001,9,2.1382974090002316
1001,3,1.6231722837395957
1001,28,5.268512187093978
1001,29,5.959615885596484
1001,8,1.4888483425289254
1001,9,1.766572900696695
1001,15,3.013119959331049
1001,7,2.9746634625634654
1001,5,1.4987871249572817
1001,9,2.0613566236325225
1001,7,5.128844410126488
1001,9,2.9871050848747123
1001,6,2.2472670353751436
1001,8,1.6682082503497548
1001,1,1.0
1001,17,2.0795862678816195
1001,16,1.8319190102669487
1001,15,2.3395242156398615
1001,15,2.234582667131927
1001,1,1.0
1001,4,1.2119768268331772
1001,24,5.25270327219731
1001,21,4.2638944550224815
1001,9,2.6311609997335426
1001,17,2.577823169407161
1001,7,1.7769621730645664
1001,13,1.951222127255036
1001,25,2.09131127850441
1001,28,2.262261740979366
1001,24,2.920450580920384
1001,28,2.5655518341191943
1001,22,2.3581655527720278
1001,20,2.599315769636626
1001,18,2.832012399133052
1001,22,2.3031130340535775
1001,20,2.895453719624605
1001,10,1.8924628187880135
1001,13,3.6397475389404605
1001,8,2.1354307705236937
1001,11,2.317883041630954
1001,18,1.8915410226967335
1001,23,2.122709680273541
1001,19,2.8951769567150802
1001,15,3.1153735233768067
1001,30,2.547858912668773
1001,10,5.405593190048318
1001,6,4.1754515467147
1001,7,2.1905472828277905
1001,9,2.156559760957796
1001,4,1.7760130781437422
1001,8,4.726690759846798
1001,33,4.0451903074866
1001,33,3.6025512646591373
1001,13,2.6259010738142567
1001,12,4.288453518152971
1001,14,3.0575652944914182
1001,18,3.0179644444283897
1001,16,4.257312833189448
1001,20,3.794656045618309
1001,8,3.8082785837784923
1001,8,2.4122297239609
1001,5,1.6988912335027282
1001,5,1.4957832355989031
1001,16,2.0939787884527536
1001,15,1.8637245194466505
1001,9,1.3380615261748847
1001,15,2.24941975663951
1001,23,2.1852879230868747
1001,21,2.977574598737992
1001,18,1.6431254220769427
1001,28,4.04839631709498
1001,18,2.384032288308944
1001,21,2.2304907359720896
1012,22,3.1511818209962987
1012,17,2.922878665111345
1012,20,2.391099578171101
1012,30,3.9799152239456284
1012,11,1.7895925746386219
1012,23,3.5070254095256126
1012,9,2.263331522370506
1012,10,3.280548706423441
1012,18,4.025443221220401
1012,11,3.27613986954392
1012,13,4.034066817328353
1012,8,2.3755733605171856
1012,8,1.978979834165489
1012,8,1.4682031779532774
1012,17,5.99099772494281
1012,13,5.292506389122344
1012,17,3.198766101115002
1012,5,2.8834587191358025
1012,25,4.576904872775997
1012,22,5.741338943458274
1012,8,1.3713789682539683
1012,18,4.235241882143202
1012,21,3.422592190993453
1012,16,6.565380886363384
1012,11,2.910090966986734
1012,14,3.6885648091791112
1012,3,1.097879684418146
1012,8,3.493611087237977
1012,11,2.313025312985915
1012,11,2.244803722385304
1012,8,1.7678277753610119
1012,2,1.058769513314968
1012,17,3.845569265030235
1012,20,3.831177139084738
1012,21,2.328792548332938
1012,14,1.9154015388544718
1012,10,1.5839411864324768
1012,3,1.2029065743944636
1012,19,1.951148171920935
1012,27,1.9396522704761203
1012,18,2.6931722012114605
1012,15,3.1593981614860547
1012,13,1.3839678710470595
1012,12,3.395994653597683
1012,34,2.97260125865828
1012,24,2.52327354060859
1012,25,2.5968512702235875
1012,23,2.4245661958985796
1012,32,2.707111003147749
1012,30,3.3212445590576154
1012,23,3.508996774694304
1012,18,2.3228634937193497
1012,9,2.027745604863724
1012,11,6.360317051127021
1012,10,2.7611963278675056
1012,6,2.1890113326154887
1012,20,1.8448841951440496
1012,23,3.398889977844412
1012,29,3.0600221852448635
1012,25,2.168835238808116
1012,25,2.3973644577374027
1012,19,2.9038641738846924
1012,12,3.2051379372159947
1012,7,2.7767504254120783
1012,8,2.2994646819526627
1012,7,2.3942340663995334
1012,7,1.7292101522543297
1012,5,1.9405842676028635
1012,30,5.950533108960811
1012,31,7.393679286388628
1012,15,3.2355633459546866
1012,8,4.098449744212011
1012,19,2.51514848464999
1012,21,5.076674033482364
1012,21,3.0204446440344954
1012,16,4.2190518129408145
1012,11,3.547154053342514
1012,7,2.656918871961254
1012,6,1.6954915918193618
1012,3,1.3392017300747459
1012,22,3.8046744112218356
1012,17,2.581313381330142
1012,21,2.8161855357101677
1012,20,2.924495665897901
1012,18,2.252639276567131
1012,15,2.695142121532417
1012,19,2.443083457637958
1012,31,2.6567320538875268
1012,30,2.8894421859202866
1012,18,3.1272060244404876
1037,14,3.9525203040631145
1037,19,7.950511450864587
1037,25,2.6142195623079396
1037,23,3.423320974671179
1037,14,2.491591380657203
1037,20,5.067555085234871
1037,6,3.2628570174597633
1037,11,2.114162044612483
1037,16,2.033307901292318
1037,14,1.6249664151346117
1037,11,2.3746012308649513
1037,15,2.72415104710547
1037,7,1.927316243600504
1037,8,1.829369278498727
1037,15,4.7888030525708505
1037,15,7.477571721132626
1037,3,2.051497198616733
1037,4,1.9825330238142473
1037,15,3.17595266433342
1037,11,2.1699864935048185
1037,6,1.4583612244897959
1037,8,1.3744769795023235
1037,10,3.2839645681503975
1037,5,1.7314101352088431
1037,9,2.054143527656935
1037,10,2.6380816907982356
1037,5,1.5531728050952787
1037,7,2.1125080012338806
1037,8,4.699488934368604
1037,9,2.0084034983849444
1037,5,1.0932597597658384
1037,9,1.3647383847423256
1037,13,1.5740047113708717
1037,18,3.3121092332990267
1037,18,2.4038061268926207
1037,10,1.3395834735630343
1037,8,1.2886704992972415
1037,3,1.0220991253644316
1037,15,2.059805049146983
1037,18,2.050183511921903
1037,9,2.3594763106510617
1037,12,2.2724927051000505
1037,5,2.0095775175230237
1037,10,1.3044566711952683
1037,12,2.503771931223063
1037,19,2.212446453549853
1037,16,2.5532750743717236
1037,16,2.6547899569293
1037,14,2.9325917939253614
1037,17,1.737406612460719
1037,18,2.6704052925276685
1037,15,2.2544635493252296
1037,12,3.2087741324684957
1037,9,2.2133560840075344
1037,6,1.9222472915147213
1037,6,1.423353992055522
1037,12,2.544109446744006
1037,17,2.4188748453253397
1037,23,2.581696638909351
1037,22,3.633109645917948
1037,26,2.316676698372375
1037,29,2.7413673280454054
1037,14,2.338628447140582
1037,12,2.262313346356712
1037,5,1.86507274815224
1037,9,1.882081356572533
1037,9,3.2140991094062903
1037,13,4.188914685590096
1037,19,4.249456450650561
1037,16,5.102890417876531
1037,14,4.588424286044741
1037,9,2.677496384601847
1037,12,2.25847549972129
1037,12,3.0272727173949225
1037,16,4.323480604641579
1037,15,3.7793161075083193
1037,8,1.8693488440337724
1037,6,2.823355757836741
1037,3,1.2156222222222222
1037,10,1.3212058094415027
1037,13,2.066823689891361
1037,17,2.9479079395040784
1037,8,1.9265998674802762
1037,12,1.96225136650466
1037,12,2.065776747457885
1037,11,2.1677195016840685
1037,14,2.482071905215146
1037,20,1.690990755223711
1037,23,2.900452747897792
1037,19,1.6417699734438598
1058,13,3.315154898412479
1058,14,3.5969628345474867
1058,18,3.904197229700431
1058,32,3.456342007437213
1058,12,2.7203342017130963
1058,19,4.280688984794808
1058,13,4.4881638308006195
1058,12,3.0801362623967887
1058,16,3.2480801767859626
1058,10,3.819743320102036
1058,10,2.1004831605299303
1058,12,2.684021324487985
1058,11,1.8855992283505525
1058,10,2.30848511980252
1058,20,4.075046154523364
1058,14,5.047467617762976
1058,10,3.130434659175146
1058,3,1.5592397168274101
1058,17,3.170033875578508
1058,19,6.8074587877131405
1058,10,1.6802222757376868
1058,7,1.377472288875157
1058,20,3.816481824463639
1058,13,4.209937072628061
1058,14,2.2275482373867437
1058,10,3.4026385988148364
1058,10,1.8709464821672004
1058,18,2.242202815701577
1058,7,2.246042397067646
1058,6,1.7395478862453837
1058,7,1.3489144711427026
1058,10,2.0531532698430013
1058,14,1.5141000372559945
1058,13,1.6870420152938779
1058,17,2.7882346369044746
1058,13,1.7740140736965553
1058,6,2.676950963655578
1058,3,1.0964674945484605
1058,15,2.6666431393717267
1058,22,2.2990024789201926
1058,9,1.995129613582778
1058,10,1.918921819568961
1058,9,1.5989294495868591
1058,12,4.096646348022518
1058,23,2.567933748165383
1058,23,1.880795376426564
1058,21,2.089250244801734
1058,20,2.1640881853852854
1058,19,3.411832039881543
1058,16,2.326366276991623
1058,24,2.6851257466851766
1058,28,2.289482149246776
1058,20,3.150072145400034
1058,11,2.220089619803947
1058,15,2.303305021788335
1058,9,1.7996617329992424
1058,15,2.0970663390493836
1058,24,2.9581963850451514
1058,26,3.833166304664418
1058,22,5.3941167878032985
1058,25,2.4357870050360884
1058,28,3.240399497658915
1058,12,2.0992826020321855
1058,9,1.4567015518118605
1058,6,1.2833309222206946
1058,10,2.148709562742202
1058,12,2.643411811209473
1058,8,2.4373693288062954
1058,25,5.796760109878734
1058,23,6.943622420431759
1058,15,2.273964996576052
1058,12,6.943542631531611
1058,9,2.981157657782923
1058,15,2.0361586383135837
1058,22,3.7664800211825424
1058,26,5.884271276293931
1058,6,1.9875320215476604
1058,8,1.8757050398808581
1058,3,1.109917938977768
1058,6,1.5144293732895915
1058,13,2.2367854773348994
1058,14,1.6634785211908694
1058,14,1.981839929423877
1058,15,1.8110759586443386
1058,15,2.0064375561204875
1058,23,3.4227989987731666
1058,16,2.4841866461406914
1058,29,2.4826416742346984
1058,20,2.6805967091763923
1058,15,1.9215923919636904
1084,16,2.1522250771347085
1084,17,5.0156724784472155
1084,22,2.731517064761184
1084,27,3.8040999407503966
1084,11,1.7070150856240396
1084,23,2.3740414060262185
1084,7,2.4786533460604825
1084,8,2.9702488444050124
1084,11,2.8944921028449686
1084,12,2.4061101315896183
1084,8,1.7104456519100122
1084,7,1.8013010747279647
1084,7,3.1938240059164755
1084,11,2.427673911128608
1084,19,5.480900537141644
1084,14,5.705223988869738
1084,7,1.9188482262234408
1084,3,1.4437581092650835
1084,24,3.9077487491097798
1084,19,5.538130703576006
1084,7,1.8124427313061182
1084,10,4.841986844407022
1084,15,3.411791694762592
1084,12,4.1963791660917105
1084,13,1.7437619517135334
1084,11,2.813393823155142
1084,7,1.3488452564245013
1084,2,1.2651481398975273
1084,12,2.458395755478662
1084,12,1.7494426163193229
1084,4,1.687442665041657
1084,1,1.0
1084,16,1.797198495430341
1084,19,2.3555461298101266
1084,18,3.1718348970830093
1084,12,2.5777661673223973
1084,5,1.2558
1084,5,1.1025118510810499
1084,20,2.0255506303516855
1084,26,3.2095929523974056
1084,13,2.7575710226515535
1084,9,1.7588988871866331
1084,12,1.7763125320759567
1084,11,1.7464703511079096
1084,20,2.528693935216979
1084,21,2.7187036052424283
1084,21,4.419438601833916
1084,16,3.5644903317402963
1084,19,5.429994518815627
1084,20,2.955237612945642
1084,23,2.778396567847536
1084,21,2.8215829174740037
1084,12,2.165415875587219
1084,7,1.23998106928218
1084,5,1.637901764919
1084,5,1.4695137161210867
1084,17,2.476690412265567
1084,23,3.38926945319336
1084,27,2.641713894649197
1084,23,2.0642835911320367
1084,27,3.445056806435948
1084,17,4.073423924782255
1084,11,2.8220519399242296
1084,4,1.2354250971849772
1084,8,1.3407116996227053
1084,13,2.648726137255193
1084,6,2.3726586460815073
1084,10,2.4093521230425203
1084,24,5.425811853562623
1084,19,7.513686314653778
1084,15,3.0103605617249243
1084,7,3.043707708729717
1084,10,2.4663848740710654
1084,17,1.6616381652594903
1084,8,4.111313539736725
1084,27,5.170431992766802
1084,3,1.7849002944711674
1084,12,2.668065478981095
1084,5,1.0802225720053598
1084,5,1.831912323199674
1084,13,1.8073088403018758
1084,16,2.2925051167888375
1084,16,1.8750477183481846
1084,12,2.1898856464886363
1084,22,3.4593983062454345
1084,26,3.8242399774887184
1084,13,2.154693803090871
1084,21,2.4824706486587824
1084,20,3.19234996923071
1084,18,3.0156137612208065
1113,15,2.04092611440605
1113,21,5.999838805808972
1113,23,2.0738537937566264
1113,28,5.491160775670871
1113,11,2.8853662228723067
1113,14,2.7393591026242903
1113,7,3.5987448513883242
1113,9,2.158305479535221
1113,8,1.920918196196985
1113,8,2.296042117644277
1113,4,1.4787833839025277
1113,7,2.000549467154829
1113,8,1.6963148850806917
1113,7,2.324918901384083
1113,16,6.06856042587114
1113,14,7.625549392319057
1113,10,2.917671510854392
1113,6,1.645955924041168
1113,28,6.834429021345664
1113,30,8.904939417567707
1113,10,1.8124284313873296
1113,7,1.7260869039133202
1113,22,6.255106261586834
1113,11,6.777430166190919
1113,12,1.8558480219977735
1113,11,1.480651006252463
1113,3,2.3492933661184505
1113,8,2.695181955615388
1113,8,2.1725753143218767
1113,5,2.4300718728380497
1113,1,1.0
1113,17,1.426500065222175
1113,20,1.5827050093747674
1113,17,3.0095776150827516
1113,13,1.701302908780908
1113,2,1.1989243756750203
1113,2,1.5420842893370366
1113,23,2.6278963876239345
1113,19,2.0413280285960687
1113,13,3.5038114899894435
1113,16,2.276909219073711
1113,7,1.2795310759634662
1113,11,1.9318390326809602
1113,22,2.3602677219071624
1113,19,2.0549664088663904
1113,10,3.6056468309335927
1113,23,2.510004866747787
1113,17,2.6079390172406205
1113,19,3.583003208563889
1113,18,2.0033262891364343
1113,20,2.3396068170198605
1113,14,2.764817597268354
1113,13,2.19691095894543
1113,8,2.481616411316619
1113,6,2.2048694653373904
1113,10,2.794349849620161
1113,14,3.277638614273589
1113,24,2.6086996251712398
1113,22,3.889607073030842
1113,20,3.101875278563993
1113,33,7.791713290427467
1113,11,2.8255533763340495
1113,8,1.9806193528065261
1113,8,1.6009177569095365
1113,11,3.794579948598557
1113,6,1.1806454785359537
1113,12,2.2573928872890408
1113,20,4.371784852904423
1113,22,5.809483402163538
1113,13,4.622421228266519
1113,5,2.4943307585372385
1113,13,2.2626256028800045
1113,17,2.5911849755037095
1113,12,2.3760453693418686
1113,13,2.884033493047338
1113,7,2.5108250721929677
1113,5,1.66415812793248
1113,8,1.3111138179265809
1113,5,1.3476068201590323
1113,16,2.8894673521903296
1113,12,4.668444252800711
1113,11,1.7620275191834678
1113,4,1.5940629509563164
1113,16,3.0795335191822084
1113,18,3.584206148556638
1113,19,2.43992318378337
1113,24,1.7005374084719602
1113,24,2.6785735721839448
1113,18,2.4068307370520943
1128,24,2.920050770573123
1128,18,3.211643409660416
1128,20,1.9093805786904419
1128,25,3.4558310084840826
1128,13,1.71082696446629
1128,25,4.135742534539074
1128,10,1.803268878801204
1128,8,1.71542675172752
1128,13,2.2387113704287858
1128,17,3.2385214647499643
1128,6,2.4067742647789903
1128,11,2.7467238090546604
1128,9,2.3054094950969612
1128,7,1.8279578542628159
1128,22,6.984223738207709
1128,17,5.722880434692986
1128,10,4.087998227937326
1128,5,2.2060253642131253
1128,24,3.1394805634179144
1128,23,4.529539712102649
1128,6,1.714070752882432
1128,9,1.6913279444101785
1128,12,4.5174662642670675
1128,12,6.827021541570643
1128,11,1.7126760104165353
1128,9,3.086692317368318
1128,3,1.6543891074498687
1128,7,2.310306814968423
1128,7,1.9885838001602512
1128,3,1.4530043767501633
1128,2,1.748411702292842
1128,5,3.1802447332750727
1128,20,2.0667592828402572
1128,16,2.5235735192462556
1128,17,2.7152835036722545
1128,18,1.8270425817385778
1128,3,1.2710102547668642
1128,1,1.0
1128,20,2.8444846311187835
1128,20,2.666947679706115
1128,8,2.1523415260807477
1128,13,2.2006815777696715
1128,8,2.346711026679719
1128,13,2.015011221617564
1128,25,3.572312835823258
1128,28,3.0821415895925277
1128,13,2.076877200019234
1128,27,2.3061884350654105
1128,17,3.42220481499328
1128,16,4.635247574938448
1128,26,2.466640090796306
1128,24,2.6637984596027118
1128,15,3.851099131272351
1128,10,2.8356438023607478
1128,7,2.0461790658158736
1128,5,1.9426221230651264
1128,13,2.18116320043315
1128,16,2.6549393604240956
1128,22,5.0396774040876355
1128,18,2.6108288795104175
1128,31,3.243797702100986
1128,27,3.31138667668358
1128,9,1.509829098917181
1128,11,3.63606192883246
1128,6,1.2958672298770975
1128,9,1.8108223652114412
1128,5,3.7236384892321186
1128,7,1.7417293409774839
1128,38,4.620484567325402
1128,23,9.026527425497775
1128,16,3.0495637459286695
1128,10,3.9212453003190557
1128,18,2.75603649851026
1128,21,3.6878124949552005
1128,17,3.594342751147842
1128,21,3.7238444360567935
1128,5,1.0915254457124988
1128,5,1.4599067120512654
1128,3,1.206814404432133
1128,3,2.1691004005640955
1128,11,2.5286973651312175
1128,12,3.897662527881695
1128,18,1.6430478533707167
1128,17,2.5314100403806865
1128,18,2.2465573088370765
1128,16,2.0477857890660434
1128,16,2.0825929739392754
1128,21,2.4268975519514826
1128,17,3.1598027294515925
1128,17,2.5924209224198194
1155,12,2.9297681215624496
1155,18,2.9388993344317886
1155,18,3.8070022763116356
1155,19,5.276120961851668
1155,8,2.0699858056132556
1155,16,4.303551664495577
1155,8,2.211996504583864
1155,8,2.726575170190762
1155,21,2.741765643564889
1155,22,2.9246888557396153
1155,16,2.8516319510137658
1155,12,6.333655955866308
1155,6,1.9724526453586975
1155,9,2.381648939763558
1155,13,3.667477777504467
1155,13,4.918446788595756
1155,14,2.1480362120397087
1155,9,2.427987542092969
1155,22,2.11989559564278
1155,19,2.0635510196141835
1155,13,1.608360373891184
1155,9,1.8251114831444322
1155,20,3.1656780748508284
1155,17,3.969096457111103
1155,8,2.703162400097367
1155,7,3.3602811894040547
1155,14,2.4546207438365224
1155,4,1.4275556962934188
1155,8,1.7406631536537263
1155,5,1.8866641131220274
1155,5,1.2618171240616225
1155,1,1.0
1155,17,1.978090979585379
1155,15,2.940805341554826
1155,15,2.2803944360829616
1155,13,2.795035830013648
1155,14,1.5110683540808605
1155,8,2.384678901794266
1155,23,2.2355413464141156
1155,25,4.104204403567307
1155,10,1.5642316815535282
1155,13,2.0203593860011257
1155,12,1.7013019990378397
1155,5,1.9743235463442717
1155,32,3.1941591349014278
1155,27,2.216545761113639
1155,20,2.5070319468417828
1155,24,2.26467675385202
1155,22,2.1270630249089653
1155,24,2.9685088602053398
1155,26,3.660501993881236
1155,22,3.1494841782739735
1155,22,5.032679772469298
1155,10,1.7638467336064565
1155,7,2.103449738094866
1155,12,2.250610313987415
1155,13,1.928770537868078
1155,16,2.13505639820597
1155,24,2.6132057833960904
1155,23,2.6310037304838936
1155,17,2.3525593437323993
1155,26,2.305661344209861
1155,10,3.7004765126833425
1155,6,2.292260849410596
1155,6,2.922352639790996
1155,8,1.5211824796229154
1155,7,1.8944177188835203
1155,7,1.7162748272043733
1155,28,3.0683812740145604
1155,29,2.220011235339616
1155,15,2.8876205647587962
1155,7,2.926904394711135
1155,17,2.5004121728671516
1155,25,5.426189888752657
1155,22,5.792630872006716
1155,21,2.293792368736309
1155,9,5.147283480942159
1155,11,2.6516675673054273
1155,5,1.0859453021058325
1155,6,1.4544531234579199
1155,17,2.3294578833316484
1155,21,2.7827579046364765
1155,16,2.7661370250827555
1155,23,3.485440618297989
1155,22,1.9734751694296706
1155,16,2.83994107022627
1155,22,2.159161738218172
1155,23,2.516248139724307
1155,20,2.3769242940928232
1155,16,2.180882886071328
1231,19,3.9884019387350644
1231,17,3.5417112879576944
1231,29,2.806564303197756
1231,37,3.280013728661903
1231,16,3.0802781642095707
1231,18,3.195902473366156
1231,14,2.8687664964615642
1231,8,2.0156637815607663
1231,22,2.3722246499395196
1231,15,2.7750367565159277
1231,11,1.9373920626327754
1231,10,4.206005919093825
1231,6,1.797676065174408
1231,4,1.4970514489378937
1231,15,5.3958430255188405
1231,14,4.970809837562327
1231,9,2.5667785223792166
1231,6,1.6929398038752363
1231,19,3.593018399762578
1231,24,7.554021661496762
1231,12,2.799254667283258
1231,9,1.3540229878556713
1231,25,3.270094997462971
1231,16,3.576349959667531
1231,4,1.2920557076107884
1231,14,3.059612973754038
1231,5,1.0753331475683916
1231,8,1.604252440896862
1231,5,1.888908023755569
1231,6,1.954175863296547
1231,7,1.0762631518094576
1231,3,2.094360853909465
1231,12,2.4329604769679496
1231,15,2.8362738959284344
1231,19,2.7022352149684385
1231,21,1.8002290179742835
1231,12,3.2340147267692796
1231,3,1.253404903060407
1231,22,2.066458632282849
1231,30,2.9705669936644816
1231,20,1.973633013480806
1231,18,2.6689302376547643
1231,16,2.4554440733726253
1231,18,4.069508856372463
1231,31,2.2010508290905046
1231,30,2.6701899565261598
1231,27,2.966683395618282
1231,26,2.4001355250553877
1231,31,3.3272402859553716
1231,27,2.3480510806144395
1231,33,2.2159443462990662
1231,26,5.7734436123704995
1231,19,4.7064482176488935
1231,22,3.2464349488794295
1231,5,1.8666408330200044
1231,8,2.1222511723477524
1231,23,3.988239070523981
1231,20,2.878489160785523
1231,22,3.358965469318612
1231,21,3.04803319520999
1231,26,2.445017493047068
1231,30,2.9131515310667946
1231,6,1.6170465764948942
1231,7,2.7404165011765205
1231,4,1.7888545818130914
1231,10,3.169462803072462
1231,7,2.585419843644634
1231,21,3.2094692702636847
1231,28,6.06901392555131
1231,30,8.610031603258864
1231,15,3.5427598874283386
1231,14,4.606444273147763
1231,15,2.985821536218693
1231,20,2.7050922211272295
1231,26,5.211252466900617
1231,32,4.914154038765778
1231,12,3.785133324174234
1231,18,6.941734915976999
1231,5,1.7264617103266173
1231,5,1.2650339204122818
1231,16,2.1748760367950175
1231,10,2.911949458935385
1231,19,2.190404341397148
1231,20,1.6750536231109996
1231,22,2.163953134036458
1231,19,3.1219539409858155
1231,21,2.3109227995744805
1231,22,2.476662341904967
1231,17,1.9509715067964761
1231,19,2.7918773047257757
1253,17,4.5474301898702665
1253,17,3.4452283734284355
1253,20,5.123226040782983
1253,27,3.904817768261624
1253,14,4.773746696654666
1253,19,3.1537811255469763
1253,15,2.7083225686200714
1253,10,2.8992799117272012
1253,13,2.8652636115704655
1253,16,2.6688268744815145
1253,6,2.598901233074675
1253,11,2.9073488573591972
1253,7,1.5722473613129577
1253,7,3.097957964577714
1253,13,4.400060391668652
1253,13,5.343899852263099
1253,8,3.0312146719576445
1253,2,1.155541106934102
1253,24,3.472479708624931
1253,24,4.296539622583465
1253,8,1.3105718986482493
1253,11,1.9074984335043776
1253,10,2.091301914606722
1253,12,4.694684934602117
1253,9,1.8640481745219186
1253,8,3.2471046133256025
1253,3,1.413301204423609
1253,6,1.3185955244304732
1253,4,2.0595378426870496
1253,6,1.4721830330785672
1253,3,1.7091215870541436
1253,1,1.0
1253,12,1.4197613721740319
1253,16,3.1585582932514207
1253,11,2.7044547583036875
1253,8,1.7686147508189465
1253,3,1.0719922414709322
1253,18,1.9877689908665628
1253,24,2.411978393818195
1253,10,1.5760957308333747
1253,12,1.9847930603968018
1253,8,1.6884550792695128
1253,6,1.2884322214769193
1253,24,2.041316481388139
1253,23,1.795735815376187
1253,16,2.2572635385548394
1253,26,2.1857938035128814
1253,18,2.875099006338095
1253,12,2.384080132266278
1253,16,1.6838508865747948
1253,20,1.83908291297721
1253,15,1.988710116279668
1253,7,1.6448279024774126
1253,10,2.284847128638919
1253,5,1.5831013470286486
1253,16,1.6709250326633411
1253,12,1.5480705415796459
1253,20,3.2892320198080434
1253,21,3.3602986032085753
1253,10,1.8734619812725508
1253,23,2.8185536659647825
1253,8,2.0424003765710284
1253,9,1.6893116329445572
1253,8,1.4434159722581648
1253,10,1.579034986543637
1253,6,3.0783946800646524
1253,5,1.8579291453263838
1253,26,7.601469692801184
1253,21,7.659082477130961
1253,13,3.3852205948563303
1253,6,2.3049941426252363
1253,8,2.6569496695766306
1253,17,1.805275792791334
1253,17,1.7680451839614462
1253,13,2.9190053146296835
1253,5,1.1837132740848957
1253,6,3.6708247402383187
1253,1,1.0
1253,3,1.3569780853517879
1253,11,2.5378091881318086
1253,16,2.410915145447374
1253,13,1.6040595008772243
1253,13,1.9489054390666638
1253,13,1.8452068095969003
1253,11,2.0601557494420537
1253,12,2.0647302937434917
1253,22,1.8958356305602064
1253,18,2.607299666213674
1253,15,1.939259354964319
1272,19,2.550642829975993
1272,18,3.291230023609907
1272,21,1.9828537832665238
1272,33,3.682305852795337
1272,15,2.5235554008666217
1272,17,3.239954528971473
1272,8,2.8733261274070903
1272,10,3.0548312383137683
1272,15,3.356436869301734
1272,10,2.102706576166977
1272,7,2.2193730216675327
1272,14,2.36001166231285
1272,12,2.1468083070150255
1272,9,2.35313072584312
1272,22,8.37291449815538
1272,19,7.002875155010404
1272,6,2.156576068293284
1272,7,1.8724145250516437
1272,23,3.133271778813616
1272,27,3.5765607287333983
1272,9,1.6891530294840154
1272,9,1.7167195257517307
1272,12,5.297023222475775
1272,10,4.72948151437336
1272,8,2.3025629916829935
1272,7,1.726991597644711
1272,5,2.093215433049482
1272,8,1.5402056926318424
1272,8,2.1903101412317927
1272,8,1.7396571947035258
1272,5,2.062004307485021
1272,9,2.341635050428881
1272,17,2.4073426146948287
1272,15,3.868573324043246
1272,12,2.034021772754313
1272,13,2.7921632723482093
1272,4,1.8596318211702827
1272,6,1.2040829308632188
1272,26,2.671059890798508
1272,30,2.5582435777976316
1272,24,2.786712740838468
1272,20,2.611097203651706
1272,10,1.628541255764447
1272,6,1.6055497745404093
1272,23,2.281530951509884
1272,28,3.06719318327878
1272,22,2.4526218354517257
1272,28,2.922611204591074
1272,15,2.5426006483641728
1272,23,5.133752167382511
1272,20,2.9656051151327505
1272,25,1.9519855656005287
1272,18,2.5225089012984836
1272,10,1.9513333213942325
1272,3,1.402455752307224
1272,7,2.9863089478113904
1272,21,3.27257407618337
1272,18,3.4239468634131995
1272,23,3.033497882918042
1272,17,2.65450756851527
1272,22,2.5627387047024235
1272,33,3.7113517293572076
1272,16,3.2234540851667504
1272,11,2.469066312123443
1272,6,2.006652365406216
1272,8,1.519469805001448
1272,8,2.8523691525031794
1272,11,2.7897205131383465
1272,26,8.300729640434895
1272,37,10.697449878897153
1272,13,3.434098154375276
1272,11,3.0084419151822384
1272,16,2.5163299058553603
1272,12,1.5543478314098493
1272,19,4.120034109676739
1272,24,4.844625186607422
1272,12,2.3526134050309304
1272,8,2.7862677209753266
1272,4,2.0450273244181565
1272,5,1.9330525108038532
1272,17,1.9955329335524576
1272,15,5.307982096127909
1272,22,2.891035377841486
1272,20,4.526532344350732
1272,12,1.8763665753617325
1272,15,3.2827499484039153
1272,20,1.663385355586207
1272,25,2.748128162029211
1272,22,2.5533555192308772
1272,18,4.365988204886909
1275,15,3.397500976015096
1275,16,2.45801132038597
1275,28,3.416304603563112
1275,20,2.710296888766448
1275,11,4.117003798424083
1275,18,2.464429989334031
1275,8,1.9129729403317235
1275,10,2.266460341409896
1275,18,4.920785195875908
1275,22,2.611383995902078
1275,11,2.605545434058686
1275,15,4.090294435460242
1275,13,1.5714930545878738
1275,5,1.8109813914336406
1275,18,5.28024107587007
1275,11,3.7225842251045553
1275,8,1.871873499311273
1275,5,2.128584461250555
1275,23,2.4128971645296633
1275,14,2.92466539813165
1275,12,3.170326807764736
1275,10,2.2263082363899622
1275,15,3.0503192033385904
1275,9,2.0807241025204624
1275,9,3.4161643558390518
1275,6,2.0558804022683574
1275,8,1.2669857244348435
1275,6,1.7449913423478334
1275,9,2.801140966629043
1275,5,1.5265109675506332
1275,4,1.49237246105819
1275,3,1.2672735935992105
1275,14,1.8419880981764238
1275,17,2.873918447851281
1275,13,2.761392429760666
1275,12,1.5344712781738012
1275,5,1.6530041641879833
1275,18,2.5394747161640403
1275,17,2.7370454924792478
1275,9,1.6713336177799814
1275,21,3.0819671421041024
1275,9,1.6465386632480625
1275,5,1.0654589570143729
1275,21,1.8113980920162551
1275,24,1.7703365861928284
1275,15,1.8225361382324237
1275,21,2.077171991520854
1275,18,4.5592277280537825
1275,20,4.407510592695541
1275,28,2.450040900646524
1275,25,2.4915774078478004
1275,17,4.624906868419155
1275,16,2.4254402703462348
1275,5,1.9063416904089745
1275,8,1.3396432469730986
1275,16,2.47941388643291
1275,19,3.3667606850375047
1275,16,3.6840109037344497
1275,17,2.7056934293420842
1275,26,2.766430173703922
1275,20,2.4442197137025126
1275,8,2.5256054885438126
1275,7,1.7800675324863025
1275,9,1.8172374337903896
1275,11,1.6777481754671988
1275,2,1.470409254132288
1275,8,5.018387651841815
1275,25,3.098452949111047
1275,19,5.202948037025358
1275,14,4.306260991009015
1275,7,3.4893080283595475
1275,11,3.675044563848328
1275,17,3.3771116757818715
1275,13,3.406633608199558
1275,17,2.571182429089344
1275,8,5.054959802763791
1275,12,3.548972899806495
1275,6,1.6417124333848858
1275,5,1.5719297498416485
1275,14,2.5306301154848607
1275,14,2.696256243534015
1275,20,2.495666673504987
1275,12,1.60741750602649
1275,15,2.7169366384086167
1275,12,2.2690659710993306
1275,17,4.183967250812171
1275,17,3.1684427223580784
1275,20,3.9697672421392265
1275,13,1.6622882270159645
1371,13,1.9739202008539751
1371,17,2.1894310250471327
1371,31,3.912693818506731
1371,32,3.4878860919637615
1371,15,1.5745456181689819
1371,16,2.2342522058356438
1371,10,1.6686368980332529
1371,17,2.4926769515368914
1371,24,4.34329466403658
1371,25,2.462102162705347
1371,11,1.5880778117025243
1371,13,3.5066283553875235
1371,7,1.9609276328753034
1371,11,2.653179861690025
1371,19,10.326551177708037
1371,15,5.562692026874338
1371,15,2.2564322113901927
1371,4,2.7416029495031573
1371,23,5.7503387226471245
1371,23,7.053130879186772
1371,8,1.8546401363628355
1371,8,2.1808793041644443
1371,24,3.078070178429912
1371,18,3.640515190503883
1371,8,2.17911304894561
1371,13,2.8030919344812637
1371,3,1.2010707911957168
1371,9,3.156785176070604
1371,7,1.8785838800903472
1371,5,1.1337828118075284
1371,1,1.0
1371,10,1.7939662129569856
1371,15,1.9415786639018897
1371,11,2.790047459938469
1371,17,2.8630327917830782
1371,10,1.9008324374161674
1371,1,1.0
1371,24,3.259158335906242
1371,25,3.3789849730472894
1371,12,2.401117883680829
1371,21,2.547410485327132
1371,10,1.452424903381733
1371,14,1.641037220975083
1371,27,3.632820441435175
1371,29,1.8978244026172248
1371,30,2.4689201467881228
1371,24,3.1415543827551597
1371,22,4.097386774970964
1371,26,2.9873085169689504
1371,20,2.1503108895854206
1371,23,2.0216659470493195
1371,24,3.6094277318770787
1371,12,2.399777186624869
1371,11,2.3087966767887287
1371,6,2.0376630232210533
1371,14,2.215728133991092
1371,15,3.544145473709998
1371,27,2.769632319858664
1371,18,2.3597629431777927
1371,21,3.937368906820736
1371,28,2.680156828881459
1371,6,1.3020724821719782
1371,10,1.8051068692745336
1371,4,1.4427889611092974
1371,15,2.411592369191902
1371,6,2.3352723230304866
1371,8,2.4578189510890183
1371,28,5.387278482225948
1371,32,7.35634564203853
1371,13,2.4041852698366823
1371,10,4.495296639911548
1371,24,2.239264712596187
1371,24,2.0482301404228
1371,18,2.9379105871491022
1371,27,5.392655278317528
1371,6,2.1314063676737347
1371,8,3.7828652512942837
1371,3,1.5533462701153922
1371,5,1.6991944694444616
1371,12,3.4537259608119233
1371,17,2.3172567190416165
1371,13,1.4935185198637095
1371,20,3.080367228294658
1371,14,2.7070928905410256
1371,18,3.0956293263565655
1371,24,1.5917271633442966
1371,21,1.703998204103224
1371,25,4.536468403514985
1371,19,3.203993802698243
1373,18,3.9708216366585627
1373,24,3.9108340631891703
1373,20,3.158515451429491
1373,28,3.8797925050422175
1373,6,3.6396115608653674
1373,23,2.0978993653427227
1373,9,4.22367958318358
1373,15,2.904736441161285
1373,24,3.398101067285532
1373,14,2.986107790350381
1373,9,2.330662093006168
1373,13,2.198473451750546
1373,7,2.506283714530412
1373,8,4.069104643207554
1373,19,4.491742989502353
1373,14,5.576988068965973
1373,8,2.56518097267772
1373,7,2.4987476929356425
1373,32,2.795994132350688
1373,26,3.351208654906109
1373,8,1.6820300819773746
1373,7,2.702341420604385
1373,12,3.156645068970049
1373,11,3.2523440363588105
1373,9,2.1243231979198303
1373,8,1.7864135611894734
1373,5,1.6726385113662487
1373,13,3.6705720481590114
1373,7,1.969609356024646
1373,11,2.2842981427882187
1373,5,1.273647180957002
1373,15,2.896589600594734
1373,19,2.967447078671416
1373,11,1.792493722239584
1373,12,1.932405766849155
1373,8,1.8591128436010667
1373,4,1.0432227312693785
1373,19,1.696896301565033
1373,30,3.2199817126313204
1373,12,1.8068234999824269
1373,16,3.0076617602214797
1373,13,2.3055610470384376
1373,21,2.8902160477837886
1373,24,1.8986097930579042
1373,26,2.0511728710815467
1373,18,2.9185173534890714
1373,18,2.619413356971485
1373,25,2.4534000224387302
1373,26,3.424453544931491
1373,25,2.0791814698527022
1373,32,2.939168701528957
1373,26,1.915955813359368
1373,18,3.798770465976393
1373,12,2.5007317438784136
1373,19,3.501224782965045
1373,12,1.8771404573395059
1373,24,3.2808441315226093
1373,25,3.2982865035894515
1373,27,3.442349147096463
1373,14,1.949711992613772
1373,40,3.7746084154885287
1373,10,2.073478516589328
1373,9,1.7857527641621642
1373,7,1.2303455260627085
1373,9,2.059521512317926
1373,7,2.907684336268663
1373,15,3.199038824145842
1373,32,3.826750434641381
1373,27,6.590214660799694
1373,18,3.805673290743289
1373,8,3.9202396930738677
1373,8,1.6705851590966476
1373,20,2.1492471186692597
1373,19,4.175605486685032
1373,27,6.792891465579942
1373,6,3.6858927213919794
1373,10,3.374049866271964
1373,1,1.0
1373,6,1.6538065566158313
1373,9,1.9781100245085508
1373,15,2.4583630100158027
1373,13,2.4550203293774375
1373,15,1.9065650199258468
1373,13,2.046362714207712
1373,23,1.6937259012075145
1373,28,2.1964458295880434
1373,28,2.4594514799486875
1373,18,2.907060777843538
1373,20,3.3282324598989037
1394,22,2.4653666828498055
1394,19,3.1933780187603973
1394,24,2.094653362744189
1394,28,3.029222293388589
1394,15,2.207563105238583
1394,19,2.2324539512223294
1394,13,2.719719230769231
1394,9,2.3663958459870806
1394,10,1.4467987204443435
1394,9,1.985608003029481
1394,8,1.5681160462903316
1394,4,2.398352588735803
1394,10,1.9964935349550734
1394,5,1.827858352450757
1394,18,7.444482991948063
1394,16,5.501398879298024
1394,4,1.7853434144213653
1394,1,1.0
1394,17,3.4073684212112854
1394,23,3.8047850401275856
1394,6,1.531838012103186
1394,9,1.4722234300836003
1394,15,2.269762957433961
1394,8,3.222865937739976
1394,12,1.8442635404586605
1394,12,1.9168828541695886
1394,10,1.845418224329081
1394,12,1.8806801823222472
1394,3,1.2558041553980852
1394,7,2.1321776476552308
1394,2,1.0036484843025089
1394,9,1.939424815040556
1394,13,2.425618567697608
1394,14,3.6716441174853505
1394,9,1.7573977894788448
1394,7,1.46225118499683
1394,4,1.075978835978836
1394,12,2.1483051620192044
1394,15,2.26298930133973
1394,9,1.454052161636864
1394,11,1.4355871810541532
1394,1,1.0
1394,9,1.527268362206559
1394,17,2.034389452690813
1394,22,1.9272052702786493
1394,14,4.792015251432839
1394,17,3.3909678835515846
1394,13,1.8594919301717425
1394,14,2.098237385418811
1394,13,3.262724778343551
1394,22,2.159345925835149
1394,10,2.002455663415819
1394,16,3.227375498912173
1394,10,2.297344060021688
1394,10,1.632092737384998
1394,13,2.2090118871305515
1394,22,2.7207179898032865
1394,23,2.5213390374826203
1394,20,2.9809550320205194
1394,11,1.9611891077365764
1394,26,3.431987616543214
1394,6,2.271827640648833
1394,8,2.9380086838889445
1394,6,1.4953659905926318
1394,5,1.4051276879617751
1394,7,2.232859262285
1394,12,2.5552994345338575
1394,22,3.6715352647611708
1394,17,4.593789149343265
1394,12,2.6039386041657044
1394,9,5.094795439640469
1394,9,1.398934675702192
1394,12,1.432732125438901
1394,13,2.9714815399600134
1394,20,3.3474839821595888
1394,6,2.7169977260034472
1394,8,2.646881514661912
1394,4,1.6769705331112037
1394,5,2.287669464082555
1394,9,3.7116279487176596
1394,14,1.9468107619616228
1394,11,2.544328142052743
1394,9,2.9954296502001823
1394,14,2.449530010253845
1394,16,3.5995703140045965
1394,13,1.5198762947518716
1394,25,2.1924242347108165
1394,21,1.9256956874791085
1394,13,2.82596140235085
1427,15,2.130594319271696
1427,18,2.4214795840074013
1427,25,2.579767190770682
1427,24,3.2422582626057372
1427,22,6.738996674754645
1427,19,3.2792822665752874
1427,6,1.3645556454238181
1427,10,2.6909395745868503
1427,9,1.5279162917165607
1427,13,2.854987583836941
1427,7,2.4384449752246065
1427,5,2.179026955950033
1427,8,2.43520855015837
1427,5,2.6053595648052936
1427,13,4.42953125061768
1427,11,4.711719369080826
1427,11,2.551433421782267
1427,11,2.5412607620335343
1427,21,5.387728754855758
1427,19,7.337161866612629
1427,6,1.6638644773991942
1427,4,1.867855993622552
1427,17,5.179019479866692
1427,14,5.080042888107016
1427,8,2.3016173133309503
1427,9,1.3185164648225243
1427,3,2.1528196933490547
1427,11,1.7353820858408386
1427,6,1.809990936485344
1427,5,1.9927058588073545
1427,3,1.3454235918744228
1427,2,1.0123456790123457
1427,16,1.9370374223414537
1427,17,3.1365130161127945
1427,14,1.6744877429183886
1427,16,2.557475071435851
1427,5,2.4734492086577737
1427,8,1.1001307131251028
1427,20,2.5947769346104224
1427,17,1.9477086955089409
1427,8,1.6447976250206464
1427,18,2.3756294538001104
1427,12,2.1964092093637935
1427,9,2.3829815047714353
1427,28,3.541273613571019
1427,18,3.5815372027522954
1427,22,3.2327314017333735
1427,19,3.044477386085408
1427,18,5.973192318725044
1427,18,4.138012645478533
1427,14,3.46485109425282
1427,18,2.898527010270381
1427,13,2.5263380777914004
1427,11,2.5667659765904247
1427,7,2.1488466689524577
1427,8,2.4277060755369155
1427,10,2.8449186750002746
1427,21,2.364416456258991
1427,28,3.8539575783992284
1427,18,2.2659825608252833
1427,15,4.866375540853969
1427,23,5.938740041405529
1427,15,5.671937517104689
1427,6,2.326874973165259
1427,7,1.4049061298958776
1427,10,3.386256484238959
1427,14,2.091479251774281
1427,11,4.265377545216065
1427,25,6.244262059372097
1427,25,8.483947095480952
1427,15,3.8387433831624125
1427,11,4.365545310881397
1427,17,1.6312038240965823
1427,19,1.9151872627408655
1427,11,2.4212571617316883
1427,17,2.7329131689003874
1427,6,1.7989366748707292
1427,3,1.7925507268864236
1427,3,1.6135276207046543
1427,3,1.1542242400856042
1427,13,3.325133939301288
1427,9,3.203646148401872
1427,14,2.382449948485117
1427,9,1.5392545133190254
1427,13,2.8984548573763065
1427,8,2.018454384013461
1427,18,2.6051387152218797
1427,22,3.1865992314875426
1427,22,4.609872265374889
1427,21,2.6031648569625045
1448,16,2.260182482898734
1448,18,2.164785384756359
1448,31,2.6522994212546025
1448,36,2.6724976035085204
1448,16,3.247385868286346
1448,24,4.415531769431491
1448,6,1.5878552151370058
1448,10,2.26355362568196
1448,7,2.6616074962352383
1448,17,2.2608294819069554
1448,4,2.1765144978555524
1448,6,2.9185305236750443
1448,8,2.522277592620327
1448,6,1.350407555890128
1448,19,5.032995121083936
1448,14,4.724775470461886
1448,19,6.806992387964321
1448,14,3.80336159726846
1448,24,4.067482322743815
1448,25,3.165140086786742
1448,8,1.7649565871532917
1448,4,1.5972362009043048
1448,23,4.705117372920472
1448,9,5.138840217475328
1448,6,1.9181373468242189
1448,11,1.8467872112155168
1448,3,1.0979931972789116
1448,7,1.4387872396852361
1448,7,1.9912241110987352
1448,9,1.939837191414266
1448,17,2.176277735236532
1448,14,2.127984584557003
1448,13,3.760669577934561
1448,15,2.2295488113636774
1448,6,2.2265357046728274
1448,7,1.4344695454199055
1448,20,2.28176115055921
1448,24,3.4756941740738383
1448,15,3.137488133744222
1448,26,3.9226127905536177
1448,13,2.4378637401078502
1448,10,1.585030294893117
1448,33,3.4868490397016534
1448,34,2.3840554546588217
1448,18,2.6246514551438134
1448,24,3.5569926465405515
1448,24,2.2663248327850676
1448,15,2.1522287652421777
1448,17,2.564827012801973
1448,30,2.842546402974712
1448,20,1.834088803841976
1448,22,2.1496437386674487
1448,9,1.8869186057039384
1448,6,2.3644004973441843
1448,18,2.6705253904827444
1448,18,1.914710345158201
1448,21,4.0647128738159735
1448,22,3.8329829710165244
1448,20,4.354246271245231
1448,15,5.926317044928909
1448,7,1.866694562362951
1448,7,2.594577163411048
1448,8,3.029593061156379
1448,9,3.4772961674074345
1448,7,2.2956423647527697
1448,5,4.248499831464178
1448,28,3.8576536645665445
1448,27,5.161085815531709
1448,11,2.6103970602837268
1448,9,3.866227527150368
1448,9,1.6358082951953608
1448,16,1.832806467437077
1448,12,2.637910828046782
1448,19,4.039326369162647
1448,8,2.5067811337543398
1448,6,2.951592369478241
1448,7,1.6439331708246578
1448,5,1.5946281674371687
1448,14,1.8650834710743802
1448,16,2.4091153683175186
1448,11,1.2588083289286083
1448,16,4.413023010592082
1448,21,3.461542499445196
1448,20,4.2270149507671695
1448,28,2.406583712624336
1448,27,2.0592347177880206
1448,18,2.0911561023719636
1448,14,2.931239114731525
1450,17,2.198299244367192
1450,10,3.124919534449516
1450,25,3.379494968379012
1450,20,3.8869633883721297
1450,10,2.429820094491878
1450,16,3.0333780173179252
1450,7,2.719478743500756
1450,10,2.081319243105961
1450,13,3.500169559443302
1450,14,1.9190481281805984
1450,6,1.9564271442559382
1450,12,2.7254606726103257
1450,8,1.799351918198009
1450,10,3.4416700658469788
1450,17,3.815790960725849
1450,12,8.293470921478646
1450,10,4.401176902953236
1450,5,1.7915677351272918
1450,19,3.2540351440348196
1450,21,5.816391182340401
1450,7,1.3507837011701656
1450,8,1.8676031227973868
1450,15,3.069200446115443
1450,14,3.1562090093231414
1450,12,1.7541460807950475
1450,9,1.7553478765617219
1450,3,1.0336990356445312
1450,13,2.2643668794167784
1450,11,1.781769386896364
1450,8,1.4581560974930556
1450,6,1.580899582547749
1450,2,1.1936
1450,19,1.809053362996294
1450,13,1.8486843669409103
1450,16,2.504060963853015
1450,9,1.6627766056130011
1450,7,1.7642236090789347
1450,2,1.5039142858354742
1450,18,2.229030635111105
1450,23,2.2569610652373973
1450,10,1.629009752583942
1450,15,2.9340066514049554
1450,6,1.5800736157882371
1450,3,1.055772898430241
1450,21,3.7359408605949036
1450,17,2.270814804835394
1450,22,2.4804567712390555
1450,15,2.316551020193856
1450,8,2.2712164586190493
1450,13,1.9159454960646216
1450,16,1.9539297370901771
1450,12,2.1804317095286865
1450,11,1.8270594994877112
1450,7,2.568745429937518
1450,6,1.6406808912556101
1450,6,2.3428295886211767
1450,11,1.8498894146868599
1450,20,2.0657507244004707
1450,21,6.109335468713132
1450,22,4.63475180252069
1450,14,3.999153604571486
1450,18,5.862462761355909
1450,12,2.7642327383353673
1450,7,4.585460701241782
1450,7,2.310666810007572
1450,11,1.9821098542651248
1450,7,2.374114222023869
1450,6,2.2683945126043654
1450,28,4.366693105348207
1450,18,7.017537268932591
1450,16,4.079569886922973
1450,6,2.1835538648288826
1450,5,1.4886496457009277
1450,14,2.7793675130287867
1450,17,4.079337191438651
1450,16,2.6377405170472694
1450,3,1.527844498791743
1450,7,3.007188290003433
1450,4,1.3546371584340349
1450,4,1.5707624774362476
1450,10,1.741968133242743
1450,10,5.640261159829434
1450,11,1.3765293810061165
1450,8,1.8340207209325858
1450,22,2.5871108775259106
1450,6,2.5284217664372246
1450,12,4.160266893198424
1450,14,6.986285963231027
1450,25,4.173924128439076
1450,27,2.5271077295030597
1455,16,2.407515321785104
1455,22,4.149644839204792
1455,23,3.1231143931321115
1455,25,2.8626547843718653
1455,10,2.873930240931555
1455,25,4.2636431086324595
1455,10,3.112249086630336
1455,15,3.5775745132941625
1455,12,2.462353705584999
1455,23,3.8396242731939085
1455,12,2.105647421092104
1455,20,3.2030834102263634
1455,7,1.6002727496464524
1455,9,1.7458836162248732
1455,15,6.467678737138176
1455,15,5.261095649314298
1455,8,3.9094450608141513
1455,5,3.5308408085612366
1455,21,3.858012598306414
1455,20,3.2240277958294707
1455,12,2.603478369598454
1455,11,2.4949135238187425
1455,16,5.023735006812176
1455,15,5.878197279969316
1455,12,2.04101858208818
1455,10,2.391981034620882
1455,5,1.8278295033055294
1455,6,1.2194018881790945
1455,8,1.833653446588205
1455,8,2.2117585912867317
1455,9,2.3936276449704144
1455,3,1.6588919667590027
1455,12,2.9993668163701916
1455,20,4.498110178051981
1455,17,3.13688797363135
1455,14,1.4789218215820763
1455,10,1.7049680068652868
1455,6,1.517266030672624
1455,21,1.9069899584591974
1455,25,2.356841727335298
1455,10,1.7103759536423144
1455,16,2.291802674012475
1455,12,2.325220966295015
1455,7,1.8575722135805661
1455,29,2.4718808563247268
1455,25,2.524138655372541
1455,19,4.004278571684006
1455,25,2.48613064836291
1455,27,2.8099435276320466
1455,27,3.3380166464930197
1455,19,2.301719134167072
1455,20,1.8858527080241139
1455,9,2.372978178984634
1455,15,2.960697885804736
1455,8,2.6519549834391314
1455,9,3.0128179050338817
1455,22,4.622962418722804
1455,19,2.9747391337123554
1455,24,2.3153708271072606
1455,18,2.787339817831899
1455,13,3.420270346870222
1455,25,3.2554088320400956
1455,9,2.0134502370193723
1455,7,2.2462493394284024
1455,7,2.743506447390959
1455,13,2.306934116829519
1455,6,1.7678387109467326
1455,8,2.6056898754691002
1455,33,6.123672683855037
1455,27,5.3414353501007
1455,13,3.8246412311320106
1455,7,2.8871685293009963
1455,12,1.6605153374053554
1455,15,3.154554416703653
1455,13,3.41101706472359
1455,33,3.509734626153678
1455,11,3.623057658585148
1455,14,4.146850299725967
1455,6,1.6029403287998714
1455,2,1.2337881898321459
1455,10,2.6320029668379883
1455,19,4.03585765409378
1455,19,1.9007460387401263
1455,16,2.34568345671844
1455,24,2.504685712278988
1455,16,2.555009525777219
1455,24,2.8251677870661163
1455,17,3.0501109633253085
1455,19,2.869647941073259
1455,27,3.2033679977867453
1458,10,2.4129863531477778
1458,16,2.938753971735655
1458,21,2.6866369860376897
1458,24,4.074027725951828
1458,8,1.9912350163215258
1458,18,2.6343062920598754
1458,6,1.8475234027871457
1458,9,2.671090742869006
1458,12,1.955512090146438
1458,13,3.3239967191572157
1458,7,1.93964059194053
1458,11,1.7675706684453605
1458,6,2.458375898884282
1458,7,1.8576475543740354
1458,16,6.15203851840971
1458,11,5.166029110526988
1458,9,4.231122694740159
1458,9,3.2329267618211275
1458,16,6.029792416389633
1458,15,4.826029234544122
1458,14,3.5563836663001465
1458,6,2.5133750500015095
1458,17,2.1283422549753723
1458,5,1.9552086181258628
1458,12,2.5388956169960575
1458,7,2.318075306991899
1458,5,1.4838867033991212
1458,11,1.6999763179809042
1458,6,1.6554399247199443
1458,6,1.9747312899615144
1458,4,1.839757019001896
1458,2,1.1016593152699012
1458,16,2.207188181014778
1458,18,2.89942211194715
1458,18,2.025836001774409
1458,15,2.4540153002239515
1458,8,1.7753751540283123
1458,6,1.1906030089527548
1458,25,2.4845708906401045
1458,29,2.6917046411441214
1458,13,2.2744652798357574
1458,13,1.8063147351281723
1458,12,2.277014382689185
1458,11,2.4413219276016216
1458,25,3.376008817057418
1458,30,2.5976628473061196
1458,19,2.1728233312153793
1458,27,3.4463445876863195
1458,15,2.792582791174226
1458,24,3.3164893244985176
1458,26,2.0657720104089514
1458,32,1.8277052023099758
1458,16,2.4477851313346273
1458,16,3.363201477292099
1458,4,1.6289552263314149
1458,6,2.0671570053773847
1458,10,2.5579624585570313
1458,15,2.1173670179517274
1458,16,2.825648078028273
1458,23,5.435296664262015
1458,24,6.315999677646506
1458,33,3.5411781995846883
1458,9,2.2415118922879667
1458,15,2.2461901447369206
1458,6,1.9056466283594011
1458,10,2.840868774142628
1458,4,1.600919590626889
1458,16,2.8904902137841613
1458,31,7.402824345912162
1458,28,4.98200661635062
1458,11,2.6347172172811812
1458,12,4.844048594093693
1458,12,2.2921145485691667
1458,18,1.801646150292749
1458,12,3.276941321450942
1458,21,7.036211262629126
1458,7,2.774697601479828
1458,14,4.376502366699407
1458,6,1.8420624192059094
1458,5,1.3921931886802408
1458,10,2.0479103632851055
1458,14,4.631035885935286
1458,14,2.0666028336637
1458,15,2.1601097732663277
1458,13,2.5537680355513794
1458,14,3.0932547454270485
1458,23,2.263486003379354
1458,19,2.79856050255428
1458,21,4.016650926524429
1458,22,2.3758385748389714
1459,14,1.890370894773445
1459,16,4.597741797197572
1459,20,2.0570890550431042
1459,32,7.815647392665896
1459,11,2.890790451540033
1459,16,2.5359220646100553
1459,10,3.405027452781101
1459,9,3.1126469123625204
1459,8,1.8889278675039993
1459,6,2.071429120358271
1459,5,3.4193156307381085
1459,4,1.4724490239264194
1459,9,3.1597237438453347
1459,8,2.0348078461353323
1459,21,4.192115196936534
1459,9,4.226366903653723
1459,6,1.8846110232978057
1459,8,3.555329743769211
1459,23,6.590491767380665
1459,28,9.457196243639677
1459,10,2.9838219825712846
1459,13,3.13412647873685
1459,14,3.66455318057221
1459,14,3.3309312910465185
1459,12,2.1258410908701304
1459,11,1.4200341670340715
1459,4,1.6338775510204082
1459,4,1.148914687215371
1459,6,2.5365446137553143
1459,3,2.1201790633608817
1459,5,2.031193996772538
1459,1,1.0
1459,14,1.7910927536622607
1459,15,1.5590684237170553
1459,17,2.304717472499938
1459,13,2.2670549086670886
1459,6,1.2987097132845282
1459,5,1.1136491717556194
1459,17,2.66953864216141
1459,24,2.1210908936541313
1459,7,1.6780318816367974
1459,11,2.058972210408505
1459,10,2.051885681070478
1459,8,1.4606484712313073
1459,14,2.2294457929439817
1459,23,2.4206162449833624
1459,19,2.1618782422380476
1459,24,3.210099629990257
1459,18,2.7232166152007338
1459,21,3.3404105650215428
1459,27,2.646517534712501
1459,27,3.341585628160518
1459,19,2.77839691700419
1459,12,2.071508841098413
1459,7,2.5068180917030927
1459,6,3.0037704630570476
1459,14,2.3424078606473735
1459,18,2.413516058829616
1459,20,1.8718519935915527
1459,17,1.7186625333573438
1459,14,2.952903634186865
1459,29,4.318422100702006
1459,8,1.8229974302389162
1459,6,2.25626419192657
1459,5,2.3942528629969217
1459,11,2.9186105209593283
1459,4,3.3348160282137327
1459,11,2.678702721116618
1459,33,6.488650427146058
1459,29,5.865241748115444
1459,16,4.060214811802526
1459,11,5.681395764376524
1459,9,2.4924609663859454
1459,16,2.334786162535988
1459,11,3.0356669071240896
1459,16,2.3703676003155993
1459,7,1.7978220586974263
1459,10,1.6574365212774411
1459,5,1.3530376022918513
1459,4,2.1099960842665832
1459,11,1.6027101355096562
1459,13,1.7515041385948027
1459,10,3.738064982927776
1459,10,1.9493979576284104
1459,18,2.9352208553243933
1459,21,3.2498906437430715
1459,11,1.6206020369754
1459,19,1.4687344386924603
1459,19,3.4108324959476946
1459,22,4.282549821944077
1476,14,1.7119591683151474
1476,13,1.8250140863494035
1476,20,2.3344987697738953
1476,30,2.425288492487637
1476,12,3.2840269691803674
1476,17,4.114229866277286
1476,12,3.7599232995938734
1476,7,2.1127703299014464
1476,12,1.9095559188722815
1476,6,2.8033650130036873
1476,8,2.311157256339851
1476,5,2.114113611774004
1476,10,2.0269577685498574
1476,10,2.357234153314834
1476,8,6.810838634136942
1476,18,5.729176593531729
1476,6,2.003441252553053
1476,4,1.710871330780833
1476,15,2.4118043026256055
1476,21,2.1289492579926472
1476,11,2.3663537135232464
1476,6,4.294678839357679
1476,11,1.875154108237282
1476,9,4.429716086688594
1476,11,1.8820263054640987
1476,15,6.166618379827225
1476,1,1.0
1476,11,1.6743667659867152
1476,4,1.417103206561789
1476,5,1.274218125632692
1476,1,1.0
1476,3,1.6546722172079058
1476,15,2.0875387832106176
1476,23,2.02076401723414
1476,13,2.6168858536408326
1476,16,1.7458754394591116
1476,2,1.1503540191586838
1476,2,1.0218525519848771
1476,17,3.462656976781326
1476,24,2.127286097227192
1476,10,1.8754446876789932
1476,17,2.1058093568089324
1476,8,1.602234443123266
1476,11,2.4646333660511237
1476,23,2.7081701460362937
1476,27,2.1494832812373974
1476,21,2.4638522216297294
1476,28,2.5192556501242036
1476,17,3.339517973123739
1476,21,3.140619037950205
1476,18,1.6299165955950177
1476,25,3.3992957425968244
1476,17,2.0184344695145557
1476,21,2.8286445338399444
1476,6,2.0121082997422817
1476,4,1.4490075973141403
1476,13,2.458029988927436
1476,17,2.5203313046538014
1476,22,2.1272141111189686
1476,18,2.2408526426260273
1476,14,3.7088180133014643
1476,34,2.4171861123188685
1476,9,1.642874477674235
1476,10,1.8377140067536892
1476,7,1.5681796934798544
1476,10,2.9273247839871797
1476,7,2.5958167669134524
1476,10,2.7433215533944084
1476,27,7.036456407891827
1476,23,5.147369925887107
1476,15,3.343155240089378
1476,6,2.43626214701106
1476,13,1.8248096938026934
1476,13,2.382857825234603
1476,17,4.847881333716207
1476,15,2.5552548627538996
1476,4,1.7668409884600782
1476,5,2.544261269052293
1476,5,1.7703681422707827
1476,6,1.7290731403933361
1476,12,2.186453973687582
1476,15,2.230588833558922
1476,18,2.2079083533645063
1476,12,1.8002484794016549
1476,9,3.280118985450244
1476,15,2.907509698552698
1476,18,2.2709873306644437
1476,18,1.3834978048995759
1476,20,3.3907619862992058
1476,23,2.707364821958388
1498,22,2.0783724068501654
1498,16,1.8402127613751884
1498,30,2.6358079249517203
1498,32,2.5404535473368552
1498,24,3.1803599044913646
1498,28,2.175952900385152
1498,9,2.1284786796859043
1498,15,2.209699882982021
1498,27,2.270865154367402
1498,20,2.244866738722089
1498,21,2.9495361300645353
1498,15,1.5844272691946335
1498,9,3.0536626526514086
1498,12,2.9721357325956195
1498,20,10.103865842265636
1498,22,10.93611542373656
1498,10,2.963906849378059
1498,6,4.409129797198754
1498,34,3.8471102455830577
1498,25,6.529399258650733
1498,8,2.172262457939433
1498,13,2.405558115095439
1498,13,1.9833254552600763
1498,14,3.9677226182504874
1498,12,3.4911476173306895
1498,20,2.7288583026638666
1498,9,1.7516866901336599
1498,12,2.9686493184
1498,7,1.2154644999978919
1498,7,2.827650124868388
1498,5,1.5922049644360574
1498,16,2.9673733486752045
1498,23,2.2563547444210568
1498,15,4.1723143291087545
1498,17,3.3340367069135457
1498,5,1.7028350330364839
1498,5,1.3337041511116572
1498,24,2.4166580988676656
1498,21,1.6990392574846793
1498,14,1.5777180550585779
1498,17,3.514148602282733
1498,7,1.68966915232314
1498,7,1.6858085214127847
1498,37,3.7771845233973953
1498,37,4.878470885763701
1498,27,2.8799678710907113
1498,23,3.2338950845888332
1498,30,2.5707447553757286
1498,34,1.8050235528609408
1498,28,2.59625616589108
1498,27,2.337595921982787
1498,23,2.3501342909489455
1498,12,1.9147322057814562
1498,14,2.8871547796101744
1498,18,2.2862703996094766
1498,18,3.534010318155557
1498,20,3.7389400346076473
1498,24,2.8198963121957816
1498,20,2.397849931991743
1498,22,2.5561020934146943
1498,30,2.1402939557806384
1498,11,2.04078625673522
1498,11,1.9574493036913654
1498,7,2.1296302351943215
1498,14,1.9679791077123483
1498,6,1.8521937218169922
1498,12,2.7500774214802735
1498,39,3.464045439268664
1498,25,2.4099013841154413
1498,11,4.771822499083122
1498,9,5.9713249976135785
1498,18,2.4302408246926106
1498,17,2.8195665617352326
1498,18,2.4788905176320672
1498,23,3.015664732994176
1498,9,1.3063605859341474
1498,21,1.9562675017096787
1498,3,1.3072521037652791
1498,4,1.1664499791753435
1498,15,2.121909407781263
1498,16,3.6811202114470496
1498,24,3.50733329301691
1498,18,2.971396393388467
1498,28,2.29975238361409
1498,20,4.180045482722465
1498,24,2.483440885685694
1498,20,2.312293861594535
1498,26,2.400841745692958
1498,21,2.885747341450507
1530,15,1.9974066788190166
1530,25,2.806526470763561
1530,31,3.942521295069664
1530,32,4.721139461310461
1530,21,2.454857897042919
1530,27,3.1000098406769214
1530,11,3.9652726849369446
1530,12,2.0074024877912637
1530,14,2.7177091737492303
1530,13,2.1995563593945673
1530,8,2.073408553766138
1530,11,1.6451816872636997
1530,11,1.9339155836380661
1530,7,1.215241212077511
1530,18,6.448595011587467
1530,13,5.5554708468654574
1530,4,1.8160598041698122
1530,7,1.3584017979298242
1530,24,5.181824821837035
1530,18,5.680338590204389
1530,12,3.182580225497582
1530,15,1.6095562023980294
1530,13,2.4378750882510603
1530,14,3.0812428715282354
1530,11,1.7306220619348927
1530,15,2.331818514119566
1530,17,2.2597222556352103
1530,16,1.5282537671749932
1530,5,1.7218848323643183
1530,5,1.3538231660222149
1530,2,1.0211870312070068
1530,9,1.8847393007143023
1530,15,1.660367290766603
1530,17,2.0860224166740164
1530,12,2.902254881376948
1530,12,1.811879100498341
1530,10,1.6091289378209237
1530,3,1.3849109274100968
1530,21,2.4288841812975512
1530,20,2.921588986540602
1530,14,2.8182005919630475
1530,19,1.7907039786974586
1530,4,1.545084237457134
1530,7,1.670412471097773
1530,29,3.8126967844446216
1530,29,4.348663707849992
1530,19,2.766501907147215
1530,20,4.390581883752974
1530,27,3.075573605080388
1530,26,1.6004902371664902
1530,32,3.5657826380916138
1530,27,2.6247983362567893
1530,22,2.645142477401313
1530,23,3.4868426680131477
1530,7,2.3844090077028883
1530,3,1.422011579488142
1530,12,2.3929291559587806
1530,19,2.9653325425121606
1530,26,3.9464207622476475
1530,21,2.81578309344878
1530,18,2.1473409305441193
1530,29,2.4060833310454686
1530,10,2.569910949698304
1530,14,2.9431509928239854
1530,6,1.715863953291067
1530,10,2.203275588777268
1530,5,2.8063892939156085
1530,11,1.636434770161132
1530,38,4.691110458037412
1530,22,4.19836177034443
1530,15,3.0730097908470557
1530,12,4.496540520408544
1530,12,2.247946136763728
1530,10,1.6114047651165566
1530,10,2.7543503586946043
1530,24,4.005920960447181
1530,4,1.4255720947924173
1530,12,2.369187202573616
1530,4,1.423738136294756
1530,2,1.3959348121034185
1530,11,2.025104402454325
1530,15,2.5287708322345983
1530,14,1.1870951426692966
1530,17,2.6101445134692915
1530,20,2.1104773096218095
1530,11,1.8171553280906474
1530,19,4.0427544493873295
1530,21,3.2438621340121734
1530,19,2.4723639523606336
1530,19,2.524167404106087
1543,22,2.214956287087131
1543,15,1.7735268499881487
1543,35,3.8215198099118513
1543,33,3.592013192717448
1543,23,3.986512940967623
1543,30,2.340808041761073
1543,11,3.7298970619522613
1543,17,1.7239075479219115
1543,24,2.4469019234635083
1543,28,2.4889884404089773
1543,19,1.8325578584302622
1543,19,1.7732359680695693
1543,11,1.7391765861412343
1543,9,2.0513841033478912
1543,25,12.422617173583424
1543,19,10.899923273528927
1543,13,2.8319181126231263
1543,12,2.362938027423292
1543,27,6.671826930249744
1543,25,10.697229141531341
1543,14,4.86813751886825
1543,12,3.130755562993076
1543,17,2.3311490200313436
1543,14,2.7140394557797425
1543,9,1.7359697820050088
1543,9,1.7178807130629126
1543,6,1.4905308727088287
1543,5,2.25509061330478
1543,8,1.3321851913375478
1543,9,2.6908047824412473
1543,5,1.8077293648449921
1543,1,1.0
1543,19,1.8019902219143005
1543,20,1.9661779617761377
1543,13,2.7009071177156008
1543,17,2.0186125918300797
1543,8,1.2353994586478396
1543,6,3.3178657644428915
1543,22,1.4660816740745455
1543,18,1.419484973264842
1543,14,1.8752579316420162
1543,20,2.215231691586636
1543,2,1.0087247916918247
1543,11,1.863294987784907
1543,38,4.149476641386321
1543,28,4.167338817000592
1543,25,3.4793704081617216
1543,21,2.1569530834590367
1543,27,2.4610162511413507
1543,30,3.2085439059690364
1543,27,2.9225263188550317
1543,26,2.7114649969951987
1543,17,6.842134889561209
1543,16,2.5733227546933604
1543,10,1.7347645863842134
1543,18,1.7671539288218232
1543,15,1.9332575501384626
1543,26,4.069481182486136
1543,19,2.716371436231045
1543,18,2.497139687663527
1543,17,1.8186935231788433
1543,23,2.2041425164043957
1543,13,3.6724245543004095
1543,12,1.914571173575527
1543,7,1.3527201073204858
1543,11,1.5292954653890698
1543,7,2.162483082294813
1543,10,1.6746613246532165
1543,33,5.6504491055451105
1543,26,8.591218518817914
1543,13,3.111868619484398
1543,11,5.0446090961640335
1543,13,1.8812110748323947
1543,11,1.3200382100717016
1543,17,3.094428458683224
1543,24,2.871310393194372
1543,4,1.230685444782102
1543,13,1.6547412741593588
1543,6,1.7594300188413212
1543,3,1.6439132268618264
1543,14,3.422185915516693
1543,19,3.0675678803643103
1543,13,2.462434262581743
1543,13,3.254501862070563
1543,26,2.7925301443381705
1543,15,3.539563441459457
1543,16,1.7310209299546873
1543,15,2.519276759537574
1543,14,2.1960542899620576
1543,22,4.4701009997607235
1558,19,3.1074290776223186
1558,19,5.9082600528568365
1558,34,3.2769067577441895
1558,33,4.659426359342978
1558,28,4.015482925485482
1558,33,4.316215976137445
1558,12,2.6719186979714187
1558,13,2.6180483894971855
1558,14,2.007642933720841
1558,18,2.000781684755029
1558,12,2.2096339969855188
1558,8,4.407300537197293
1558,13,3.278002833915376
1558,10,3.537678872247374
1558,23,6.463051041549699
1558,19,4.911101740754876
1558,16,2.3082813911374145
1558,17,2.5238808915250517
1558,23,4.89763863743868
1558,24,5.779846673614399
1558,11,2.497704798854381
1558,11,3.3169608223049245
1558,19,2.2279563213461873
1558,14,3.1565306558063972
1558,18,3.812647289521462
1558,22,5.203888622140146
1558,8,3.3010528655165707
1558,11,1.8687295705362632
1558,7,1.5269414763258504
1558,15,2.013998283018125
1558,3,1.4425976028057192
1558,3,1.331219868517166
1558,23,2.3204589790923396
1558,23,2.474404859933828
1558,17,2.480589981206142
1558,14,2.668322251679782
1558,16,2.0131036610901716
1558,9,3.1118052903070255
1558,19,3.048742757564762
1558,26,3.3833672909604875
1558,16,2.1062387255916035
1558,24,3.1010852753743112
1558,9,2.052061344814002
1558,10,1.5956423362265444
1558,33,3.2026696045808065
1558,29,4.934093745682326
1558,38,2.4538540824764854
1558,26,3.35158111165404
1558,27,3.0450246276394024
1558,29,3.3330705719627205
1558,32,2.998284072424523
1558,26,2.7190094440718133
1558,23,3.3167030200610865
1558,18,3.0663519399130728
1558,10,3.0956388282504497
1558,11,2.2088309109318502
1558,19,2.5455368066587396
1558,17,2.4786820979920496
1558,26,3.0073575805118478
1558,15,2.5850252629397263
1558,16,2.8224321341777543
1558,32,3.734920275987372
1558,9,3.3168608479133814
1558,7,2.0305179588285918
1558,8,1.7838897230157387
1558,14,2.352832664998799
1558,9,2.5336413440467496
1558,9,2.0242884074810084
1558,43,3.4127961683865853
1558,31,3.2010551968934653
1558,11,3.210594959498896
1558,10,2.8944425935927813
1558,16,4.877296775540861
1558,10,1.8200287206822379
1558,12,3.7859609300675476
1558,21,8.764088300252425
1558,7,2.0813362466167855
1558,14,1.9376422673309115
1558,2,1.0025361006159101
1558,4,1.12615995539067
1558,15,3.961994426193539
1558,12,2.7028037208335176
1558,19,1.992175516711995
1558,22,3.334615810636421
1558,18,3.8838278799606942
1558,16,2.4514863071244317
1558,23,2.3680572691491517
1558,29,2.5316744320136215
1558,27,2.6216249052796954
1558,21,2.1958525373039097
1594,20,2.3441333334489944
1594,24,2.3739409736680663
1594,36,3.51575877494981
1594,44,2.2883213227096486
1594,23,3.3904027171774023
1594,33,3.3142611433521734
1594,7,1.9592170500651818
1594,13,4.518842734565346
1594,13,2.0612694777869676
1594,9,2.2696907799008477
1594,8,2.900823006482076
1594,9,1.6622536444500517
1594,8,1.7847051218285874
1594,8,1.501061868534396
1594,19,11.18515049637683
1594,21,8.183587657481873
1594,14,2.025006263890638
1594,14,2.2895192526430477
1594,34,4.886004474040358
1594,29,5.4119931061128215
1594,17,2.97907149395018
1594,14,2.9079563771313564
1594,17,2.078866058009853
1594,12,2.2361541050646108
1594,7,1.649933534565698
1594,14,2.151743916885663
1594,6,1.7679912576577228
1594,9,1.47227876666926
1594,5,1.6302964283671173
1594,7,1.4282803808512443
1594,6,2.5288152718641395
1594,2,1.033885299868815
1594,30,3.2806089509861116
1594,26,2.3424854578242695
1594,13,2.0996738326951276
1594,13,3.3608996403780993
1594,12,1.5145536245591564
1594,7,1.261613367493799
1594,27,1.7492149544777615
1594,24,1.9899495199465354
1594,24,3.5664737291886124
1594,27,3.798130108601814
1594,13,2.2596896438928438
1594,20,2.981397436315214
1594,35,5.248503855716218
1594,26,2.6852800132363286
1594,25,2.7059429100118897
1594,26,3.241222944672529
1594,27,3.180647306127566
1594,25,3.0090612775412593
1594,26,3.324007968084012
1594,27,3.5281273776203017
1594,9,1.5851074116245745
1594,20,2.630421871539955
1594,4,2.2237793103448276
1594,9,2.7752354710014977
1594,29,2.346646811877836
1594,30,2.9143057284142064
1594,20,2.631462513755261
1594,22,2.672910485031146
1594,26,2.9929062205791386
1594,33,2.889303761600748
1594,10,4.034396042952425
1594,10,2.4896010340542785
1594,9,1.779548749728498
1594,10,1.6360332052554516
1594,4,2.582612132365341
1594,14,3.1497774060160184
1594,34,2.0789261789590725
1594,30,3.538050823943138
1594,16,2.9069428141874587
1594,12,1.899717371190724
1594,10,1.657591748341793
1594,16,2.0364559944056393
1594,16,3.849881330009374
1594,19,3.8727889883542588
1594,9,3.294016556503736
1594,14,1.951584261033315
1594,2,1.0939622736799577
1594,3,1.835223541002064
1594,18,2.4646850502898654
1594,15,2.340758110383425
1594,22,2.3795604669982486
1594,18,3.393262278016078
1594,23,2.6555917292894864
1594,12,3.2987992684559844
1594,21,2.311387256348567
1594,26,2.465678726928037
1594,28,3.256347868239214
1594,24,2.8504314530548687
1659,16,1.7793610052534652
1659,16,2.2889787913491415
1659,35,3.821600145775506
1659,34,3.2515023789028814
1659,18,1.9734968696849955
1659,22,2.3763053164854853
1659,10,1.8486178546214491
1659,12,1.558996308775713
1659,20,1.9105697417419907
1659,13,1.6959781749988483
1659,16,1.8965680224712107
1659,7,2.1496623716984304
1659,11,1.37842812601982
1659,5,1.5002708020609354
1659,19,8.929192242877942
1659,22,10.035128021796663
1659,7,3.860617782659591
1659,8,1.6914651107118137
1659,28,4.543145548106924
1659,36,7.946438353168727
1659,9,2.786842238391903
1659,12,3.1224678535506727
1659,18,3.335686959307324
1659,13,3.182398434762577
1659,14,1.8624642854696924
1659,12,1.974387469567154
1659,12,2.9939147035636036
1659,8,1.451923152945878
1659,7,1.9285605816351645
1659,7,1.6003455172251126
1659,10,2.2869645091707533
1659,2,1.031259440350986
1659,21,1.7297848015014
1659,14,2.1299690324451626
1659,19,2.38092003847662
1659,18,4.19994422368676
1659,5,1.4684385121237167
1659,2,1.0599455277973564
1659,22,1.7278424162397474
1659,22,1.5331626195467836
1659,16,2.317008392064897
1659,23,2.652756575087282
1659,6,1.5610462844397954
1659,12,3.3340644585273624
1659,37,2.419209010833059
1659,23,4.016778434328014
1659,23,3.6770051737123652
1659,21,1.886562270820153
1659,34,2.441766695339465
1659,29,3.005853364141933
1659,30,3.182109691511423
1659,24,2.092153903068931
1659,17,2.663653235018272
1659,13,3.4823912940868835
1659,13,2.818672650433405
1659,14,3.6499082429514584
1659,20,2.2459797477509538
1659,24,2.6687713106355817
1659,18,2.1911775214885245
1659,17,2.8152307171397464
1659,22,4.248396087562843
1659,26,2.041726667224285
1659,12,2.4293930075061723
1659,7,1.3127721942983563
1659,9,1.3479308906447778
1659,8,1.5937697515193099
1659,6,2.961654110490901
1659,10,2.3125917173141834
1659,34,7.3461836350958265
1659,33,8.301891443999976
1659,13,3.6673960365640497
1659,8,3.05147367164554
1659,13,3.1152682254658353
1659,12,1.7164152674458306
1659,17,2.266231572573829
1659,13,3.163635009563559
1659,8,1.3796858983253317
1659,19,2.3790848878949262
1659,6,1.723817101604367
1659,4,1.3601491987158587
1659,17,2.421399267948535
1659,13,3.0872523268395473
1659,22,3.2160617817957853
1659,17,1.687490641988287
1659,26,2.6910856572498982
1659,18,2.4569911243947855
1659,30,2.7018517206419164
1659,25,2.4056951661764585
1659,37,3.1867478156461018
1659,23,3.886644683805174
1667,14,1.8181909106416883
1667,21,5.636376970396072
1667,37,3.32335083597736
1667,35,5.0491433738592315
1667,14,2.374174600960629
1667,20,2.1512899801812098
1667,8,2.3431263771506607
1667,8,2.318549119791252
1667,18,2.9530992809695924
1667,13,2.8266434764846364
1667,14,5.082795163071634
1667,17,2.0158161230202185
1667,13,1.7869258027811261
1667,9,1.6048563483260168
1667,21,8.500332269275079
1667,17,7.030356460627138
1667,7,1.28323857182101
1667,11,1.4142244439863487
1667,33,8.10070660277275
1667,24,8.914442317904424
1667,13,4.1168321828616055
1667,14,3.6116867721927512
1667,15,2.1114679453454945
1667,11,2.4211236352585863
1667,8,1.9808148479433338
1667,12,5.260310604981028
1667,15,2.15203278204855
1667,17,2.5213364292910896
1667,10,1.6977673854208564
1667,9,2.3275593038682514
1667,3,1.0204130699943705
1667,2,1.183673469387755
1667,20,1.8398143139090832
1667,22,1.5246614014933986
1667,20,2.7043406664628202
1667,20,2.3152149842939584
1667,7,2.527071378129746
1667,1,1.0
1667,20,2.3221641820770507
1667,28,1.9120975115450964
1667,19,2.4998905367525803
1667,18,2.5588584710743802
1667,5,1.2904587263418799
1667,17,2.416207057351422
1667,32,2.3474393980374746
1667,27,3.442567406754315
1667,34,2.5428595555177416
1667,27,2.498108090937148
1667,22,3.428930133624056
1667,33,3.2879964381792917
1667,31,2.8330720936637985
1667,28,3.346992650476424
1667,19,2.597414211704278
1667,12,2.408998594398425
1667,4,1.9208998347609494
1667,8,2.504419345513188
1667,24,3.4382350913579804
1667,18,3.6345329339072494
1667,23,2.314926259730074
1667,23,2.279282146265793
1667,21,1.6333679017207088
1667,26,2.145941872748408
1667,9,1.536018482881235
1667,8,2.2016432355555557
1667,9,1.5208310655091477
1667,11,1.480134191110741
1667,4,2.6930377648768795
1667,11,1.6977776928381578
1667,37,4.5319431123433755
1667,34,5.278974762165121
1667,17,4.172386474064495
1667,11,3.6980190339402634
1667,14,1.7348975229727701
1667,13,1.8966702066648307
1667,14,3.3275084453334247
1667,25,4.5217953808080775
1667,7,1.658645396848915
1667,11,1.6980890165824316
1667,3,1.3095673469387754
1667,5,1.785365991179124
1667,14,2.257107096514707
1667,15,3.155792514869424
1667,24,2.4424015515885102
1667,22,2.5866544561934774
1667,23,2.0293936855336896
1667,20,4.1318077730379255
1667,21,2.630252359225777
1667,25,2.73268095314051
1667,35,3.1667607000423756
1667,26,3.1256164135907984
1679,17,2.3828318707265166
1679,19,2.8328863937641
1679,38,2.856519254630602
1679,32,3.7493338502582683
1679,21,2.664375104631119
1679,22,1.9782202228595862
1679,15,2.360332117082505
1679,18,6.501802608958293
1679,25,5.047166579341759
1679,23,2.7997112543660614
1679,21,2.1849315231840016
1679,10,1.6026599139980404
1679,12,2.0075859677511723
1679,8,2.114888640009297
1679,23,7.820042182427199
1679,24,9.28519660736349
1679,14,2.708521585378663
1679,11,1.9886233769967572
1679,29,6.088705719441723
1679,33,10.004090224948044
1679,11,1.9679041793048293
1679,15,6.180096288215166
1679,15,4.337780178480658
1679,13,3.367471135206801
1679,8,1.2701294522412812
1679,6,1.9402756131975751
1679,4,1.223546446870127
1679,8,2.6812560753149186
1679,6,1.499602379573362
1679,10,2.007999113573407
1679,4,1.120628708496402
1679,1,1.0
1679,21,2.270940815859656
1679,19,2.6179436452199414
1679,15,3.208300587941659
1679,13,2.668382150871544
1679,6,1.2039517431366962
1679,4,2.680567954290468
1679,19,1.9430832482869222
1679,20,2.5606815504880402
1679,15,1.926978797464937
1679,23,2.1426902868109927
1679,10,1.4645923875432525
1679,11,1.452964210001247
1679,23,3.1393251551358063
1679,24,3.5358474205476984
1679,31,2.5094348904898927
1679,24,1.8049540814816802
1679,28,1.616062474646727
1679,33,2.9121300158580627
1679,31,2.1800301540100975
1679,29,2.7390322475877413
1679,22,2.77064723200077
1679,14,2.162575750121369
1679,19,2.959652099093387
1679,14,3.259472744938067
1679,14,3.4765825142091717
1679,29,2.8240142997780597
1679,25,2.3993371976542415
1679,23,2.611036040727002
1679,25,2.3142955189455585
1679,26,2.3059678139651822
1679,10,2.1344291451368185
1679,7,3.872587112725025
1679,10,1.7665731272294887
1679,9,1.7179876397609153
1679,5,2.287170877086395
1679,10,2.2584400574911796
1679,42,3.074207108114037
1679,41,3.0115071068450363
1679,13,3.9893659315395813
1679,11,4.215480809446795
1679,13,2.199962693375386
1679,12,1.5576923718521165
1679,18,2.3382905525862827
1679,21,4.433270201560808
1679,11,2.294966540870514
1679,14,2.876864622696424
1679,5,1.5064638374661685
1679,7,1.6907482127976843
1679,14,2.494551196201142
1679,19,2.788244097358379
1679,24,1.870770400959201
1679,25,3.377259821266717
1679,21,2.440882462569273
1679,16,2.4221823809371514
1679,20,2.0270206904252737
1679,25,1.570938382473546
1679,24,2.913395670187602
1679,33,2.729632668542234
1686,16,1.5754422551005671
1686,20,2.8427166511840665
1686,35,3.055803228425877
1686,33,4.4006998852221795
1686,20,3.459806748656436
1686,35,2.9996301092657407
1686,11,2.637099222268768
1686,9,1.772985502477476
1686,15,3.019483000418468
1686,12,1.8071304297308017
1686,14,2.6876913638084816
1686,10,2.139007237693201
1686,11,2.751337275950924
1686,9,2.097396924280157
1686,23,6.932478262074312
1686,23,7.771455496864144
1686,16,1.8684890414304083
1686,18,1.9559157814953523
1686,34,7.913512218622605
1686,25,7.913286863572341
1686,12,2.626284320424372
1686,24,3.2512737399701828
1686,22,4.012322309936029
1686,10,2.3479586413116436
1686,18,3.120876813033267
1686,25,2.680649233248813
1686,13,2.4275702067178275
1686,20,1.7603959069781483
1686,10,1.6563891983295003
1686,9,2.1222636180253986
1686,12,2.870864767850621
1686,12,2.083789243329686
1686,21,1.8910388191145135
1686,20,2.2029750009929474
1686,19,3.0641062403181034
1686,19,2.350176341565389
1686,7,1.3993749831716216
1686,10,2.3560638030912453
1686,24,2.504813207051085
1686,25,2.6873574898111516
1686,23,2.1928860504972656
1686,30,2.602498751731285
1686,12,1.547150551352904
1686,14,1.8488933848333615
1686,39,2.474863731040624
1686,38,2.5154710269814413
1686,33,2.763917987630758
1686,31,3.292673253410516
1686,35,2.13041016560512
1686,34,2.136677792018191
1686,41,2.8816105806360257
1686,25,3.7417809941735727
1686,22,2.8651816321515815
1686,20,2.7515301557290632
1686,8,2.2634773790780636
1686,19,3.457375862284336
1686,24,2.926920434955003
1686,35,3.269030492745382
1686,25,7.07744055160783
1686,26,3.6439496771237834
1686,22,2.2927703785401956
1686,31,2.068150123817814
1686,11,1.8480095879984733
1686,8,1.7900699434375225
1686,7,2.368401856903727
1686,9,1.530091088400546
1686,7,4.516403846975347
1686,11,1.7999642022507283
1686,35,4.8973122787609205
1686,27,4.0619884574331175
1686,13,3.3469573000869164
1686,11,3.4368717947392065
1686,18,4.138289127149886
1686,15,1.7316207059787687
1686,19,5.275188319694227
1686,27,4.928277458002822
1686,15,3.9019787818247167
1686,15,2.8707949173838867
1686,4,2.0778790756393253
1686,5,1.5378442185816905
1686,19,3.7525231935211147
1686,19,2.3011093242720415
1686,20,4.109452581237164
1686,25,3.2986670208062123
1686,22,2.6785384516661064
1686,15,2.9855632052091448
1686,16,3.4610379366394612
1686,29,1.7781991600963833
1686,28,2.706385211371292
1686,18,3.1239710588646568
1704,23,2.5608935240322297
1704,20,2.8006420286435993
1704,35,3.8889843490086973
1704,38,4.1617268687819875
1704,21,2.1146898406653807
1704,24,2.2133427004696538
1704,16,2.8270486568976994
1704,15,2.0504025641615713
1704,20,2.545218893989386
1704,19,2.1144919680840357
1704,11,2.650673240909312
1704,7,2.1539926630104684
1704,14,2.1055726240973116
1704,9,3.193316326530612
1704,27,11.592683560065279
1704,20,8.70524032312074
1704,13,2.584044239216339
1704,16,2.2220016244709884
1704,23,4.527916957829779
1704,23,4.836697605031999
1704,17,4.191479717647058
1704,8,2.5691148934633006
1704,25,2.9211702039830545
1704,12,3.062003552868754
1704,13,2.406947089538578
1704,9,2.3993610176219153
1704,9,3.6002853849364853
1704,9,4.46931833958073
1704,6,1.4822996065880123
1704,4,1.4641089215634215
1704,5,1.4408558991463623
1704,2,1.6655818311362587
1704,17,1.8622273897411927
1704,13,1.5001684156159978
1704,16,2.706398000618123
1704,19,2.105323766856108
1704,6,1.3440931928326887
1704,4,1.3526750437291233
1704,23,2.37244753291255
1704,27,2.1636165827712426
1704,19,2.2561101033251796
1704,24,2.228915023404358
1704,9,2.5046992209611263
1704,12,2.0943488812911744
1704,34,2.7996247630269737
1704,33,3.7762705155982106
1704,30,2.168989795033206
1704,24,2.8731481731230346
1704,40,2.390576991835979
1704,41,1.9412484709811257
1704,26,3.0359644807388446
1704,20,3.5353046440235625
1704,20,2.6399362233521586
1704,19,4.583698238810434
1704,15,2.612125547061918
1704,8,2.046846431904049
1704,22,2.267713983770171
1704,25,4.040407510452365
1704,23,2.612668489322149
1704,22,3.746008144569849
1704,20,2.1162493902144166
1704,22,2.293876580195375
1704,9,2.3870450604180857
1704,9,1.3847718272112999
1704,7,1.200482409588931
1704,13,1.9705980961375935
1704,4,1.3287099943765168
1704,15,2.293716045145765
1704,29,3.6708947219232493
1704,30,5.444920648362384
1704,14,3.5950166450681302
1704,9,4.541391465594946
1704,16,1.8523953139758005
1704,11,1.9505841552307197
1704,19,3.6200120664208373
1704,22,4.8226277591363536
1704,4,1.4908175533611574
1704,16,2.5015445759199006
1704,3,1.4488010391897954
1704,8,2.0071574139334634
1704,18,1.9038204704861124
1704,18,2.3954111939749945
1704,23,2.12821578763335
1704,12,3.021788762567887
1704,23,2.2241755721333436
1704,14,4.56863198828204
1704,27,2.0384173536246144
1704,24,2.2571266894212942
1704,17,1.9732900715394524
1704,18,2.7947014659898217
1738,24,2.700508401384083
1738,21,2.591066216497278
1738,28,3.950687438986948
1738,31,3.9234855793800882
1738,32,3.3968134723851104
1738,29,3.1268652170688664
1738,12,3.0151466137455154
1738,17,2.05241552015126
1738,27,4.759975180919121
1738,25,3.6957004397632502
1738,22,3.376300865172575
1738,24,2.6062667435468807
1738,10,2.808073706618945
1738,12,1.6983004823097436
1738,27,7.6094776610676185
1738,26,7.520297996584276
1738,17,1.5644033937263386
1738,11,1.8921428478185787
1738,23,3.2405961837963866
1738,23,5.390360002713685
1738,12,1.8193098064724833
1738,13,1.9719368077068564
1738,20,2.797806079985636
1738,25,2.108798636895639
1738,16,3.4852160111363717
1738,20,2.557171058555375
1738,11,2.299418312406534
1738,11,2.029017839571698
1738,7,1.2214515801858088
1738,7,1.8491338842975207
1738,7,2.2580977344533872
1738,7,2.0436992517807155
1738,23,2.0737187688074887
1738,15,1.963005123320333
1738,17,2.5411833945447198
1738,18,3.2310011898161277
1738,5,2.6223228541928787
1738,4,1.048508382642998
1738,29,1.8408531257982426
1738,31,2.6276452457680533
1738,21,2.5553548512603994
1738,21,2.5339298323919803
1738,8,1.8874007109260633
1738,13,1.6066840096748185
1738,40,2.7563392982535952
1738,26,2.317617951342585
1738,37,3.395394462446165
1738,26,4.451035516880154
1738,34,2.3840712106796094
1738,24,2.55640879823605
1738,29,2.9583364697712895
1738,23,3.6516280121864506
1738,21,2.650148513721622
1738,24,2.7454527970817275
1738,16,2.1760579186347098
1738,11,5.687139008988843
1738,23,3.113418646706622
1738,31,3.082197596131355
1738,25,3.2844345401294914
1738,23,2.5274857289322097
1738,23,2.481543729984487
1738,34,2.1638783060159845
1738,9,2.887384357381587
1738,11,1.5399120045542776
1738,10,1.9319683368972191
1738,14,1.6017928943602688
1738,5,2.3862439551854604
1738,13,2.0677597497098446
1738,41,3.135956929841639
1738,34,2.8543467861799243
1738,12,3.072714941565575
1738,10,4.737568009734881
1738,11,1.776906374784517
1738,12,2.2123994661311364
1738,19,2.9893782073039903
1738,26,4.085727162097148
1738,11,2.21127683739942
1738,17,1.988853936182247
1738,4,1.2902185223725287
1738,6,2.1392106964393416
1738,15,3.1693089234767693
1738,16,2.0655089236156328
1738,28,2.0946721643411723
1738,19,1.8787018592040294
1738,21,2.106568650523093
1738,18,2.9197839620893986
1738,28,2.3170425040606344
1738,28,2.3236677719736085
1738,26,2.354470020160533
1738,12,2.491747259852664
1741,22,2.0395803915969375
1741,25,4.78586101713945
1741,32,5.127296076010153
1741,33,5.794839581160162
1741,21,2.1241038628581634
1741,28,3.7029768856167533
1741,17,3.5395032784548985
1741,15,4.386973386446773
1741,22,1.7146774095714135
1741,22,1.983384628652703
1741,8,1.8010531284923754
1741,15,2.4544863533648753
1741,16,1.9120377536798607
1741,9,1.880696966252186
1741,24,8.065603593778603
1741,19,7.8686285134715
1741,11,1.949487081940385
1741,10,1.701271635319084
1741,35,8.430948760188887
1741,14,4.316207613457019
1741,15,3.0859372357789914
1741,10,1.7100304685986714
1741,13,2.660251722900771
1741,12,2.958797308317941
1741,17,1.9589936477995407
1741,16,1.8224922520661158
1741,9,1.7532557433301974
1741,12,3.172679952048032
1741,7,1.5160505803100397
1741,8,2.3142309800219936
1741,3,1.0617210551812217
1741,7,1.6416490667254282
1741,21,2.524608192474399
1741,18,1.710893270499746
1741,15,1.6684940335825043
1741,17,2.857632422857691
1741,11,1.583288447727506
1741,7,3.1811243112613226
1741,30,2.7063522620042146
1741,24,1.7392096907891936
1741,14,1.6346339471956364
1741,22,3.1117410063109627
1741,11,2.0060915196718208
1741,10,1.4720434182110829
1741,28,3.388315755333231
1741,35,2.9142123533993605
1741,27,1.9675084264706042
1741,25,2.8468423091895545
1741,37,2.256433963996678
1741,35,2.1530749960294537
1741,26,2.508997252616155
1741,33,2.3308010286186946
1741,23,2.5696279166725513
1741,15,2.455717701318071
1741,20,3.217756925202784
1741,8,1.8610192474188796
1741,19,2.634065635652064
1741,23,4.6976214710604705
1741,19,2.419522967719456
1741,17,1.9935431634570289
1741,14,2.3487079478200554
1741,25,2.4751719679320145
1741,10,2.006913891474748
1741,3,1.6115858600426156
1741,9,1.4912731266135497
1741,7,1.7426249894033967
1741,7,2.91781946811174
1741,10,2.122789716707486
1741,32,4.191289196339275
1741,29,4.037233191097622
1741,10,2.999612726932572
1741,11,3.782501158708319
1741,14,2.8168718520209994
1741,21,3.2069555019076517
1741,18,3.071973434172236
1741,23,2.038088922699083
1741,7,1.4352318645283195
1741,12,2.4157766530732547
1741,5,1.5649814581278327
1741,5,1.9713342364626583
1741,15,2.5440693714952527
1741,14,2.1103074398497457
1741,23,1.9337899669101193
1741,21,2.0983232328372172
1741,28,2.664702353963444
1741,17,2.7141809579630887
1741,22,1.7624929737325694
1741,34,1.9892303510595193
1741,15,2.480666842296601
1741,26,2.8776291123662605
1744,16,1.7736643166295931
1744,20,1.9867319499593703
1744,31,2.28513153923729
1744,29,3.484709374863318
1744,15,2.778667791785115
1744,23,3.0461638402308564
1744,8,2.4869048413700123
1744,7,2.933827601680839
1744,16,3.9096583266475102
1744,12,3.430908960570931
1744,13,1.5189111988986164
1744,4,1.6004538916228712
1744,10,1.4842901314609087
1744,2,1.2574695471110962
1744,23,7.658862812864901
1744,20,7.268616455588055
1744,11,2.138632016112655
1744,12,2.07149271073413
1744,27,5.4840509777663256
1744,20,6.395081887496748
1744,10,2.668710721540651
1744,10,3.828419480097971
1744,19,2.0371843215194048
1744,10,1.6403003271418304
1744,12,1.4926245416282242
1744,6,1.895749016272186
1744,8,1.5611474008729893
1744,6,1.9457071003517519
1744,6,1.55774347049999
1744,6,2.2864740104289023
1744,4,1.2364906864889913
1744,1,1.0
1744,22,1.968629473950905
1744,18,1.9433508124250476
1744,12,1.9501621709047756
1744,14,2.166353724011351
1744,6,3.4109921120672366
1744,7,1.842510332713307
1744,20,1.8877505818503297
1744,20,2.0584628656815105
1744,17,2.186560595538905
1744,23,1.94993432597994
1744,4,1.339405426586123
1744,6,1.33880970019111
1744,28,2.1219198280033584
1744,22,2.6448237149199803
1744,29,2.1253253374020202
1744,22,1.9838080803944524
1744,26,2.2290980281358412
1744,28,2.17912721590399
1744,22,2.23756962521251
1744,29,3.0816599586483613
1744,17,1.944185753518124
1744,12,1.786124005266834
1744,16,1.8944543692242448
1744,11,2.612362141749501
1744,20,2.625088614127802
1744,17,4.028975385736587
1744,24,3.3244298471604954
1744,22,2.88548477674527
1744,16,1.8196362065950866
1744,20,2.070137861496126
1744,6,1.44845569941714
1744,8,1.5592318229591053
1744,8,1.7160825942846905
1744,8,1.5287898659377175
1744,8,4.310318178885926
1744,11,2.059867821956111
1744,30,3.4855270373699843
1744,25,3.709475514077463
1744,13,2.998052500082159
1744,10,3.4336709112642145
1744,11,1.4618991883862162
1744,5,1.7282320438123049
1744,22,3.9087875387484994
1744,23,4.528940478321196
1744,8,1.5042506869957926
1744,16,1.871007844224612
1744,5,1.2142167352537723
1744,2,1.3100961168781238
1744,17,2.510682280428483
1744,17,2.7655311238155726
1744,22,2.5596267234693415
1744,16,2.760335176451624
1744,17,1.7020256343822662
1744,17,3.11402005644316
1744,23,2.0068934039427777
1744,25,2.560638673217468
1744,23,4.240834319553204
1744,15,3.22153920580576
1750,20,2.89194506385404
1750,17,3.6725816783524787
1750,34,2.498002099766176
1750,36,4.389038674544044
1750,19,3.552746525192844
1750,31,3.305364460175858
1750,10,2.5037108495778306
1750,14,1.6256225031523055
1750,20,3.4201809189824313
1750,17,2.992930830789781
1750,17,1.745774172965733
1750,13,2.491132241787024
1750,8,1.2212059321557833
1750,7,1.9188745997283019
1750,19,7.184629285259373
1750,16,8.711861447845504
1750,8,2.140095130114063
1750,8,1.938975223206282
1750,27,3.6190073747816034
1750,19,3.994624455821586
1750,8,2.688152322143017
1750,7,2.6878824671831665
1750,15,1.9410337721094317
1750,13,3.120239994399191
1750,8,2.1807171457085484
1750,5,2.387095391819154
1750,4,1.3378296000341685
1750,14,1.7543805135904271
1750,7,1.7499726707636332
1750,12,1.7916573030603336
1750,7,1.8094249298070706
1750,13,3.2707482479816274
1750,13,1.935725531674967
1750,26,2.3908282015578552
1750,13,2.4749870233101885
1750,8,1.9964296054322375
1750,7,2.42193425676881
1750,1,1.0
1750,15,1.9114823540342112
1750,21,2.111046950363228
1750,11,1.4989093093566896
1750,19,2.1977749555102033
1750,3,1.1397421487603305
1750,5,1.899883357465865
1750,24,1.8772833027875528
1750,27,2.392048164956459
1750,21,2.083034984583176
1750,22,3.1010746491893255
1750,23,3.6913954177550945
1750,30,1.7172337554753323
1750,30,2.821007369194183
1750,25,1.969133096650212
1750,16,2.136918190465136
1750,9,1.8726261136474838
1750,14,2.6576460640693234
1750,9,1.9382994763061958
1750,14,3.203771702157948
1750,20,3.119076419484941
1750,14,2.891455585559927
1750,19,4.281011466000715
1750,22,1.8925530699970428
1750,23,2.2750604781136
1750,12,1.9588951340817133
1750,9,4.705125687170632
1750,10,2.3207060683272505
1750,10,1.4357880499270623
1750,5,1.604969141383047
1750,12,1.6399258946170565
1750,28,3.7296778125986796
1750,28,3.5813145754791433
1750,10,3.3154197655888837
1750,9,5.076875144097055
1750,15,2.9866885634941602
1750,14,2.045717775147929
1750,16,3.0230189645142524
1750,21,4.311681224815583
1750,6,2.1597431323244467
1750,11,1.814102063875639
1750,6,1.0894825694610317
1750,4,1.4576277510712
1750,20,2.3418420329881773
1750,16,1.996833836055985
1750,20,1.8724732588990878
1750,18,1.9031408699663392
1750,23,2.141049992504935
1750,20,3.083074590976089
1750,21,2.204394064587089
1750,22,1.6324836045549374
1750,32,2.980781197902789
1750,19,2.7996822271907376
1783,14,2.409720066405556
1783,15,2.095106005292609
1783,31,2.4203994243002422
1783,32,3.210443060245461
1783,20,2.6483583912479958
1783,25,4.359552501098691
1783,11,3.8526652085554476
1783,13,1.7308566614124583
1783,18,1.6722812041604862
1783,15,2.508263798298924
1783,16,2.5995138552579777
1783,9,2.4039183209112207
1783,6,1.6453354296777214
1783,7,1.4807257095514685
1783,26,12.421796707389092
1783,20,7.276540125240663
1783,11,2.166092062452388
1783,10,2.1865863555210905
1783,31,5.889040393967057
1783,31,9.154310799951515
1783,7,1.7005336588066773
1783,16,2.373159119053156
1783,14,1.7852068910785213
1783,12,4.323858580435329
1783,19,2.1848855982526225
1783,17,2.4306841112079693
1783,14,4.778211158998897
1783,12,1.6338584252521555
1783,5,1.0929006511237136
1783,5,1.2614940124962195
1783,5,2.4603413796331854
1783,1,1.0
1783,16,1.8665793460592854
1783,15,1.7592936527102943
1783,17,3.4161167163811688
1783,13,1.9889553894040557
1783,10,1.7561123438527284
1783,4,1.0338985259810503
1783,24,1.8048384052974673
1783,22,1.5794489266544895
1783,17,2.292062735319478
1783,15,1.7893760692201102
1783,3,1.1803866560414267
1783,5,2.546917674654973
1783,28,1.9630819671060846
1783,20,2.655399520067435
1783,25,2.8288937212584404
1783,23,2.8136399569727644
1783,28,2.2272504432765574
1783,28,2.3119724257198486
1783,27,2.0293874570986232
1783,21,2.4333795666922735
1783,22,2.9493999880579063
1783,14,2.471395210720632
1783,12,2.5479340426145938
1783,9,2.0664372369184165
1783,19,2.3006703441091063
1783,16,1.7672265072077786
1783,21,2.515855719684364
1783,22,2.8446127927786624
1783,17,2.941579671305823
1783,21,1.6724686849018109
1783,8,2.4625493404998497
1783,8,2.6686775050652605
1783,8,1.8642865818239884
1783,12,1.923978664791044
1783,9,2.5212284977269586
1783,16,1.7239391427450441
1783,32,5.069580390017821
1783,25,6.956699361032558
1783,12,3.942871065422699
1783,7,3.202302878713433
1783,10,2.5681712731064383
1783,16,1.9884817963334773
1783,14,2.9106476556777063
1783,20,3.085653674670554
1783,8,1.953414458109063
1783,8,2.2157988906730064
1783,1,1.0
1783,5,2.384094561625979
1783,12,2.2917597887456904
1783,12,2.5968750539078576
1783,24,3.9148922951310348
1783,16,1.769172991714492
1783,25,3.010405056751109
1783,20,3.7635897043225732
1783,24,2.0545800196005137
1783,27,2.854030942495999
1783,13,1.5141959756630676
1783,14,3.9919077837754484
1796,20,3.5402713372711268
1796,15,2.2621239242510724
1796,33,3.9732900915680025
1796,35,5.165433647949315
1796,20,2.652713860185207
1796,24,3.9947489470807613
1796,10,1.608413916933595
1796,10,1.732824658237657
1796,25,1.6953302350402175
1796,17,2.912544918794671
1796,18,2.281664749604675
1796,20,2.5416949539863714
1796,9,1.7100121290856143
1796,7,2.1597178775828056
1796,24,9.074061276651491
1796,23,9.727402666493555
1796,16,1.4133014957994672
1796,9,1.4701840778647683
1796,33,8.591746747966022
1796,28,7.477791209404535
1796,12,4.272408637583817
1796,13,4.144073484390934
1796,14,2.020097602029933
1796,6,1.5155562894093606
1796,7,1.181448360918962
1796,5,1.460441577416066
1796,12,1.4386418375432357
1796,12,2.485426967046151
1796,5,1.126898076584289
1796,9,2.012141321005012
1796,1,1.0
1796,12,3.357944274262631
1796,18,1.7337399562798443
1796,19,2.104096548315376
1796,12,2.0526713157648047
1796,14,2.116524794143226
1796,8,1.955563878225468
1796,8,2.0205569574108146
1796,22,2.1600001413395367
1796,20,1.8690999165352662
1796,12,1.6930412874597673
1796,23,2.597068170038858
1796,8,1.2195120288083157
1796,8,1.2548686390532544
1796,39,2.971614560518581
1796,24,2.6885067680119734
1796,31,2.0715554547206594
1796,27,2.22760757601965
1796,31,2.0203198623476855
1796,31,2.4847368690860296
1796,25,1.8877570806716037
1796,29,2.0638707757385952
1796,23,2.6630334103225417
1796,16,2.044167582626687
1796,13,3.029951536763835
1796,13,2.1546133403476144
1796,25,2.9971684404982297
1796,20,3.4786546349685294
1796,20,2.901756468977345
1796,21,2.704833878507921
1796,20,2.156639903934604
1796,31,2.830242782988101
1796,10,2.6860873090415596
1796,10,1.5188168452651498
1796,8,1.8722305752937292
1796,13,1.8550865884994368
1796,12,2.094502479107867
1796,10,1.9247822218863748
1796,30,2.350329364743579
1796,31,2.9396032965420638
1796,9,3.3895663444236686
1796,8,1.9963972503097587
1796,16,2.7975397938207007
1796,13,1.6515683271710564
1796,15,2.922362725413988
1796,22,3.8937702946853623
1796,6,3.796184717831107
1796,14,3.1813434024447056
1796,6,1.5359567507741023
1796,5,2.527766559450367
1796,16,1.9493546718471235
1796,13,2.4681490567357707
1796,25,1.775652316657775
1796,17,1.8371513483437796
1796,16,1.815962883641676
1796,16,2.9199080531837107
1796,12,1.7987534163583396
1796,26,1.6905742031609168
1796,29,3.265768319179726
1796,29,2.934076929933472
1818,19,2.177106335256455
1818,20,2.8960715165182296
1818,32,3.2222378089799104
1818,31,5.660382250573187
1818,23,3.1719451383450603
1818,27,2.6524205516548656
1818,13,2.010126953536351
1818,15,2.444525589752507
1818,21,2.2879338324706615
1818,14,2.2222840062872016
1818,14,2.6449573569410543
1818,17,2.241886848189207
1818,7,2.1574935760824174
1818,7,1.9569206518206579
1818,25,12.96237944994474
1818,22,8.445505481366492
1818,13,1.5708219656640936
1818,13,3.8006149800232643
1818,34,6.632441815887017
1818,21,6.1102794419407145
1818,15,1.976219240322414
1818,14,2.483513792094285
1818,19,1.9750562232976476
1818,13,3.455284155815056
1818,23,2.928800625691129
1818,21,3.1584413892612044
1818,13,1.7157647677611376
1818,24,6.930604349886008
1818,7,1.592830076400051
1818,11,2.635136238773114
1818,8,3.107980428302695
1818,2,1.1163391623099574
1818,25,1.7538099424294487
1818,23,1.6852857267443084
1818,17,2.315919547782316
1818,18,2.499699354192685
1818,7,1.272239461147064
1818,3,1.6365986785406492
1818,21,2.146143076004386
1818,23,1.6875763073044283
1818,13,1.4467049731513304
1818,21,2.165242413327742
1818,9,1.1488947659246493
1818,8,1.7154781801675658
1818,41,2.670729873837543
1818,29,4.299216643705289
1818,46,4.337289972156467
1818,28,3.7339268561920465
1818,33,3.5539337073283184
1818,32,2.5430595078448133
1818,34,3.335990398899857
1818,32,2.726053041429236
1818,21,3.690370599000816
1818,15,2.580490743713317
1818,16,3.174335858083264
1818,12,2.35940047537484
1818,15,2.3473073636620048
1818,25,2.9315274554808517
1818,23,2.8579676175608837
1818,24,3.293012727436205
1818,18,5.907454911875916
1818,29,2.757988518339233
1818,9,5.698022164906736
1818,11,1.949377591136925
1818,10,1.8305794620324762
1818,12,2.0597622704821563
1818,10,2.9613778017763894
1818,13,2.009306281145137
1818,38,4.3027079608578225
1818,34,2.9418813809528443
1818,14,2.8874528339114662
1818,16,5.275483988643491
1818,18,3.1699964294821172
1818,10,2.82275945154733
1818,17,2.7847296493706684
1818,26,2.640233593559692
1818,9,1.396956908967595
1818,16,2.134355092492854
1818,4,1.993091084000175
1818,6,1.3012115095947097
1818,15,3.182560350620891
1818,21,3.450271740059313
1818,23,2.330564032680269
1818,20,2.985511327449618
1818,21,2.5063676928502785
1818,19,4.426065313253783
1818,24,2.225949391579274
1818,21,2.43205539486888
1818,25,2.2815161700539113
1818,23,3.0646980611080017
1846,19,1.743777790392631
1846,23,3.57430768519598
1846,37,3.4031222901521216
1846,35,2.629741728111153
1846,13,2.4790555709697237
1846,25,3.2418088855298377
1846,15,2.97680049895228
1846,15,3.8552979657869817
1846,29,2.2296713664502557
1846,22,2.5765757916031893
1846,21,2.596848189826592
1846,27,2.373913250920195
1846,14,2.6461197106593777
1846,11,2.374676132345679
1846,27,10.392891101771601
1846,20,6.664516860851854
1846,10,2.2436966165816887
1846,10,1.6756474608952319
1846,33,2.7072635088351023
1846,23,4.910516045248267
1846,11,2.704444592305726
1846,17,4.716387958852841
1846,9,3.924639700301404
1846,14,2.4855913082842918
1846,8,1.5452396069538927
1846,8,3.126292936886348
1846,16,2.033626208441689
1846,8,1.8243449189240133
1846,8,1.7028114730820723
1846,10,3.216133185425783
1846,9,1.8633750304024892
1846,12,3.0850382878503386
1846,25,2.285965801450641
1846,27,2.8992106129900326
1846,18,2.794418389352728
1846,18,2.769373896603128
1846,10,3.6708202284286275
1846,5,1.229332013536258
1846,15,1.9465737319543444
1846,27,2.7144540685219343
1846,21,1.731886481286604
1846,24,3.116908519806205
1846,7,1.513190680317899
1846,8,1.6098668960105045
1846,36,4.872783998073617
1846,31,4.471524697119563
1846,21,2.5541256390755476
1846,17,4.049599752983516
1846,24,1.6338381357125609
1846,26,2.8119402782134375
1846,29,4.13840149058456
1846,25,2.691919369961048
1846,23,2.152550549192334
1846,14,2.3329706068155955
1846,14,1.344654130677629
1846,10,4.354040808580054
1846,24,2.9588539832244747
1846,24,2.5068571041074814
1846,28,3.442023755151908
1846,21,2.6170894969037306
1846,33,3.4768852754735353
1846,29,3.1199742546197324
1846,7,2.753073615578781
1846,6,2.3210319990640884
1846,9,2.017171853317599
1846,12,1.6457274890405331
1846,6,2.367545332349582
1846,13,1.977401678393358
1846,40,5.571859011314337
1846,33,6.924762351087747
1846,11,2.9471570407361343
1846,9,3.169626834183017
1846,16,1.7776911615934172
1846,12,2.034527645972351
1846,12,3.5514853373550395
1846,24,3.3312216121347142
1846,11,3.0691580106015834
1846,13,1.8409667009774435
1846,4,1.019453125
1846,3,1.654587801115664
1846,17,1.7238219883762331
1846,21,3.5003407052866695
1846,22,2.1059223202802637
1846,22,2.6995687436097353
1846,23,2.793944437573772
1846,17,2.443990379285062
1846,31,1.8516438173408711
1846,31,2.0853381653207714
1846,33,2.6180201860689833
1846,17,2.9863542678063464
1856,14,4.658684772862579
1856,24,2.4068131618831323
1856,35,3.9557867476198156
1856,35,4.186996044426601
1856,23,3.078977100944888
1856,25,3.3755610320311975
1856,13,3.616671897392658
1856,14,2.1548031995741006
1856,20,2.918600953599525
1856,13,1.6488894845016484
1856,11,1.639373391031226
1856,7,2.2674476869029503
1856,11,2.066629026721798
1856,6,1.7718178376704146
1856,21,9.664595430806875
1856,16,6.66984036251855
1856,16,2.272954358353046
1856,19,2.1742806795364036
1856,20,6.5206804724244405
1856,24,8.563221034667704
1856,17,2.0319363482277892
1856,15,1.5687116536861911
1856,22,3.212270641378303
1856,12,2.4553099542084245
1856,20,1.9349039747391397
1856,6,2.99050958314335
1856,9,1.7900793080452768
1856,11,1.4370863063114163
1856,9,2.238487558134596
1856,6,1.4574218400071666
1856,1,1.0
1856,3,2.1337137014390297
1856,18,1.7874761426218355
1856,20,2.0095527515615297
1856,12,1.9499102273623161
1856,13,2.9868510500216177
1856,7,2.524955347784484
1856,4,1.903718531696022
1856,23,2.8525712532381116
1856,18,1.745294910208314
1856,14,2.254979995705092
1856,14,1.5152376819039353
1856,8,2.385091121784851
1856,9,2.1230864300024592
1856,28,3.6186276289108394
1856,27,2.591701011199585
1856,21,2.152785628534418
1856,21,3.561082752640347
1856,34,2.9362398033958774
1856,35,4.2767527194238415
1856,27,2.5568582091060597
1856,31,2.5056762251054745
1856,26,2.0929891297418592
1856,17,3.8682998656327467
1856,21,1.8666844087507812
1856,16,1.791391959525834
1856,25,2.3226970024284856
1856,20,2.7850403659639142
1856,17,3.5519717379216713
1856,20,2.970432774504054
1856,25,2.7245307788799313
1856,24,3.052954236900843
1856,6,2.085840607858357
1856,7,1.4706078977853314
1856,7,2.2693314818488397
1856,9,1.9546108830465543
1856,5,1.8397085000609938
1856,9,1.5759317041784575
1856,35,3.9605606122013315
1856,37,4.704855149783688
1856,13,3.301861115610278
1856,9,3.5778952992494832
1856,11,2.26536060252058
1856,13,2.821444907197827
1856,18,4.161072670640466
1856,19,3.615567017889596
1856,10,2.926858264360521
1856,14,2.800214963998748
1856,4,1.4908399093562217
1856,3,1.3145232780612246
1856,15,2.560662907029892
1856,16,3.827250139034508
1856,20,2.538053096739844
1856,12,2.1305883012018016
1856,27,2.4027413810104594
1856,18,2.709687452126224
1856,20,2.5045425040414813
1856,22,2.033060206731954
1856,33,2.8813617298499774
1856,19,3.130180294185293
1857,17,1.9008241010285163
1857,21,3.0375542470908496
1857,34,3.3324504256032386
1857,35,3.19400613228586
1857,18,1.87720057184829
1857,31,2.758926626753709
1857,10,1.9189729093175842
1857,15,2.595143971303353
1857,18,1.985640379030922
1857,10,1.5056889153079147
1857,15,2.5257125643913128
1857,3,1.3354840565719592
1857,3,2.532711706422262
1857,6,1.56389962346413
1857,22,11.034985645914038
1857,26,9.823524866152257
1857,13,3.516262549775763
1857,8,2.1590196162728725
1857,23,3.0148905355174276
1857,26,4.98837342005998
1857,14,3.1147051453943178
1857,10,3.4592491870709132
1857,14,2.0972775357091034
1857,15,3.893822944645845
1857,12,3.2698049875932687
1857,15,2.2071828294944575
1857,8,2.289186379695435
1857,7,1.7506013878314137
1857,8,1.1697206858774634
1857,7,1.6931245151567411
1857,2,1.028451154013645
1857,2,1.301585412465869
1857,22,1.995514332952672
1857,22,1.7609629788071568
1857,16,3.449331430994344
1857,16,4.693828890934957
1857,5,1.5907430555555555
1857,6,1.7392270066584998
1857,25,2.658538921677223
1857,23,3.116641744775578
1857,14,1.5601726911617477
1857,23,2.1042619014665935
1857,5,1.3882573840882477
1857,10,1.6391043898340685
1857,35,2.3205926822346834
1857,35,4.072910453265571
1857,34,3.6908312354606636
1857,30,2.5970180080329275
1857,31,2.098896962788479
1857,38,2.218518157754669
1857,29,2.8380071802595794
1857,25,1.9029011655205101
1857,24,3.2180368080510067
1857,20,2.11348878156305
1857,10,3.3006523404544468
1857,9,2.880147855097537
1857,17,2.292542945076772
1857,31,3.288325321885482
1857,16,1.7639289983703443
1857,22,3.085554963000076
1857,24,1.778149198925001
1857,26,2.2866295890322808
1857,5,1.942305745751477
1857,10,2.4794366949521427
1857,7,1.4078269945095967
1857,9,1.7747411193297462
1857,6,1.4742885399356218
1857,4,1.0525734052814326
1857,26,3.525175783427129
1857,28,3.5120248318151486
1857,15,3.1673980159556017
1857,9,3.022428900613034
1857,7,1.7120928291176225
1857,9,1.4154321451346612
1857,25,2.5941689711917766
1857,23,6.362189853348309
1857,10,1.7825155149191902
1857,14,3.8436261462669097
1857,1,1.0
1857,5,1.146884112974943
1857,15,1.9535744594581204
1857,15,2.097534381518968
1857,19,2.8456225748235893
1857,15,1.7979724062699938
1857,23,2.2485053433181013
1857,16,2.595305509575034
1857,31,1.9099034815668912
1857,28,2.6303547415410393
1857,33,3.4059395570064757
1857,17,2.623919382427886
1860,20,2.775095116949433
1860,22,3.515335708466261
1860,33,2.55346969283184
1860,35,3.4191377525677358
1860,24,2.2406091662610055
1860,25,2.333939467321011
1860,12,2.700303705081523
1860,13,2.2617435373810104
1860,21,2.233521153794798
1860,21,2.3785428439917937
1860,8,1.777991714086979
1860,11,2.6251778019010263
1860,10,2.333839176187579
1860,12,1.947746853858486
1860,19,9.690145937334702
1860,21,9.234095356173967
1860,10,1.9587501958337334
1860,7,1.4078822126816037
1860,30,3.939623828724245
1860,18,3.5764541143318427
1860,8,2.3806356952541727
1860,13,3.356414457283097
1860,19,3.3492795682625442
1860,9,3.451734311811768
1860,17,4.282397636253951
1860,16,5.4551560476373995
1860,5,1.9713760104850495
1860,10,4.875563401060938
1860,7,2.7327332078956963
1860,3,1.040289256198347
1860,2,1.2826240046752868
1860,1,1.0
1860,19,2.080651535048609
1860,16,2.3466930052689814
1860,13,2.044291794152583
1860,12,2.2034394457922093
1860,7,1.1147762728371238
1860,8,1.3562028463648834
1860,29,2.1537140559259935
1860,20,2.6511155428802327
1860,21,2.5338347727778996
1860,21,2.168678280173128
1860,11,1.949279680527099
1860,13,1.9231474065773049
1860,41,3.5491478182040943
1860,25,4.618682888788995
1860,22,2.614183357569728
1860,24,3.7705249652793005
1860,29,2.568666792028231
1860,27,3.604535386759089
1860,23,2.7732556231050984
1860,27,2.6959041967672674
1860,24,1.8310398023895078
1860,13,2.2272654775145764
1860,10,2.21982495369611
1860,5,1.9359625641555813
1860,12,1.5979884819614987
1860,16,2.2631561239419002
1860,24,1.9818156001796927
1860,24,2.606898070251807
1860,18,2.340035290040238
1860,38,4.264557226684645
1860,9,2.666038968136893
1860,8,1.799962381637993
1860,8,2.0032391695082783
1860,9,1.7669492500776056
1860,6,2.940665281739098
1860,12,3.5686121904084493
1860,23,2.8803379797138615
1860,25,5.539626895538191
1860,11,2.779358825406445
1860,10,4.171313046026898
1860,12,2.269958064210459
1860,12,3.0051476346058528
1860,15,2.779846310111247
1860,24,5.497181425495237
1860,6,1.3487669147525418
1860,11,2.038706649569786
1860,4,1.402355946109496
1860,3,1.1116852353186173
1860,15,1.9731886633665139
1860,15,2.6229686681373687
1860,29,2.1600501536206718
1860,20,1.9100275930667354
1860,20,2.712433207634843
1860,15,2.3797336030530327
1860,23,2.112637326147531
1860,16,1.6204270062125594
1860,22,2.5353021057706933
1860,19,2.25576590497093
1869,14,2.839378616754706
1869,20,2.616999344791581
1869,25,1.9831712884955608
1869,28,5.723539679998001
1869,11,2.3476866102871576
1869,15,2.6544664476141393
1869,9,2.527080230737015
1869,8,2.4589390061143
1869,16,1.708219803104317
1869,10,1.8223650360262662
1869,5,1.4954217099075737
1869,14,2.0174458874458874
1869,8,2.794697696409818
1869,4,1.7003604792683917
1869,17,8.52528289573978
1869,11,6.797938739502014
1869,6,1.4923114197939844
1869,5,1.2059146284312376
1869,26,7.545555251269452
1869,15,7.592319329335655
1869,9,1.9607674477452068
1869,11,1.87805235636121
1869,14,3.312003467584786
1869,10,1.950794257218654
1869,12,2.0451592023582736
1869,13,2.0355834328546103
1869,8,1.3586680856367166
1869,9,2.457155187475079
1869,5,1.6602274226322522
1869,4,1.3310679466416404
1869,3,1.2380552948699848
1869,12,1.9186064495024588
1869,18,2.4812058932519645
1869,19,2.261406068917738
1869,10,2.2823129369069903
1869,5,1.2899179897792696
1869,3,2.0327338033434814
1869,13,3.091661858893676
1869,18,2.6944509081392676
1869,17,2.7465464400133053
1869,21,2.314517886303028
1869,7,1.3152673557348535
1869,6,1.7560449214286686
1869,26,2.5622639019641418
1869,21,1.9069412517592061
1869,16,1.589447625712986
1869,18,2.0562390268006885
1869,33,3.016575739370659
1869,28,1.552554479468438
1869,33,2.2961859145487713
1869,22,3.340371271557657
1869,14,2.764826561523306
1869,8,1.9660604741402785
1869,6,1.8606443125855279
1869,7,2.2689292442598563
1869,25,2.51604835925011
1869,27,2.075703947607075
1869,14,1.8855767701235142
1869,20,3.646288365285876
1869,28,2.129882543007723
1869,36,3.262243486562476
1869,11,2.372855882449085
1869,6,2.1299284480506016
1869,8,1.617660827567412
1869,11,1.1815143133548107
1869,6,1.9383604568216828
1869,11,2.797554603019907
1869,24,5.159600838385584
1869,30,9.396121092789803
1869,12,2.762007003083163
1869,7,2.9568222730589624
1869,12,2.0499609593755617
1869,8,2.1301694037369203
1869,13,2.9496647680549355
1869,20,2.77268866954136
1869,8,2.359805652991573
1869,8,2.150675633073669
1869,2,1.3749984057816984
1869,3,1.0335278385840763
1869,11,2.3186109643275232
1869,15,3.4857516957362358
1869,11,1.7432092766249774
1869,15,2.8383183380907666
1869,18,2.8557499690919474
1869,14,2.0384944908143687
1869,12,1.7313034072471607
1869,26,1.8139249459999112
1869,19,2.0470486792096487
1869,21,2.2021465341393087
1882,18,2.254171472849105
1882,17,1.8582596609469242
1882,27,4.016917730163352
1882,32,3.344432250086423
1882,23,2.7808612492792215
1882,22,2.2355317947955773
1882,10,2.2235499791753437
1882,8,2.294112276812348
1882,17,2.5736259731923594
1882,16,2.327106128214071
1882,17,1.5709271221967858
1882,15,1.628121863329349
1882,7,1.962115891025139
1882,6,2.228504485025229
1882,20,10.489682804133347
1882,22,9.956812177005938
1882,16,1.807086445411131
1882,15,1.8654784351204934
1882,30,5.1996485385700995
1882,28,7.354925601569182
1882,8,2.5883560377827837
1882,12,3.0405498880853994
1882,20,3.428049125445263
1882,10,3.240888410951067
1882,25,2.728584592068397
1882,16,3.9122987492383796
1882,11,1.7810405631823587
1882,18,3.8749523975355475
1882,1,1.0
1882,6,1.9867532752436805
1882,9,2.893345781912829
1882,7,1.3025860864312728
1882,20,2.0597732263047304
1882,19,1.797200856525317
1882,15,2.2497615637788453
1882,11,1.4184194450839889
1882,7,1.396687906460655
1882,5,1.64647350291956
1882,33,2.1221426738380464
1882,34,2.185912944735379
1882,17,1.9739732715107787
1882,22,1.8183095913928566
1882,9,3.433569414120707
1882,8,2.182290011491364
1882,31,2.1943145767417973
1882,39,2.493122092113531
1882,24,3.2904115185842246
1882,28,3.0602100584933005
1882,34,3.994206782387883
1882,35,2.903338948028329
1882,34,2.6542031245488262
1882,18,2.310260763622313
1882,24,3.4794996438075447
1882,16,2.311479081620247
1882,5,3.214931147741518
1882,4,1.6908524539490375
1882,31,2.5805788803431877
1882,28,2.890737775007084
1882,16,1.8194159510918517
1882,22,2.385982169847316
1882,23,2.2620119626362047
1882,27,2.2229597423927716
1882,5,1.8722424856060869
1882,6,3.0399348421461445
1882,5,1.852694153855561
1882,11,2.2727042508110222
1882,7,3.26830934664926
1882,10,2.8137451625914225
1882,35,4.106638260039051
1882,23,3.1146158374570696
1882,16,4.13221868295248
1882,11,3.4948519425619295
1882,12,3.2751297551489977
1882,7,2.9485784702659688
1882,20,2.5188410751710513
1882,22,2.886580289016681
1882,12,1.5226570875727206
1882,15,2.5147420135124166
1882,1,1.0
1882,3,1.1429546397990558
1882,13,2.1523212415622557
1882,19,2.8033055332020425
1882,21,2.43278834050117
1882,15,2.121479560929345
1882,27,2.3578449070515886
1882,15,2.4168698135739715
1882,19,2.554658435114581
1882,20,1.9092863066018655
1882,34,5.0434262643654755
1882,20,3.405549643988829
1902,19,2.942799415773067
1902,19,3.7988246972964492
1902,31,3.354843250520938
1902,37,4.482634029116579
1902,19,2.1275251415392034
1902,29,2.7400072406048497
1902,10,2.252256736156357
1902,8,2.009256292867252
1902,21,2.454174138729075
1902,16,2.776383486797496
1902,12,2.2723243396177453
1902,6,1.3200036046457522
1902,9,1.7253886589626444
1902,8,1.593267587113741
1902,21,9.258802238634116
1902,24,8.004177874217252
1902,15,3.4721354178965766
1902,7,1.7851201832958314
1902,30,5.538222757733801
1902,27,6.997303949613408
1902,10,2.5554857941136593
1902,12,2.3941446438411664
1902,17,2.3130752034915156
1902,19,3.985176743155818
1902,15,2.454346711765855
1902,23,6.561950225125567
1902,8,1.469566356863792
1902,9,1.498316625422218
1902,9,1.2359906162835803
1902,12,1.5178594037621764
1902,1,1.0
1902,4,1.05621406441515
1902,19,2.2599026361492394
1902,18,1.6283289074881853
1902,14,1.8977205428959312
1902,15,1.5218819325181885
1902,5,3.5922987336453573
1902,8,1.1281032497865746
1902,24,1.580565213674806
1902,22,2.585093469089608
1902,15,1.6971137543668766
1902,19,2.460125844599625
1902,11,2.067537837211912
1902,12,1.4909693644261546
1902,32,2.8774128835825525
1902,23,2.724396421592069
1902,29,2.7197921582754847
1902,22,2.2371270050537593
1902,28,2.3179921484016517
1902,29,4.848871468771448
1902,32,2.085732674325534
1902,30,3.010308176478977
1902,15,2.3064121905161032
1902,17,5.546578669757906
1902,10,3.7881710411392544
1902,10,1.7235440536552638
1902,18,1.972721905471679
1902,18,2.0830451792023177
1902,21,4.22154727000534
1902,17,2.5656867156226544
1902,23,2.9648415852468495
1902,34,2.87383435834161
1902,6,3.1552871359283774
1902,6,3.3188992239187214
1902,9,2.0488615332099482
1902,16,1.9676830150462963
1902,2,1.2886750582205178
1902,8,1.928162265638971
1902,31,3.6356983780972407
1902,32,4.057047611899444
1902,11,2.8420623812905244
1902,14,4.366278502478606
1902,15,1.915005735648105
1902,10,1.903069967142101
1902,16,2.5862431696051202
1902,16,2.1039042479470025
1902,5,1.3759976611803881
1902,12,2.415283647236339
1902,3,1.0130800131964526
1902,7,1.691142754376873
1902,14,2.4752551615430907
1902,12,2.507449351177571
1902,28,2.3404680244677474
1902,22,2.019244639709756
1902,17,2.5696822779743496
1902,12,2.651594513661676
1902,27,1.9639600256447007
1902,24,2.068392877808169
1902,28,2.2920927916191163
1902,22,3.1450852287647812
1911,17,3.217043792012004
1911,14,2.1290544643788256
1911,20,2.340854361590189
1911,27,3.5814938939922127
1911,9,1.7868465567661893
1911,16,1.8232475475288739
1911,7,2.212402919926463
1911,9,2.24442079545866
1911,19,1.691910331565059
1911,11,2.472741969374077
1911,8,1.8378237818978458
1911,6,1.7761658149528972
1911,10,1.642125611288346
1911,6,1.2637990963662913
1911,17,8.609918502956743
1911,16,11.525825780834731
1911,6,1.8421023734471154
1911,6,1.429040447347589
1911,24,4.832115875028405
1911,18,6.000774054341339
1911,5,1.3151456250452331
1911,7,1.6300591450211672
1911,13,1.6493933732821102
1911,10,2.507236568099521
1911,7,1.8324704629839939
1911,14,1.8580837532303096
1911,5,1.5491661136042223
1911,12,1.7750764284102414
1911,2,1.018864857018435
1911,4,1.0671454917814696
1911,1,1.0
1911,14,1.4059907755032008
1911,15,1.9912695385502053
1911,11,1.4285442432493838
1911,13,2.5360069961853746
1911,8,1.6372010613216235
1911,1,1.0
1911,19,1.8802609233617418
1911,17,2.3265736672246065
1911,21,1.818669849686033
1911,24,1.5922562822936357
1911,3,1.0028606545004994
1911,7,1.6568847100623687
1911,31,2.5911445706071285
1911,25,2.874123633336187
1911,23,3.09395649237028
1911,20,2.2053841871320623
1911,25,1.76728090643529
1911,34,1.871905715887803
1911,23,2.050904355260148
1911,17,2.5729921070594197
1911,15,3.130887216316657
1911,9,2.018013884027631
1911,5,2.572666647903386
1911,4,1.7056283066222204
1911,13,2.178550388980931
1911,18,4.403689290609514
1911,18,2.762930827315717
1911,11,3.6360135937307008
1911,16,3.123427769010268
1911,16,2.03227181153472
1911,9,2.824043977238933
1911,4,2.040287077822103
1911,8,1.1783373741653524
1911,6,2.464493305452389
1911,3,1.68613104719285
1911,5,2.0454237213238833
1911,24,5.488508599113978
1911,25,6.0062891507155385
1911,9,1.9214556334385129
1911,7,2.8794066806453884
1911,7,2.133613518281854
1911,5,1.2225680881076388
1911,15,3.1230419352244185
1911,11,3.3288352664592686
1911,9,1.725696349019513
1911,12,1.8845766497148932
1911,2,1.0481165452653487
1911,3,1.137418661782705
1911,10,2.159933882400998
1911,8,2.4827288441175686
1911,19,2.0559716745753884
1911,13,2.889276793052163
1911,17,2.293586773650705
1911,17,2.008703485880295
1911,25,2.40887514312543
1911,21,1.8384150451340344
1911,19,1.8834508865567854
1911,19,3.040051545991932
1929,18,2.4553190844006854
1929,18,2.658374675721472
1929,27,2.3384120489760183
1929,34,2.943244756853266
1929,20,2.622607281057178
1929,25,2.8945270398014395
1929,9,2.701254023184744
1929,8,1.6653461169969626
1929,21,2.9726409660707875
1929,11,1.799595093652068
1929,15,1.7060796543662073
1929,10,1.7556654034162684
1929,7,1.8529143245068853
1929,7,1.8034170718980556
1929,21,6.948331164792895
1929,18,6.693707576737408
1929,16,2.0415130068095184
1929,11,2.204090184847406
1929,30,4.6374169554266285
1929,22,6.223022123321513
1929,10,1.8287842051063814
1929,12,3.31561613701438
1929,13,2.2992079864556834
1929,8,2.27526916884939
1929,11,2.0383725694444443
1929,8,2.183373123431745
1929,3,1.6220396678171203
1929,4,2.661959343690613
1929,5,1.5962547328819925
1929,9,3.3682390255856665
1929,1,1.0
1929,8,1.8274742215869473
1929,18,1.8912407890921332
1929,18,2.2541780822295303
1929,14,2.70315048152785
1929,14,2.804126858885533
1929,9,2.320922645834316
1929,7,2.504597645540326
1929,22,2.409772423186117
1929,20,2.052818958793588
1929,18,1.9939010443797223
1929,17,1.7976164418245437
1929,10,1.9062853229705536
1929,8,1.5497917131513843
1929,34,4.923469833096391
1929,30,3.103084709747166
1929,22,2.4631570558753566
1929,18,2.965560589352012
1929,28,4.227896349862259
1929,33,2.622038788412094
1929,26,2.4743908620131174
1929,27,3.996884823578651
1929,23,2.3213230916831162
1929,11,3.0975355506346207
1929,13,3.494478767540088
1929,11,2.402452456141712
1929,17,2.1350650842204164
1929,25,4.736967694785533
1929,20,2.822154611323266
1929,27,3.5391780591057502
1929,28,2.846993220948557
1929,24,3.014649949058908
1929,11,5.808759798505892
1929,8,1.9156556937226878
1929,7,1.1955807245301229
1929,10,1.421348523077678
1929,6,2.8487418353685747
1929,7,3.4021622289911866
1929,31,4.320913632157202
1929,24,5.1156014576252
1929,13,3.5120356621917614
1929,9,2.8163737955404846
1929,9,1.6022242623140424
1929,7,2.485177500177217
1929,15,4.196901882137315
1929,22,4.651907557355864
1929,4,1.1065028355387523
1929,16,1.836570220857215
1929,3,2.0362522773095995
1929,5,1.2817154977998457
1929,14,2.571240481693765
1929,14,2.6858322090626374
1929,18,3.2936115901090974
1929,17,3.818612271840421
1929,19,2.501584631819839
1929,12,3.5513197981065603
1929,16,1.9441072771435222
1929,23,2.8064678431243952
1929,26,2.579136632376145
1929,18,3.690585167785312
1930,19,1.9929455331610342
1930,19,2.8610614714706255
1930,37,3.9749916419550586
1930,38,4.752112604440696
1930,20,4.348227198603531
1930,34,3.3380009107330393
1930,19,3.3558891049622965
1930,13,4.468405396874339
1930,26,2.9044110023753067
1930,18,3.4228949361461187
1930,18,2.080946391855286
1930,13,1.7510276677383847
1930,14,1.9593146707651368
1930,10,2.515611701073513
1930,25,6.456277572162398
1930,26,8.918818982851132
1930,17,1.495918746386553
1930,10,2.113169507001301
1930,29,4.917180112392001
1930,23,6.089143801383414
1930,14,3.651983062531155
1930,14,3.492210079918374
1930,21,2.511014360032134
1930,11,5.291106238778134
1930,13,2.0808216806969804
1930,8,4.209495594474505
1930,12,1.959357151115736
1930,12,2.4733078940546664
1930,8,2.240275157861486
1930,5,1.7209470090360135
1930,7,1.3236408134724085
1930,1,1.0
1930,26,2.300671205136779
1930,17,1.8136040040322308
1930,11,4.339188981494823
1930,17,2.9689618995139297
1930,11,3.2808654737648832
1930,11,1.894395358724434
1930,27,2.424467211532783
1930,24,2.5183048775421795
1930,14,2.167592314997443
1930,17,2.190959904345703
1930,12,1.2504938212185475
1930,17,1.961170445531984
1930,36,4.289740767722804
1930,32,4.323114774162173
1930,33,3.0916949856905633
1930,35,3.019828121740143
1930,31,2.5112967115245834
1930,31,1.9191511098394909
1930,32,2.7533734384056934
1930,23,2.397527270909894
1930,23,5.637614431324954
1930,9,1.5944831943918045
1930,18,3.145421826932104
1930,8,2.131687003856428
1930,19,3.4055494221864393
1930,19,2.0908007830246778
1930,17,1.709111195457189
1930,22,2.9973632810593744
1930,17,2.4601778129929337
1930,22,1.5711150021170144
1930,12,2.251167376832424
1930,8,1.4539186542807974
1930,11,2.017713061942108
1930,9,1.3740837198470763
1930,10,2.3313015746214814
1930,11,4.072485112232138
1930,30,3.1221549784200273
1930,35,2.82176451986211
1930,12,4.6865940875179755
1930,11,5.924577990618461
1930,21,2.714584777521019
1930,10,2.4364071947623187
1930,24,3.155930537847609
1930,17,4.752861840273891
1930,7,1.747355917930706
1930,15,2.793129506459015
1930,6,1.7836488710686293
1930,3,1.4926515770819215
1930,16,2.728757132923478
1930,17,5.66741075031907
1930,27,2.483389108254915
1930,20,3.709109621775201
1930,20,2.315424348634693
1930,13,2.739445535467922
1930,29,2.3045961485734607
1930,30,2.4963376262178976
1930,33,3.149995017503664
1930,20,2.264234371814075
1932,22,1.9686653510782173
1932,20,2.5185270315094224
1932,30,3.0054741281217137
1932,30,4.011459648288791
1932,22,2.95289808599666
1932,27,2.128709619126066
1932,11,1.619363711061655
1932,14,2.504912178386508
1932,23,1.9265016303349989
1932,12,2.0461807089273605
1932,22,2.3203559154711066
1932,14,2.516519287763491
1932,11,1.8989999794483345
1932,7,1.6849592607168364
1932,23,10.279107571911556
1932,19,6.456602063512079
1932,13,2.5127228404705204
1932,10,1.7272298177083334
1932,28,4.58412189942478
1932,22,4.40094074502889
1932,8,2.3954806568552596
1932,11,2.432368010922075
1932,16,4.453321509419989
1932,11,2.171995479180926
1932,25,2.32489064686958
1932,12,2.604470634809168
1932,20,6.449759199389008
1932,12,2.9710635027522994
1932,14,1.8283072835106517
1932,15,3.525413716962341
1932,9,1.6604208174734343
1932,8,1.3715336737083472
1932,22,2.361523484568083
1932,21,1.79324260216635
1932,14,2.4117941645319334
1932,16,2.342902505083408
1932,10,3.7356513052105442
1932,9,1.5601685701365302
1932,26,1.7395042810711991
1932,18,1.3859890648973487
1932,22,2.3751316750787903
1932,22,2.718646543604209
1932,13,1.8650606396264526
1932,8,2.0628210264628533
1932,35,2.380694956261364
1932,31,3.065942809594302
1932,25,3.296052945592039
1932,26,2.5205679503325107
1932,29,2.6145009044795007
1932,31,1.9516812330260727
1932,32,3.237756427788344
1932,25,3.083652661964348
1932,28,2.4218812178864972
1932,14,2.143459884309338
1932,8,3.3497873150538666
1932,10,4.351863133734197
1932,22,2.1868033066771284
1932,14,2.1758701271193517
1932,24,2.469434349374017
1932,23,3.6145680498319575
1932,35,3.593470261820104
1932,33,6.36078124191376
1932,13,4.4182614740091015
1932,8,2.1382838699220295
1932,9,2.2579066131661
1932,13,2.835075579160478
1932,9,2.673968093522243
1932,17,2.5193559680420305
1932,36,4.4879354775359985
1932,26,5.238416469413021
1932,15,4.5308534983707585
1932,12,2.6748407051687573
1932,12,2.080108788850599
1932,19,2.1721402752128283
1932,15,2.2404644715257698
1932,24,4.0018146177185985
1932,14,2.9946451564953964
1932,14,3.7525969848675644
1932,1,1.0
1932,7,1.4736744963119437
1932,15,2.9574532294932085
1932,12,2.5413345832119374
1932,21,2.085698426271343
1932,13,2.584228156075278
1932,23,2.5966337297336617
1932,17,2.8734651454565348
1932,19,2.042310648191727
1932,17,2.0900657829710774
1932,22,2.912811160425405
1932,22,3.3756902573882486
1933,20,3.663086678440546
1933,25,3.805601394197649
1933,34,3.8433272093853668
1933,40,4.175709591536152
1933,25,3.238385726145018
1933,23,2.5347821399786366
1933,11,3.4221509370129612
1933,9,3.3855951528203754
1933,16,1.7679917990429943
1933,14,1.9288062850628425
1933,15,3.7938527550262706
1933,8,3.768255107578649
1933,7,1.9928867122058982
1933,8,1.7109762044975174
1933,22,7.606791313506705
1933,17,6.756910510298163
1933,13,2.5657924906963587
1933,12,1.4489686036021998
1933,26,4.677263692539184
1933,33,8.955022587012186
1933,17,3.094011558426758
1933,11,2.403884848180037
1933,15,3.15248579322962
1933,17,3.0889389337449296
1933,11,1.758562928169833
1933,6,1.6626585533913685
1933,11,1.7056451261128138
1933,14,1.9324261736752293
1933,5,1.8713812996618773
1933,4,1.470653761998457
1933,10,3.44983652775299
1933,25,2.92599988671768
1933,20,2.0170481289812625
1933,16,2.3336531590870724
1933,16,2.999664610316054
1933,7,2.956307347456945
1933,3,1.9432010650634766
1933,19,1.9214610327638506
1933,25,2.02088513821611
1933,18,3.2079181865635453
1933,20,3.0130548573008484
1933,10,1.4691609372036325
1933,15,2.7801835079843706
1933,34,2.3674575607914794
1933,27,4.5541717602657315
1933,33,3.1357240423420927
1933,16,2.7606487990518067
1933,30,2.318374595576453
1933,30,2.7860865639291834
1933,30,2.3039318816683485
1933,27,2.9027098443508166
1933,13,1.7251197681652222
1933,18,2.987487360009884
1933,10,1.7325433195979605
1933,15,3.253809609449
1933,18,1.8346071307151492
1933,32,2.838635809545064
1933,20,3.810652592283031
1933,20,2.5242932389947654
1933,19,2.576912248320413
1933,23,2.5601490698581024
1933,9,2.850072397424027
1933,7,1.7738652771635157
1933,7,1.4721402724977741
1933,9,2.072159213869072
1933,9,3.0989825680650593
1933,15,2.406276570790232
1933,37,4.245833709722563
1933,29,2.525500009909286
1933,14,3.859704538710921
1933,9,3.190694269540558
1933,10,4.83967898358738
1933,17,2.8046956664883327
1933,17,2.935828818705395
1933,20,5.7868422344587325
1933,6,1.4678005871147382
1933,13,2.032508999695178
1933,4,1.810375940132583
1933,4,1.6988288245829013
1933,13,1.6057574847732943
1933,15,1.5024561129728367
1933,26,2.705818822919697
1933,21,2.40034798794335
1933,20,2.357977582278467
1933,13,2.359154393351669
1933,12,1.615190561624755
1933,19,3.249904474745604
1933,22,4.190151593012536
1933,21,2.896665576149023
2018,17,2.32273958655506
2018,20,5.035392798854095
2018,33,2.4311720006431097
2018,34,2.8528057630131873
2018,17,2.322931020328199
2018,30,2.47659510411861
2018,16,4.196599776004738
2018,14,3.797741931191918
2018,24,2.385276152624185
2018,17,1.665766356088751
2018,8,1.5857798001979098
2018,7,1.5711767245928554
2018,6,1.4989438300324214
2018,5,1.9292241086779198
2018,17,5.812298068939201
2018,18,6.799633601955654
2018,4,1.8681753512904213
2018,8,1.7453829519903938
2018,26,3.207087615077708
2018,28,5.525519643798543
2018,13,3.3435076487201525
2018,10,2.7497423859170222
2018,9,1.5098829846613677
2018,4,1.3580716157339656
2018,5,1.9974502288194493
2018,12,2.5704954518847916
2018,11,2.1932432831923636
2018,8,1.3523497945174083
2018,4,1.678315092684582
2018,7,1.2730423784680274
2018,4,1.1560078084027738
2018,5,1.1309034571156287
2018,19,2.4416671333905904
2018,18,1.5586965376006594
2018,10,2.0537677578403946
2018,8,2.857788105920179
2018,8,2.6131353296686526
2018,8,1.3962999037621213
2018,23,1.6406396398309584
2018,19,2.3714835962709433
2018,15,2.2502881049224364
2018,21,2.352835480151433
2018,9,1.559374920602948
2018,11,1.2816851255128896
2018,38,2.7024765225892255
2018,22,2.757299629931996
2018,22,2.3347103887225815
2018,18,3.0102639598926135
2018,27,2.08587598223493
2018,35,2.263090308962354
2018,22,1.8732981943456155
2018,24,2.248517529310768
2018,17,1.8725840256457522
2018,18,2.4160897282087346
2018,13,1.4630088062120012
2018,8,2.000173383826198
2018,15,2.224720065771672
2018,21,2.5739050029761508
2018,15,2.0146768021436223
2018,23,3.5408274827330275
2018,16,2.588272602527661
2018,19,2.3878242619762546
2018,9,2.5734515543420287
2018,6,1.9677659756577828
2018,7,1.4915315124849426
2018,8,1.7513927227206179
2018,10,2.1956911662715117
2018,10,1.9716515519369358
2018,31,3.775250638682487
2018,22,3.4170521696276506
2018,14,3.548343494730831
2018,7,3.3820691954196627
2018,15,2.027716047932426
2018,11,2.5382443822261176
2018,16,2.8130980597179547
2018,14,4.995516987317834
2018,4,1.1936980953710439
2018,5,1.921931899249377
2018,1,1.0
2018,2,1.096063746109914
2018,10,2.007452185889387
2018,16,3.1012180052398195
2018,18,2.699500791962707
2018,14,1.7089784258232354
2018,22,1.8793048514475936
2018,17,2.9204224242616927
2018,25,1.9059312467803793
2018,31,1.9599916244585551
2018,28,2.123847201119487
2018,18,3.498552494518304
2052,19,4.287533907125159
2052,26,2.7143003500535894
2052,35,3.5443270702224012
2052,50,3.2105569863857744
2052,31,7.2593817860718755
2052,35,3.3802470674212617
2052,15,2.7132457924502256
2052,18,2.8807091260729107
2052,15,2.3787534951169884
2052,13,3.216998131384086
2052,16,1.8724339045521525
2052,14,2.4839903012761306
2052,13,3.0262470212622152
2052,11,2.66127527585398
2052,26,3.0982255556173044
2052,25,5.493330190548797
2052,21,2.9406653408719787
2052,21,3.9723832417534912
2052,39,3.2374031752498986
2052,41,6.3874214919019545
2052,12,4.6913076162274585
2052,14,2.0180899625545927
2052,15,2.4620931424473484
2052,5,1.4292395501926738
2052,10,1.5470895317443498
2052,9,4.14203240260605
2052,22,1.9301935477105685
2052,17,3.3363595391385594
2052,11,2.988918299647755
2052,6,2.298800741387157
2052,11,1.440202056049216
2052,5,1.5931424122548608
2052,23,4.793804068253726
2052,24,2.199684705537482
2052,17,2.523853099114519
2052,19,3.7791207348749665
2052,13,2.577572464148947
2052,10,1.2256811789172433
2052,25,1.9686620492721254
2052,32,3.0860419154941714
2052,25,3.1360188984406583
2052,25,2.393182968910998
2052,10,1.744885754929803
2052,14,3.1015927755650794
2052,43,3.2055483458381873
2052,34,2.307652446015982
2052,32,3.8217742584553056
2052,33,3.2582506064112984
2052,36,2.9655210348759895
2052,34,2.3744340252890046
2052,42,2.3829943201869765
2052,30,6.193274241481969
2052,16,3.042711533763138
2052,27,3.128775644775045
2052,12,2.9139416477161455
2052,10,2.2291997043513674
2052,26,5.419739083595766
2052,17,2.2242465165802923
2052,24,3.0373752736601984
2052,22,4.680893857671468
2052,26,2.3636469900138093
2052,24,2.128664897563734
2052,10,2.3399454831118818
2052,11,1.9962714004356068
2052,9,2.1570298570875197
2052,16,3.4973370387879537
2052,10,2.9762172462349237
2052,11,2.808563741505655
2052,41,2.427449060468938
2052,31,2.666951797831532
2052,14,2.806983716364745
2052,11,3.647099090142666
2052,17,2.3286649277891547
2052,19,2.6886665754088757
2052,29,4.5424730488763085
2052,28,4.458368989046708
2052,18,5.244393526466655
2052,19,2.8053158803871554
2052,3,1.1128941986490148
2052,5,1.5537190192520471
2052,13,4.770807663549173
2052,14,2.449430338333736
2052,23,2.799685392794325
2052,18,2.066535451920567
2052,18,3.319190123889815
2052,21,2.333678168941003
2052,23,2.431525934352942
2052,33,2.6451535693335693
2052,32,3.1693292875036017
2052,25,4.288861211965529
2054,17,2.838982103116946
2054,20,2.7536992427153506
2054,26,2.3519250002383063
2054,36,4.376638314470922
2054,19,2.798890504058203
2054,26,3.4846536110395383
2054,12,1.9127505106725886
2054,10,2.6159354651982056
2054,17,1.8140394387729502
2054,10,3.609523097087388
2054,10,1.7722046331489538
2054,16,1.6262715145060325
2054,8,2.4809521476143486
2054,6,1.6463579119313425
2054,19,10.201056028136747
2054,17,7.864786826252774
2054,17,2.284781512575901
2054,8,1.7007516613779428
2054,24,4.916612567513914
2054,23,8.95941378329446
2054,12,3.084681459265931
2054,8,1.702983812998143
2054,22,4.45867088658998
2054,19,4.250596744568514
2054,8,2.1455630546465367
2054,16,2.5550582159103046
2054,5,1.4082874406851587
2054,13,1.9792240099910494
2054,2,1.1048526077097505
2054,16,4.919515709409156
2054,1,1.0
2054,17,1.746170158813821
2054,17,1.61560491743539
2054,19,5.117765523012629
2054,15,5.272821481010977
2054,10,1.413265069920072
2054,2,1.0391489605078783
2054,18,1.88861801405054
2054,26,2.893787838867159
2054,13,2.884585698898623
2054,20,2.3638025161016216
2054,8,1.3431672149065832
2054,9,2.139125296777282
2054,26,2.6820908846741918
2054,26,3.2036815275519666
2054,19,2.5156336947502873
2054,23,2.578578259198238
2054,30,1.9616171797103532
2054,29,2.572287698737292
2054,25,2.851657862478133
2054,16,3.3411484771004325
2054,17,2.6448247710895254
2054,13,3.308184634901601
2054,14,3.0109679256371367
2054,9,2.4799516376287336
2054,15,1.748237190707747
2054,29,3.141538914171313
2054,21,2.6327404749010137
2054,17,2.148250253200861
2054,16,3.8527096798293776
2054,28,2.6103211391299515
2054,11,2.434011498298447
2054,11,1.4545663302481002
2054,8,1.572540779822572
2054,9,1.8216267051258939
2054,9,2.665214748784441
2054,14,2.2843663314346743
2054,28,3.603703659969145
2054,25,3.2145327691560337
2054,13,3.3411561453642116
2054,12,3.290147841099013
2054,10,2.6236186951470417
2054,8,1.618283116249332
2054,13,3.3392896199878943
2054,20,3.204785024210173
2054,7,1.8020931160250988
2054,10,1.7387707860922146
2054,5,1.418282531059806
2054,6,1.4004579862044253
2054,11,1.6067178960615252
2054,10,2.8647382109835084
2054,20,1.9385360308397035
2054,18,3.742915245196731
2054,15,1.8846414002650953
2054,18,2.7142612885908926
2054,14,1.9664772523705756
2054,14,2.385589780511567
2054,25,2.928533114133763
2054,14,3.199702198113582
2066,17,3.761469929748299
2066,21,2.358005913905705
2066,31,3.2302052507744223
2066,29,4.468528952340424
2066,23,3.6465738189637205
2066,15,2.189697276971889
2066,11,1.8521223706392362
2066,12,2.547970543281811
2066,15,2.6143740230567625
2066,10,3.010968751765824
2066,20,2.1560051099222024
2066,11,1.5624182153154011
2066,8,2.3338655766576433
2066,5,1.2411500165507459
2066,19,10.07946276305553
2066,18,8.912205497885909
2066,3,2.204641006334464
2066,7,1.690879471782986
2066,22,4.470578759604287
2066,21,4.148427146009985
2066,6,2.226343792797031
2066,9,2.339840319208763
2066,11,1.7935481509518627
2066,9,1.6380030462089143
2066,17,2.668544267615621
2066,6,1.4143243789401938
2066,12,1.8898729323361172
2066,11,2.675363527570245
2066,12,1.5196748310276638
2066,10,1.9701744874180187
2066,1,1.0
2066,10,2.5130935992170094
2066,17,2.166111156322338
2066,22,1.97722907926234
2066,18,4.354530969167767
2066,15,2.153310917399009
2066,4,2.3667916743713016
2066,2,1.045534917105793
2066,21,2.4571694551780485
2066,18,1.7595861284346979
2066,13,2.231772370573885
2066,21,2.0576910835550852
2066,6,2.3693786059325137
2066,10,1.800822028789687
2066,22,3.272474886446378
2066,33,3.159498908963124
2066,30,2.421412592610456
2066,26,2.9224463591702627
2066,24,2.82741385815568
2066,28,2.309151597876903
2066,25,2.4297973148964367
2066,19,2.0535612141425172
2066,22,2.7644484902647095
2066,11,1.7215396524713114
2066,12,3.7099578712983785
2066,9,2.617074488386608
2066,12,3.128089132486207
2066,13,1.9951288998736976
2066,22,3.6440175955239416
2066,18,2.6545873998487175
2066,24,2.3376358048236585
2066,28,2.3346086684621428
2066,10,1.3974378259829645
2066,8,2.127767009005217
2066,7,2.0189518147071035
2066,10,1.7623234618299484
2066,4,1.0882551903289097
2066,14,2.9458414123206036
2066,31,3.321322263817542
2066,35,2.932617036075282
2066,9,2.810594382324553
2066,13,4.509908908140253
2066,14,3.0560920890930126
2066,11,1.9087692575868251
2066,15,2.589636073358126
2066,16,2.4922526496455157
2066,10,1.667421726956159
2066,14,2.3840653484274243
2066,4,1.4193209487794898
2066,4,2.114314375933336
2066,15,1.7554736623670102
2066,14,2.2371275326536866
2066,14,2.289190862597792
2066,19,2.1864270248174704
2066,24,2.1625940407967104
2066,17,2.211035837302811
2066,24,1.827380061923231
2066,33,2.1136414185211048
2066,26,3.488020914654279
2066,28,3.389488389994342
2093,20,3.710155372904378
2093,26,2.541019013100977
2093,39,2.999892661605094
2093,45,4.412838508554696
2093,27,2.829005125499594
2093,29,3.150615176976188
2093,21,2.7708355631765027
2093,15,1.745224879135886
2093,37,2.392615745449474
2093,22,2.084890642914026
2093,20,1.7278854716292154
2093,11,1.8336282574794307
2093,11,1.6275425280129157
2093,9,1.597343246857838
2093,18,7.306466115814229
2093,26,6.469003477170839
2093,34,3.116758552681504
2093,24,1.8310875037930068
2093,32,4.298671177665519
2093,26,5.408529954484912
2093,25,3.123537653985818
2093,17,3.4892026508749243
2093,25,1.9259748753545578
2093,17,3.145347639901639
2093,20,2.9276677504943853
2093,19,2.399558265526404
2093,14,2.627624564738026
2093,12,2.4405736231043504
2093,5,2.1640408769078867
2093,4,1.0743321312278982
2093,4,1.0202538482311638
2093,1,1.0
2093,29,1.8197370112246973
2093,15,1.7982491242455148
2093,12,2.5435939376680197
2093,14,4.5046115815039185
2093,9,2.234559208752204
2093,3,1.152969596001666
2093,28,2.402504719293473
2093,28,2.2955674704881215
2093,15,1.934368876340465
2093,25,3.065812547972356
2093,12,1.3503576678977374
2093,16,2.095130389863776
2093,39,2.811122459064193
2093,24,2.8950073581921933
2093,40,3.8997137116426117
2093,19,1.8141272580401067
2093,30,2.6043548239345045
2093,36,2.0635833166964073
2093,32,2.730446839304706
2093,27,2.3332749828160786
2093,33,2.3067414965867528
2093,17,2.8697149612059536
2093,25,3.170946434573804
2093,19,1.67454443939459
2093,17,2.2614505125096596
2093,26,2.7531703815326467
2093,22,2.1907587504831394
2093,20,2.0941225595983317
2093,22,2.511595876193128
2093,28,2.1762709154068585
2093,15,3.0701458810878637
2093,9,1.26297216146332
2093,8,1.675346501263932
2093,10,1.7623952495747368
2093,6,5.04874166279329
2093,10,1.8389549763518356
2093,39,2.623022983136859
2093,28,2.4725862533538683
2093,13,4.282069332342343
2093,11,3.239141911953463
2093,15,1.6397329055241519
2093,14,2.8213262857142856
2093,19,2.320873082990986
2093,12,1.947349540361965
2093,5,1.3894568691851472
2093,12,2.5233071755343786
2093,6,1.4075780986378248
2093,4,1.1522679945676777
2093,15,3.260241224836469
2093,13,4.187264027219956
2093,30,2.189382799524036
2093,14,3.9973991610284765
2093,27,2.2096608287888704
2093,16,2.698562182036026
2093,27,2.233985660591306
2093,21,1.8629175256306159
2093,26,2.7570546334931167
2093,22,2.5314141732807087
2129,23,2.42887112573592
2129,19,2.8320095565728653
2129,33,3.418522928699153
2129,27,3.7905945516318025
2129,14,3.5600612001214347
2129,25,3.2486305108035682
2129,9,2.954966092938886
2129,15,1.9478637154814353
2129,23,1.7158063947593285
2129,18,1.7617517939494585
2129,16,2.18018550295858
2129,14,2.740210901961371
2129,7,1.6573943615598903
2129,6,1.3937273384233513
2129,23,6.96134521117057
2129,20,8.115161053359703
2129,15,2.053909821748077
2129,9,1.832649438664226
2129,31,3.8077911489044265
2129,21,5.454107383444797
2129,12,1.9444063802591922
2129,12,3.1298467912728585
2129,22,3.0072081321581625
2129,12,2.457963393931548
2129,17,1.780094961832798
2129,21,2.1194603797243725
2129,17,3.1971673966231653
2129,9,2.01319861747457
2129,5,1.4271506446902447
2129,7,1.4500651649154124
2129,4,1.4134866756620004
2129,9,1.8325544092357477
2129,23,2.1737043309264927
2129,23,3.2021393563986846
2129,16,3.1706827014615646
2129,10,1.628851349483838
2129,7,4.587516168929888
2129,6,2.870789905343117
2129,24,3.853302017831693
2129,23,2.244343236644654
2129,17,3.3495703039515696
2129,18,2.2328864327516906
2129,5,1.214456613953311
2129,5,1.5654214876033057
2129,35,2.6540276771183096
2129,27,3.847931898999104
2129,27,2.891132800668587
2129,21,2.1774671966928785
2129,31,2.475198424250478
2129,31,1.927749140942752
2129,31,2.4067713527016723
2129,26,2.1556333204611438
2129,27,3.604797558687579
2129,16,3.134297796943944
2129,5,2.190823103432388
2129,13,3.0028098627275503
2129,22,5.64410489550902
2129,18,2.1535546904220877
2129,20,2.372591962252037
2129,18,2.300864618919395
2129,21,2.4341935729002007
2129,28,3.725305445107566
2129,9,1.889754021698466
2129,11,2.071448345807497
2129,5,1.6032721325593338
2129,9,1.448301541857108
2129,13,3.4620137664153208
2129,7,2.1326702661773687
2129,32,6.492690823440948
2129,30,10.315734885997276
2129,18,4.87927049711737
2129,9,4.139480184323549
2129,12,2.190829754415325
2129,10,2.2971978640685875
2129,21,2.8251222074461837
2129,24,3.3148517950699965
2129,8,2.1931285913059195
2129,17,2.597149582048858
2129,4,1.4433053032310916
2129,3,2.1135968317550407
2129,14,1.9118177723708223
2129,14,2.1526470141355487
2129,24,4.410866806848871
2129,17,2.6044855772669746
2129,18,2.4553356065785046
2129,18,2.6830033550379886
2129,20,2.507806562798803
2129,25,2.398757923683532
2129,33,3.8144156174552535
2129,28,2.2946707077610857
2135,17,2.4358437743235144
2135,22,2.718229304860101
2135,26,2.986105379027619
2135,28,3.116536250396129
2135,14,1.8016290471579817
2135,28,2.755281408190473
2135,9,1.5073429478730873
2135,9,2.076089654815054
2135,16,1.8032383032975976
2135,17,2.1172435406568533
2135,10,2.1526578111491417
2135,10,3.2119955512111864
2135,7,2.679532708968696
2135,5,1.177127701629423
2135,16,7.962596915907892
2135,22,11.753764104760233
2135,11,2.0077512632510555
2135,13,1.9933352059264404
2135,25,6.124242725026633
2135,21,6.326077845674052
2135,9,1.6858455865723108
2135,7,1.4711159964143188
2135,16,2.0275274056541748
2135,15,2.1597081550087425
2135,6,2.6660373702422144
2135,5,1.5390881656182431
2135,8,1.1957720118477126
2135,9,1.7058077602773578
2135,8,2.0119901636621393
2135,8,1.6646050253683475
2135,13,2.1945386239105273
2135,14,1.5123604090724734
2135,11,2.4858451137107687
2135,16,3.513561537092355
2135,5,1.1841166055009809
2135,5,1.1038552299380573
2135,20,2.4156895181286955
2135,22,1.8087904384714728
2135,19,1.7326161981725394
2135,26,1.7788153182225197
2135,3,1.1110303993859818
2135,9,2.977942465551699
2135,33,2.850802506037526
2135,27,2.476258926156251
2135,27,3.399600085971987
2135,26,2.669638611237733
2135,23,2.0987621106103957
2135,30,1.7185941913832155
2135,19,1.920926938362095
2135,20,3.668574928079744
2135,18,2.3874617926413633
2135,11,1.739254584540208
2135,13,2.535884960378976
2135,8,1.7989126346635618
2135,16,1.7944523086458743
2135,25,2.519564165905206
2135,19,3.681630466392926
2135,20,2.2061743229476267
2135,16,1.56549816064197
2135,20,2.394337189470745
2135,9,1.4960423570759156
2135,7,2.4339590293508304
2135,7,1.7627670052078552
2135,11,1.360167595770805
2135,8,2.2773145257640577
2135,9,1.581531653873372
2135,32,2.868103714675087
2135,30,2.0661635400953196
2135,11,3.780881336184617
2135,10,4.118822796735946
2135,10,1.7211727089817257
2135,7,1.4445443296886442
2135,12,1.7893628505129666
2135,19,2.8387633082873385
2135,3,1.1112319334879504
2135,15,2.4947304966340758
2135,3,1.0243768923010381
2135,5,1.1321995464852608
2135,18,1.764368459056299
2135,17,2.1746600130571596
2135,17,1.5789922602690334
2135,21,2.5639319604030275
2135,18,2.164382778322884
2135,18,2.5108830171924543
2135,16,1.3622392371471574
2135,24,1.688372713772931
2135,20,2.1488197324451423
2135,22,4.193865004444981
2143,17,2.450450180863169
2143,14,1.6280700223163438
2143,36,3.3510949289178207
2143,38,3.6700022051469245
2143,15,3.3820244794030137
2143,31,2.8194761173619716
2143,12,2.6568337773366997
2143,13,3.6566684698096124
2143,27,2.3088841345917612
2143,17,2.2807778818583966
2143,14,1.9273607536122923
2143,13,2.1886589806697785
2143,17,2.3037357335715556
2143,15,2.118689905223108
2143,36,10.431721057879527
2143,30,5.496783456047023
2143,16,3.938465692826979
2143,15,4.549416674834889
2143,45,5.954256670053441
2143,31,6.306678051515595
2143,22,2.6055825359405005
2143,11,2.8757123122476544
2143,13,4.0602061462192465
2143,11,2.29485684336331
2143,8,2.1247065254610757
2143,12,1.7214239835406493
2143,7,1.7681732697948913
2143,11,2.6845509633523585
2143,16,2.4565179034307874
2143,15,2.96612199318993
2143,1,1.0
2143,5,1.6605113374716793
2143,18,2.1546429541504133
2143,18,2.079199996169481
2143,13,2.0541984242169504
2143,22,3.3435305035743936
2143,13,2.416351611211468
2143,5,2.0262106219898426
2143,32,1.9379416063719415
2143,21,2.7389777613386777
2143,21,2.233940922860599
2143,24,2.509057949008531
2143,15,1.8637682508883275
2143,11,2.0803157924909197
2143,41,2.735116536480862
2143,33,2.884072561082109
2143,30,2.5856644482550237
2143,33,3.326861602953217
2143,31,2.790505974415902
2143,35,3.014063170801799
2143,30,3.2531309093403533
2143,24,2.196118856908288
2143,18,2.5601212959885045
2143,26,2.3176579000298845
2143,18,2.1266123260343983
2143,11,2.3347671228218196
2143,17,2.120444834291856
2143,20,3.5963837716851934
2143,21,4.263730707298671
2143,17,2.461230225647025
2143,19,1.9727129450102008
2143,19,3.0079659782940014
2143,8,1.7839598126816631
2143,9,2.2561921891473418
2143,8,1.5637378488945417
2143,9,2.5963504991342954
2143,5,1.5399369562124303
2143,12,2.9409840605482955
2143,33,2.8846700726694707
2143,30,3.2599328520939324
2143,17,4.162258198235225
2143,7,2.5114106146660347
2143,20,3.1333253426011285
2143,12,2.737258124568483
2143,16,2.554629543679176
2143,26,4.541162816213547
2143,10,1.5671050618070876
2143,16,2.1748875264
2143,8,1.5568660182900276
2143,7,3.0337815357272713
2143,22,3.6697963106130294
2143,12,2.6559218311158808
2143,22,2.025535659301456
2143,19,2.4424160992143906
2143,24,3.1514120060534956
2143,18,4.001246456524803
2143,29,2.271359089406833
2143,37,2.2222699862988944
2143,23,2.52963767392323
2143,11,3.186740098013523
2151,13,3.5015597773991916
2151,21,2.760917215677738
2151,32,3.2385380482826926
2151,30,3.2851874014680615
2151,17,2.4792608824615776
2151,31,2.4711561896309195
2151,6,2.027255699222638
2151,11,4.013002316366183
2151,13,1.5706787870555547
2151,10,2.3017581948755206
2151,10,1.3105791388955703
2151,4,1.3298524559464742
2151,13,1.75959312060047
2151,6,1.5717095975582913
2151,18,9.451366990228545
2151,22,10.58338180378377
2151,7,2.456648611185355
2151,11,3.074254769094128
2151,26,4.8063349840200145
2151,19,7.375247786488554
2151,10,2.302976097457351
2151,18,3.4613163668043447
2151,9,2.8297823983425143
2151,6,2.4239406517716167
2151,6,1.960513253895234
2151,6,3.749002396659931
2151,8,1.390520055549708
2151,6,1.4718884999842337
2151,4,1.455034595120962
2151,9,1.7638573638160946
2151,5,1.185358697246809
2151,1,1.0
2151,15,1.5029552066808642
2151,16,1.6449425816125334
2151,12,1.8097978631314133
2151,18,2.135392114905405
2151,9,2.64393433413439
2151,5,1.3298091720529395
2151,22,1.518547170704571
2151,16,2.580739989519951
2151,11,2.1657127375120075
2151,15,1.7699243997909364
2151,2,1.198083011696819
2151,5,1.3344991341139056
2151,26,2.047115851766597
2151,31,1.777030497055842
2151,22,1.963843813278898
2151,28,2.438824277334436
2151,20,3.600829249764952
2151,32,2.2727755788356547
2151,23,2.077772565501025
2151,26,2.097272935439139
2151,28,2.108051839289606
2151,19,2.67875900488493
2151,8,1.5792661596155606
2151,9,1.692360645628805
2151,16,2.2823564049074845
2151,17,2.0603418297943157
2151,24,3.498828368531659
2151,26,3.1700784459709976
2151,29,3.297804765667914
2151,29,3.4106517759797654
2151,11,3.453480091024512
2151,7,1.9419727705562675
2151,12,2.233018212076682
2151,10,1.4378296389727723
2151,10,2.397478463290784
2151,11,2.5007051173152246
2151,42,3.877519044320773
2151,32,3.4616167365489274
2151,11,2.3334557677437497
2151,14,3.734652476445021
2151,12,3.0261520093481686
2151,12,1.8057512853504565
2151,6,2.013837439834458
2151,14,3.9107567112527084
2151,7,1.5378829167095722
2151,7,1.1859552644587246
2151,5,1.662330914248024
2151,16,2.6898491930597115
2151,16,2.576883858269347
2151,16,1.980249752714277
2151,13,1.8454892534817136
2151,21,2.023137770634708
2151,16,2.193558002889216
2151,17,1.8479496324301616
2151,23,1.9037666184299742
2151,25,3.5987590498140563
2151,15,2.026848522823971
2173,15,2.292393141331022
2173,17,1.8464224207056952
2173,26,2.3326092408300187
2173,36,3.737282532792258
2173,17,4.983000735501958
2173,20,2.687325194068138
2173,10,1.8494086579243036
2173,10,2.003858225691233
2173,14,2.984085275418954
2173,11,1.9965597607742878
2173,12,2.97800367112553
2173,7,2.000832759282185
2173,7,1.694327563843176
2173,8,1.3777176314674229
2173,22,9.214149600540095
2173,23,9.503507221718932
2173,14,1.6326115727638364
2173,11,2.009824894689539
2173,30,5.731087166478137
2173,26,8.506946703048383
2173,7,1.4575874755991907
2173,17,4.038731668766884
2173,14,2.564197581916312
2173,14,2.814393803085525
2173,22,3.129260503772643
2173,15,3.067509662227952
2173,11,2.833325007893069
2173,13,2.398795548494614
2173,7,1.7006483184347476
2173,9,2.409933367698756
2173,1,1.0
2173,1,1.0
2173,22,2.2857777832985557
2173,20,3.0770490810555042
2173,14,2.069935130364937
2173,15,1.9838905336759491
2173,8,1.7236924425083364
2173,5,1.4803628117913832
2173,22,3.0818580435286216
2173,20,2.9021334830948304
2173,14,1.8876686806793033
2173,26,3.264396987048897
2173,7,1.5190283279830612
2173,12,2.2181332143729744
2173,35,2.6421909597421025
2173,28,3.3810251870398136
2173,23,2.776831226450898
2173,19,3.878174426411388
2173,23,4.271365494690256
2173,26,3.090618664186051
2173,27,2.5060550391059104
2173,24,1.7734806803283143
2173,13,2.639078907487096
2173,10,2.2210993527902225
2173,10,2.6402911577383787
2173,6,2.58895717988258
2173,12,2.2356294991166332
2173,20,2.5023921965844513
2173,20,2.7409893494613717
2173,18,2.308404178239343
2173,20,2.5878870519038326
2173,26,2.766152046259896
2173,12,2.35471294146537
2173,6,1.6146907884046557
2173,7,1.8163257806049289
2173,9,1.6157340977165326
2173,5,1.4916633306101452
2173,9,1.3812991799630812
2173,37,3.360787194842563
2173,30,3.5283224559588526
2173,14,2.8114774275238705
2173,11,3.056401289950636
2173,10,2.576488887860905
2173,11,2.877320538650097
2173,12,2.1625613780224557
2173,18,2.647971437430536
2173,6,1.8002467286665487
2173,11,2.239502804602339
2173,2,1.0909302263789988
2173,6,2.224966483314884
2173,15,2.424373325054498
2173,14,2.5740851466777466
2173,20,2.2207165049961644
2173,21,3.0534077942853197
2173,20,1.9290592174688932
2173,20,3.16663453054758
2173,23,1.8449987804785357
2173,31,3.08723522163612
2173,28,2.7707627235931795
2173,30,3.00694437577493
2174,15,1.9347448998397432
2174,19,2.7807531504964653
2174,31,3.800050384134085
2174,44,4.5014468222109665
2174,22,3.4002903764063492
2174,30,2.9943473235809743
2174,10,3.030300060032791
2174,15,2.7209095791570914
2174,23,2.42068201545537
2174,18,8.17702228675785
2174,13,1.9121205218687023
2174,15,2.229579355488933
2174,7,2.0329741609203307
2174,8,2.35551719465689
2174,23,8.504713565367739
2174,19,10.032686518268372
2174,13,2.5469579362573627
2174,15,1.979233894798156
2174,30,7.70610506919387
2174,24,6.582431127536495
2174,15,2.523208046556448
2174,20,2.0674469940171085
2174,14,3.507655470736934
2174,9,2.186192705655473
2174,15,2.7056671760402344
2174,18,2.026796486869076
2174,11,2.274433735970324
2174,20,2.408801243415796
2174,7,2.218650467534877
2174,5,1.478940685261708
2174,8,1.5991350804248687
2174,5,1.7173514354342314
2174,21,2.1259175605699694
2174,15,2.3450873554555622
2174,15,3.4304176649943723
2174,16,4.238914037982314
2174,7,1.6886299086958176
2174,6,1.4684761676051161
2174,24,2.4427234370758266
2174,26,1.7840844260422315
2174,16,2.292485311500723
2174,22,2.431187331500285
2174,4,1.8324947707614903
2174,4,1.0746776316555813
2174,37,3.3502756491824695
2174,27,3.732181481736326
2174,26,2.7149499021812287
2174,23,2.2079363436126007
2174,39,1.9883730004904263
2174,35,3.014947274179348
2174,25,3.401312185124781
2174,31,4.180401706179328
2174,25,3.6441943451539243
2174,16,3.8432479419070282
2174,12,5.6865664560648845
2174,11,3.820620052654276
2174,17,3.528134895848156
2174,18,2.8681255693663217
2174,15,2.567182594220123
2174,21,3.7815415141822792
2174,21,3.892655517067895
2174,30,5.486245791140096
2174,10,2.799044587895301
2174,9,1.765876448912494
2174,9,3.763622184973015
2174,13,2.1936616759784315
2174,5,1.3153753643262112
2174,8,1.5759283891523257
2174,36,5.065631391171117
2174,31,5.589392657864071
2174,16,4.532608264860644
2174,11,4.394338224330107
2174,14,5.496428838919137
2174,13,3.576987989170709
2174,16,4.344238735546874
2174,24,2.4010035706548734
2174,11,2.7857936218164876
2174,18,1.861725602412943
2174,8,1.4127290946535678
2174,4,1.466966094030832
2174,14,2.9679833760518943
2174,18,3.9377776195883247
2174,23,2.062020134798741
2174,11,4.478598188992262
2174,19,3.0692738463023344
2174,19,3.586299829091725
2174,18,1.7789693132339788
2174,18,2.1747473953162277
2174,21,2.1349823078180514
2174,25,3.498306006330704
2196,21,2.426557535757574
2196,18,2.873126749764392
2196,30,2.947395590128804
2196,36,3.2693101050498767
2196,17,3.229287116508655
2196,24,2.5357491638271608
2196,11,2.243325124795874
2196,11,1.5562947600518031
2196,11,4.202580837164698
2196,20,5.126671952843046
2196,15,1.630556062118478
2196,9,1.9740420837455508
2196,10,1.7089435318391548
2196,8,1.7288113791763315
2196,21,10.015844551017741
2196,20,7.69209358601402
2196,8,1.7255753246224161
2196,12,1.9465983708860657
2196,25,4.541987766499966
2196,15,5.4260118808406235
2196,10,2.824530059178057
2196,9,2.704483241836234
2196,8,2.308280646786505
2196,10,2.637641019752609
2196,10,2.399830874961209
2196,8,2.6611879996154473
2196,12,3.8229206734790964
2196,13,2.530278752105404
2196,7,1.6911388537333947
2196,11,4.3862993276274285
2196,3,1.0688143492691193
2196,4,1.8408840771770625
2196,11,1.3253684607097322
2196,17,1.4699060424973398
2196,16,3.2135020238781986
2196,15,4.079972169988045
2196,9,3.496390491375167
2196,5,1.5562808322601616
2196,21,2.376648104058042
2196,24,2.475676542641394
2196,13,1.9163954984769147
2196,24,1.969034423566041
2196,7,1.405385162508589
2196,11,1.6961002831792389
2196,32,2.5645435866761312
2196,31,3.668022148166673
2196,19,2.093871897424756
2196,19,2.5860412052126667
2196,27,2.5319905865536865
2196,31,2.4055169529315417
2196,25,2.641318005529839
2196,34,6.364204291355218
2196,19,2.626957317326345
2196,22,2.626545938676708
2196,17,2.638568356800717
2196,7,2.066575393095182
2196,17,1.8759830530802086
2196,20,5.604805811476789
2196,19,1.9843600586301757
2196,18,2.4489420292306665
2196,22,2.3555918856584013
2196,23,1.7019093696274636
2196,10,3.0381790813609393
2196,13,3.838402331424784
2196,7,1.341918455698745
2196,10,1.421994567995945
2196,9,1.9481265526456328
2196,10,1.7250102756085928
2196,35,5.200496955697843
2196,27,7.6863705735167525
2196,14,4.081719274170764
2196,7,3.048731469571152
2196,14,2.957138034857325
2196,12,2.5219120756032503
2196,11,2.866034385445421
2196,24,2.5923196584213835
2196,6,2.0594481541113905
2196,18,3.7690437399217442
2196,2,1.1767820247933884
2196,4,1.4813853089884275
2196,14,3.030216012978378
2196,14,2.688100661060413
2196,23,2.745015519944502
2196,12,1.7474831299645577
2196,19,2.4278573738610785
2196,17,3.3197764629212734
2196,30,2.2818049163673946
2196,31,1.740650221359343
2196,27,3.377432738801146
2196,26,4.937052717816086
2198,14,1.5442709824354202
2198,18,2.2978348618974405
2198,36,4.336851618547294
2198,29,2.9015458692983094
2198,28,2.888080967774635
2198,22,4.526977311393806
2198,8,1.7587339883493913
2198,11,2.4418448437559275
2198,22,2.360652454975426
2198,20,1.8999343576788064
2198,12,2.3633479225005445
2198,11,1.7676588730868228
2198,9,2.0545294027530763
2198,5,1.672701017522534
2198,22,9.775653190885643
2198,18,7.1538324431278735
2198,16,2.0432149127959667
2198,9,1.272407425323733
2198,22,3.931332299596377
2198,22,4.739209740971041
2198,17,2.137809434276971
2198,20,2.935553985469149
2198,16,1.978703486781361
2198,10,2.2043841022555375
2198,13,3.0511540098368664
2198,11,1.616567778422036
2198,15,1.746542858265944
2198,11,2.249993272285768
2198,5,1.5729566609443084
2198,12,6.850621424312283
2198,3,1.0533072998213266
2198,9,2.059013148788927
2198,18,2.6039524474589864
2198,20,2.1034937222472334
2198,16,2.2070898154758893
2198,12,2.0537950170763852
2198,9,3.205996728941018
2198,9,1.6819825720984587
2198,30,4.152494333336966
2198,18,1.5816655100243353
2198,17,1.821762956511068
2198,21,2.007253016295384
2198,3,1.2753875236294896
2198,8,1.6294193401252561
2198,36,2.869660445427477
2198,27,3.690914936654452
2198,27,3.150849934335445
2198,27,3.3144817465282057
2198,29,3.5197432265935045
2198,33,1.948335094945283
2198,34,2.7608272426404272
2198,25,2.8671774616908112
2198,18,2.73112239828719
2198,15,3.2200390356334787
2198,12,1.7483568661353646
2198,14,3.5799866838458687
2198,18,2.748454672086064
2198,31,2.8793255283699235
2198,19,2.43447554664194
2198,19,2.1452977975431535
2198,20,2.258300097805361
2198,23,2.514789875707402
2198,16,1.9339485682384498
2198,10,2.3637991883194527
2198,9,2.4809799090599522
2198,9,2.1601798493754596
2198,9,1.6012481154081313
2198,11,1.4786711708561988
2198,38,5.630867992977457
2198,29,7.140151112011979
2198,16,3.535661496170492
2198,17,3.7935881698292047
2198,16,2.3953137258766564
2198,14,1.951869543954667
2198,14,2.793658701827686
2198,27,3.171548235014367
2198,7,1.6428204365812535
2198,20,1.6757099674009652
2198,3,1.170427642906336
2198,7,1.5620950954918453
2198,11,2.05515824829932
2198,12,3.40564429129391
2198,24,2.770909334733158
2198,18,2.7388740438129577
2198,24,2.393884468872828
2198,14,2.415491780462509
2198,27,3.059915221711428
2198,22,2.7072943324012826
2198,37,2.827414738709765
2198,19,1.7201782379285708
2205,19,2.0868370434821593
2205,18,3.2954183720791987
2205,32,2.3345704016104833
2205,30,2.869653837107192
2205,30,2.1799817700021986
2205,27,3.3445546021202115
2205,9,1.688062155120681
2205,7,1.6897359237275573
2205,17,2.3003350785635024
2205,16,3.0489936628547087
2205,14,3.8801413154554165
2205,8,1.4706336885623668
2205,9,1.8229122701158846
2205,6,2.267805368979301
2205,17,10.41204189684946
2205,20,9.232114043629192
2205,9,2.3047791047533823
2205,8,2.411008711021336
2205,25,4.760190819312443
2205,25,6.839163208118289
2205,7,2.1233944039102783
2205,13,2.53568411395336
2205,12,2.9075900813098685
2205,10,2.7016731744062064
2205,10,2.9019706878039937
2205,20,2.6470787608316746
2205,17,1.7279058362295143
2205,9,1.5102462325670074
2205,2,1.093870529651426
2205,7,1.2735063219105056
2205,6,3.5584465980267477
2205,2,1.0311418685121108
2205,16,2.5673526692813344
2205,16,1.7765618016313969
2205,13,3.676708146996577
2205,16,2.2735632610716205
2205,9,1.0784046380827328
2205,4,1.1786936311140916
2205,22,1.3930501448359502
2205,23,2.780459011071975
2205,16,1.7326927475264733
2205,19,2.5116247403094087
2205,6,1.1487694897635536
2205,7,1.2207355868808945
2205,33,3.208942810574386
2205,32,4.241288534831113
2205,27,3.3932402940765294
2205,26,2.501560341206754
2205,26,1.7904620469015875
2205,31,2.3582395423576687
2205,24,3.190241319602329
2205,27,1.6333780750013134
2205,18,3.1471840625259806
2205,17,1.7854136865954204
2205,20,2.5899340644512194
2205,11,2.1793494137499554
2205,18,3.3784419919530855
2205,19,1.976593121797059
2205,20,3.04221508826133
2205,17,2.649562415661312
2205,20,4.230721229846547
2205,29,2.5674088442030993
2205,9,3.6948247317227403
2205,6,2.5178340570344098
2205,5,2.7347568482173545
2205,13,2.7412393162393163
2205,6,2.4275171029149316
2205,12,2.0746804778882844
2205,37,3.0885970868408554
2205,36,3.9572329121825365
2205,13,3.0122711482642868
2205,8,3.387949231465915
2205,13,3.36856791496943
2205,9,1.9851841352641484
2205,16,2.849250331500748
2205,20,4.768015786713776
2205,9,2.100480972584999
2205,13,1.5204783042934837
2205,3,1.308155653127379
2205,5,1.6347251933496467
2205,16,3.7531920402249064
2205,17,2.773907261267046
2205,21,1.8792250686474419
2205,21,2.170375834842777
2205,30,2.182503538301767
2205,14,2.315697319368433
2205,20,2.055674074762068
2205,26,2.546471104584305
2205,22,2.091100393206449
2205,19,2.6118165245485563
2207,24,2.492241240590534
2207,19,2.173124793751947
2207,29,2.360564692467882
2207,27,2.7929994016974717
2207,19,2.32716128447686
2207,19,2.2903699725343
2207,11,2.676221272127687
2207,15,2.4327120756921246
2207,26,2.0610263245392133
2207,21,2.9011760174949495
2207,20,1.9339553709017294
2207,14,2.6157861386439603
2207,11,2.934693543271816
2207,6,1.7991301052684114
2207,22,8.035361705645625
2207,19,6.202955144192415
2207,5,1.2141318263398908
2207,4,1.877802328892465
2207,24,3.280088677843777
2207,23,5.736212539773987
2207,12,2.487548335680345
2207,8,2.0442902120430086
2207,19,2.236857865846256
2207,14,3.258251030677209
2207,14,1.8953557140093586
2207,15,6.321916764856272
2207,7,1.986885813148789
2207,9,1.9247782422362798
2207,9,1.8447940067605872
2207,8,2.8344930299672755
2207,4,1.3946481323088644
2207,8,1.4401813866156516
2207,21,2.2739526603498543
2207,18,1.9492621858882753
2207,13,1.9007783631182915
2207,12,3.447561245780489
2207,9,5.1842038449314325
2207,2,1.4582812993441587
2207,19,1.4654089091200322
2207,21,1.8609943328711531
2207,13,1.4649210541102433
2207,18,3.180059230019655
2207,1,1.0
2207,6,1.2773201908362588
2207,39,3.194716896451301
2207,33,3.482547364800821
2207,24,4.535730172396294
2207,25,2.1105303927477337
2207,24,2.466233690410605
2207,31,3.959500207059378
2207,31,3.126644583176415
2207,24,3.6221158994434184
2207,23,2.0149250305829454
2207,10,2.19382153906128
2207,18,3.294924793394996
2207,4,1.9157043256365178
2207,11,1.489048750400843
2207,15,1.9600130870201502
2207,18,3.1279803644880344
2207,19,2.3359769452368973
2207,19,3.853717743820661
2207,29,2.756775688203603
2207,11,3.3201663174367253
2207,9,2.272898092413213
2207,9,2.4764353262822416
2207,12,1.3901858694015232
2207,8,1.858862978204542
2207,11,2.084902125588795
2207,32,2.7805485249388555
2207,33,3.394117402363921
2207,16,4.317282495725939
2207,10,2.8450811787038033
2207,8,2.031260960799367
2207,13,1.9387635553485558
2207,17,3.1836096235929383
2207,20,2.566496307993979
2207,7,1.6042861497030536
2207,10,1.7181874643197335
2207,4,1.4851909482389158
2207,4,1.047109390566736
2207,13,2.5938979587357456
2207,15,3.1057643511623994
2207,17,3.8038935968382406
2207,15,5.370391682756945
2207,21,2.3286120123861704
2207,20,3.6055372666259684
2207,14,1.982029160110231
2207,17,2.3236320650858993
2207,21,2.782336710989002
2207,18,2.635237508967648
2254,18,4.234289512684761
2254,16,2.1541484832186986
2254,33,3.903541566273744
2254,37,4.5623867888612795
2254,24,2.2912024158596487
2254,29,2.5529314616461516
2254,13,2.196632769917885
2254,12,2.293280956563713
2254,26,2.1103899853348027
2254,19,1.8782960261541954
2254,18,2.3907314840552485
2254,9,1.9746495832778495
2254,11,2.383798031939844
2254,6,1.946084490396402
2254,22,7.999312179008758
2254,19,11.378158096415955
2254,6,2.382576971492102
2254,7,1.5271947852150183
2254,24,5.959931141344917
2254,20,5.275871299030882
2254,10,2.1191191273119796
2254,15,2.731001863418852
2254,14,2.56424388809214
2254,12,3.1920886276973346
2254,16,1.5823017080405675
2254,13,2.5390447941883743
2254,12,2.8945755536522597
2254,10,2.3970407639718663
2254,5,1.5398754493264437
2254,3,1.1386500592079294
2254,6,2.3400277826818647
2254,18,1.4787671056929623
2254,15,1.6982567165194817
2254,14,3.5962004460848185
2254,17,4.003406131830556
2254,6,2.353490775794724
2254,3,1.2397658402203857
2254,33,2.1812403606081925
2254,26,1.8896516085214778
2254,18,3.4349271309535054
2254,24,2.6123099201600106
2254,11,1.453420959809915
2254,9,3.9846922189240344
2254,35,2.0113819707015046
2254,36,2.4918318198968277
2254,15,4.3435995260361695
2254,23,3.3061834220273862
2254,30,2.373741362734605
2254,29,2.4333131123986687
2254,32,3.227804164415955
2254,29,1.8054948596232143
2254,30,2.932222071599872
2254,9,2.7353028835933433
2254,10,4.021075471799082
2254,8,3.561409654352979
2254,14,2.9927768432830257
2254,24,1.9929987126409952
2254,22,4.309553163790479
2254,23,2.1902745028190536
2254,28,3.382225234046102
2254,32,4.3129550073613485
2254,13,2.5226291797270535
2254,10,1.4728409452198756
2254,10,1.804802507955393
2254,12,2.1663086610304108
2254,5,1.833694806312705
2254,12,2.2816796185662116
2254,34,3.0897969346489087
2254,38,3.999538719813533
2254,14,2.3533133419976457
2254,9,3.9817646903145425
2254,12,2.0909959140829106
2254,14,2.49855257100329
2254,22,3.3628236198461776
2254,21,2.7227667972124494
2254,8,1.14276834879828
2254,16,2.062411997590442
2254,3,1.2238863905325443
2254,7,1.4593135195687181
2254,14,2.377859233450326
2254,21,4.8558361034450535
2254,19,2.1699121777709065
2254,14,3.694830774752485
2254,21,2.113694181162807
2254,18,3.0613510488180387
2254,18,2.3146761428108134
2254,25,2.851268118141741
2254,16,1.9497065811281682
2254,22,3.6504970306229483
2260,15,3.254053818507777
2260,23,3.049943205560307
2260,29,2.3150897087842477
2260,35,4.526547532281411
2260,17,3.2206693548948695
2260,20,3.990512205764643
2260,11,1.7402485811318287
2260,9,2.0727547569214257
2260,13,2.9181620873679575
2260,9,2.8724350450311062
2260,19,2.323738205539169
2260,12,2.0769364973902307
2260,11,2.34217325739589
2260,11,1.7621643997686018
2260,19,6.602501388654636
2260,22,8.183484857956934
2260,8,1.4738801283507938
2260,8,1.6397446191931795
2260,32,4.258539445146061
2260,21,4.913358899221732
2260,11,1.9850965978203001
2260,12,5.06129508878889
2260,31,3.1715034037297003
2260,13,3.2528513793615605
2260,25,2.686896310580374
2260,15,2.6980794478930803
2260,19,4.048750501102511
2260,17,2.48694905350669
2260,8,2.779513949411245
2260,16,2.1064555053030003
2260,11,2.4913863499633346
2260,7,1.1780645993619816
2260,24,1.7877064860544967
2260,27,4.79518127435167
2260,18,4.592835577528393
2260,14,4.253071618190212
2260,7,2.3684928020939364
2260,11,2.063673070728172
2260,27,2.528120466715203
2260,26,2.104181190742936
2260,11,2.175542706983598
2260,20,2.1906560127179593
2260,8,1.2771765821605785
2260,12,2.0699590787584596
2260,38,2.269927134627576
2260,28,2.9053016171355877
2260,33,2.7759622709461
2260,30,2.6659560706193353
2260,25,2.210288946453367
2260,37,2.4578908775065775
2260,31,2.0456033726377756
2260,28,2.7561945959292595
2260,29,2.6846342346764738
2260,13,2.348470313166592
2260,17,2.387328940193499
2260,7,1.6706970606345013
2260,17,2.0966781606247715
2260,22,2.937404548424497
2260,23,3.4294466645195922
2260,29,2.560569884603716
2260,27,2.7740403214384766
2260,37,2.6418749742497267
2260,10,1.8319299053899445
2260,9,2.622584543313308
2260,9,3.578500823031443
2260,13,1.5791947277141867
2260,9,1.3610135946892674
2260,11,2.108372696356536
2260,38,3.0931024656692085
2260,32,3.204368542892791
2260,16,4.8289472782650655
2260,9,2.560605473813788
2260,12,1.6028530442091249
2260,10,2.316992365954087
2260,24,3.3419742436885005
2260,29,3.8348103913333156
2260,9,2.2509279326847724
2260,14,2.1566741518977652
2260,2,1.049109506526193
2260,6,1.5515423596231677
2260,14,1.9632857305579512
2260,19,2.458915171085112
2260,18,2.0305597651398246
2260,16,2.598172149569878
2260,23,4.01126711599129
2260,23,2.8546585053281195
2260,20,3.2553564584745938
2260,28,2.628328857004679
2260,26,2.534725333896297
2260,22,2.574035489824187
2276,12,3.002724550233527
2276,13,1.8436199810191949
2276,32,2.775262829609652
2276,38,4.228108878203619
2276,17,3.7958174785684005
2276,26,6.619992624574875
2276,12,2.1872936144920385
2276,14,2.0026902533315845
2276,25,2.3325452542617344
2276,22,3.9192812595401785
2276,16,2.2137608326212623
2276,16,2.439607144659328
2276,17,2.7616863749323555
2276,8,3.5956974501160963
2276,23,9.588623042430163
2276,17,6.7438316684503725
2276,12,1.7048645297290594
2276,9,2.273326580577311
2276,38,4.900593514468791
2276,24,3.6011687707694398
2276,11,2.327050665284054
2276,16,2.689903387673432
2276,17,2.2784089643575474
2276,10,3.5602503865455297
2276,15,2.151806393072819
2276,14,4.01587896422279
2276,12,1.5190741811465118
2276,18,3.1730191864513375
2276,13,3.3756216933901304
2276,9,1.9349287690511014
2276,2,1.1373135097528924
2276,17,1.8290673287306285
2276,19,2.037030266559441
2276,20,2.1330176643854935
2276,16,3.0157203041028726
2276,8,1.772119341563786
2276,7,2.259375331139906
2276,23,2.777738658429392
2276,23,2.0664095285135264
2276,27,2.2831935402682726
2276,34,2.220547531338424
2276,9,1.345956176267456
2276,10,1.5841043470863627
2276,32,5.031632276209008
2276,34,2.0679314828493203
2276,29,4.196254554646232
2276,25,2.4788368514277597
2276,39,2.7627042372377004
2276,34,1.9802036835840136
2276,37,2.232045201560572
2276,25,2.1891166990917448
2276,23,3.153321185667329
2276,22,5.554492448459152
2276,7,1.9327051484144426
2276,8,1.9720488002429344
2276,17,3.149935622502535
2276,30,6.116444476307031
2276,19,4.0048912876606355
2276,20,3.185032054702277
2276,21,2.562163358196928
2276,25,2.8659751519183825
2276,13,2.570223588620404
2276,5,1.8126697356858068
2276,9,2.3189010188104153
2276,9,1.623174506002789
2276,7,2.3285849823709706
2276,14,2.476483106435222
2276,34,3.845466458105773
2276,31,3.7027586063466496
2276,13,5.629128584193232
2276,9,2.860195241112432
2276,14,2.2064351848294126
2276,11,2.1698881164713284
2276,16,2.793032500037963
2276,26,4.754564554617419
2276,10,2.300687596108004
2276,16,3.6432023733246064
2276,2,1.0134882123170652
2276,6,1.2079459366391185
2276,17,3.2102040608922877
2276,16,2.5792005274606007
2276,26,2.2592211913669593
2276,20,2.7389925963111557
2276,23,2.1255953589152266
2276,13,2.1169591465177704
2276,23,2.22789613016452
2276,28,3.420580415768262
2276,37,2.8967009821683987
2276,24,6.879383704754339
2279,23,2.01208631415647
2279,20,2.495304629845273
2279,25,2.590347113905465
2279,36,3.6538961089750943
2279,22,2.664805901031419
2279,26,2.335253498137147
2279,10,2.46203444329616
2279,13,3.3977980067243614
2279,9,3.222123560842538
2279,12,1.766188476150824
2279,8,1.5389322359396433
2279,10,1.9368302326085285
2279,9,1.3910932154008335
2279,6,1.9340200654974478
2279,15,5.895161805833977
2279,18,7.679371858137924
2279,19,2.4084083047721054
2279,14,3.1306826338665754
2279,31,3.4726864092908976
2279,32,3.7999821319055083
2279,11,3.2983635597234615
2279,11,2.4939366039251585
2279,21,2.8330628291107645
2279,17,3.715610788169631
2279,19,1.7999840834831633
2279,17,2.6862417319703185
2279,8,2.071530042439133
2279,20,2.5758292952770767
2279,8,1.8368556529925604
2279,6,1.5610318556471374
2279,2,1.3304528667216464
2279,2,1.0126748826805843
2279,22,2.217075048673147
2279,24,1.6629068676469971
2279,16,1.5452142134931701
2279,14,2.898462797772218
2279,7,1.1758544509421702
2279,1,1.0
2279,18,1.9840645833333332
2279,16,3.118055885793833
2279,12,2.0460077527627845
2279,15,2.084279684739873
2279,11,1.9875051963158596
2279,11,1.2450137268246542
2279,28,2.4527298105565003
2279,23,2.3784662012537323
2279,28,3.3718937302654752
2279,14,1.952322078495098
2279,34,3.000219183390003
2279,32,2.801937392484771
2279,25,2.8949456823545745
2279,26,3.2198392791606887
2279,14,1.910318580964956
2279,19,3.590780830016473
2279,7,1.6780909058971394
2279,6,1.823414244064973
2279,20,2.086726516403317
2279,17,3.122422385188941
2279,25,3.507137048302978
2279,21,2.393886619046225
2279,21,2.3747053415289843
2279,29,2.159914221748872
2279,9,2.06624668673461
2279,12,2.6269812048354377
2279,9,1.7949366020918172
2279,11,2.1497471884376647
2279,5,1.5983909744599607
2279,12,2.9756886359793495
2279,37,4.892026246921995
2279,26,2.8897740864901027
2279,12,3.5054061265482694
2279,7,2.2078145580930757
2279,12,1.9125798900313387
2279,12,1.6346784314612484
2279,17,5.447926242696982
2279,24,3.844209447301847
2279,4,1.1587086651089729
2279,13,2.1102808062245075
2279,4,1.290954219525648
2279,4,1.6270541929950952
2279,15,2.415372371584125
2279,12,2.1390452276728515
2279,28,2.4437010663778835
2279,20,2.4813684506116145
2279,25,2.4010921291828833
2279,14,1.9937187093249407
2279,22,2.1654719556045237
2279,27,2.7365669595313165
2279,17,2.7332167038374333
2279,28,2.2291357860151435
2295,15,2.9435134099675375
2295,23,3.0660413482101387
2295,27,3.533831536954785
2295,30,4.918987356205435
2295,20,4.0998670972482225
2295,25,3.1193068969621853
2295,9,2.431474514476198
2295,14,1.7441627955113612
2295,21,1.9608363756602298
2295,19,2.806015865693832
2295,10,2.112081651896062
2295,18,2.9915487277947492
2295,11,1.5327174198037326
2295,8,1.3584599584691843
2295,18,6.491820346016862
2295,16,7.165759413257776
2295,8,1.2914900522580104
2295,15,2.549053641043392
2295,29,2.977859191445188
2295,25,5.316345962859624
2295,12,1.868305915457449
2295,14,2.126365618930915
2295,15,1.9018938076151848
2295,10,2.284658925858501
2295,14,1.9700604744789796
2295,11,1.5812059287174602
2295,10,1.341106294698682
2295,14,1.391355299341203
2295,4,1.9500847297504753
2295,9,2.1242959683617935
2295,2,1.1623969703720205
2295,8,1.275496637798366
2295,13,1.7426568151813395
2295,13,2.126221710891829
2295,12,1.9835155396607758
2295,16,2.704356585068253
2295,8,4.053706032588347
2295,5,1.0717519239474875
2295,22,1.3983194481770134
2295,25,2.3235146732368697
2295,17,2.1680948711011756
2295,14,1.8756158722606775
2295,1,1.0
2295,3,1.2282704672258062
2295,23,2.740972188020116
2295,33,4.760951938143964
2295,19,2.8386928360179984
2295,17,3.1261856569430972
2295,31,1.930124160377118
2295,31,3.4980753215574656
2295,25,3.5918080225776476
2295,25,2.322997906071519
2295,20,2.060319274045611
2295,21,2.49743057042228
2295,15,2.523043584323837
2295,9,2.6704774069230535
2295,21,3.1432613889754215
2295,17,2.8003138958166534
2295,20,1.8379372001879921
2295,19,2.5963763706816136
2295,18,2.972454891728075
2295,23,2.072109411317178
2295,7,1.8983588772377575
2295,8,1.637827948264492
2295,6,1.4133697451289804
2295,8,1.2397224890823884
2295,7,1.779521962612317
2295,10,1.785975392923179
2295,29,5.455709677819866
2295,24,5.8627818495295205
2295,13,3.2296042105540255
2295,9,3.3056999320243245
2295,15,2.2273697402743484
2295,11,2.4016659070517945
2295,13,2.451179229700213
2295,20,1.8737749589514685
2295,4,1.1014968253023825
2295,13,2.5158206896382835
2295,2,1.032660763536072
2295,3,1.2428957196207986
2295,14,3.6845031965179387
2295,17,2.1418053114506517
2295,14,2.1095788927011663
2295,7,1.5515518925101361
2295,17,2.1364397021695005
2295,16,2.994576430941994
2295,17,1.6948994985374473
2295,25,2.8420778510727662
2295,19,2.499453188005047
2295,14,3.9359414305967526
2313,21,2.4729875521194833
2313,18,2.8864076997746833
2313,39,2.7638538124711167
2313,39,4.140820412328806
2313,27,2.1771419254997095
2313,33,2.384774668599111
2313,11,2.0657301633736687
2313,11,2.869325980441829
2313,14,2.659999466542002
2313,16,1.8725607975111154
2313,13,1.7766238467787654
2313,7,1.5624812959941878
2313,10,1.6071483685936168
2313,7,1.9913362095986227
2313,23,7.230720131302582
2313,22,8.76857567243608
2313,16,1.6186968138791842
2313,18,2.849532248652679
2313,35,5.714496397309029
2313,28,7.1680216764361315
2313,16,7.049951146694784
2313,14,4.095879869259376
2313,24,2.393779835416638
2313,15,3.157579269693912
2313,12,2.0692354275097924
2313,5,1.4500186574753433
2313,15,2.166548752834467
2313,11,2.370706599830067
2313,5,1.1619151899798559
2313,3,1.397439265687474
2313,6,1.6332288249957139
2313,24,2.058427416476071
2313,19,1.7648347886287625
2313,15,2.5506824811428594
2313,16,3.7428952403670057
2313,11,1.5207668156254377
2313,4,1.2026378155309783
2313,24,1.6931406325994454
2313,33,4.991717972719092
2313,24,2.259805719598492
2313,32,2.772971598740718
2313,11,2.3413616051107606
2313,11,3.3392474505723206
2313,35,2.36722923665708
2313,22,2.3636461605560632
2313,31,2.7846577826334453
2313,22,2.0403172912494165
2313,32,3.6250908958695707
2313,40,2.397959161385727
2313,26,1.9829669668176604
2313,26,1.826314614725915
2313,17,1.6889932444518052
2313,18,2.49942747790894
2313,12,2.2532042955161606
2313,8,2.1035943432499002
2313,24,2.08132349159925
2313,22,2.9664818059128426
2313,29,3.0279925720775753
2313,26,4.344918546545762
2313,19,1.5170141598709506
2313,22,2.2550210222797515
2313,9,1.8649277087166554
2313,8,1.206482001980156
2313,6,1.259663042901924
2313,14,1.7956264528939991
2313,6,1.3190523007973585
2313,12,2.237595567577785
2313,41,2.7272257443251777
2313,33,3.69742419799531
2313,16,3.379383671496581
2313,7,3.0748679170541884
2313,11,3.0599659310201517
2313,7,1.593668535258584
2313,17,1.919389696711242
2313,27,8.524632321894554
2313,7,1.437570219558394
2313,14,2.310665969773094
2313,7,1.1645173694208664
2313,5,1.0945189455295627
2313,14,1.8563574011978348
2313,16,3.6478669232235044
2313,31,2.358572167729506
2313,15,1.987836365605368
2313,20,1.781327904180686
2313,21,3.370833749115676
2313,28,1.7012618169565583
2313,31,2.909637470045677
2313,23,2.326994999691207
2313,23,2.657127536889384
2314,17,2.416134556327402
2314,22,4.093833657970016
2314,38,2.9281248375979234
2314,36,4.4836756567835065
2314,13,1.725136012711676
2314,23,2.239591873896047
2314,10,2.3702489150724597
2314,12,4.301216241030299
2314,17,3.2285820502233853
2314,13,2.6001121557724485
2314,16,2.054901371255703
2314,9,1.76545769477061
2314,7,1.548740384782893
2314,5,1.5975540379145057
2314,26,8.158348228651827
2314,18,7.271103454987918
2314,8,2.8716706599261146
2314,14,2.97267104370388
2314,35,5.547401472363727
2314,27,8.398533719647647
2314,17,2.906907562751647
2314,7,2.341052151340184
2314,21,3.029814715892927
2314,14,3.245875973987547
2314,16,1.9419451856710543
2314,8,3.0282604491231377
2314,4,1.0147195461880776
2314,5,1.8114859676667154
2314,6,1.5018091391717765
2314,6,2.3221626426859747
2314,4,1.1911795924826598
2314,3,1.2468922209406639
2314,16,1.8631784914480012
2314,17,1.951358622749399
2314,14,3.130440988637471
2314,14,2.8914784023943287
2314,6,2.385678281832128
2314,4,1.2659242987068293
2314,36,1.8382801328677245
2314,20,1.978464367073178
2314,19,2.332122606396708
2314,20,1.8661928153562646
2314,9,2.0050138636199146
2314,13,1.6489936363425328
2314,40,3.5083921377034875
2314,30,5.039068250863981
2314,27,3.601781399830918
2314,24,2.5949053052701654
2314,24,2.8094368759369686
2314,35,2.6159005712165238
2314,29,2.9552128421064943
2314,28,3.294333330647837
2314,19,3.673983099186304
2314,14,2.2906785061186437
2314,16,2.782733816726295
2314,21,3.509664899338968
2314,20,2.6543830641041124
2314,26,2.645603760328006
2314,24,2.1634399130630952
2314,23,2.4660848109940012
2314,18,2.5213119743780124
2314,28,2.905087332670068
2314,13,2.961059075244986
2314,10,2.528483447478738
2314,6,1.3236590259400431
2314,10,2.9270557669455
2314,4,1.7371107598939168
2314,10,2.101121409985304
2314,32,4.373241526432453
2314,30,4.030632708907444
2314,14,2.8097824469342934
2314,12,3.3654045173786225
2314,8,1.5790874068051848
2314,8,2.103693407042095
2314,14,2.1224993087949047
2314,23,5.482853483207852
2314,7,2.0023623630923257
2314,11,1.7808969671680537
2314,4,1.1953820261965677
2314,5,1.2202242446988179
2314,12,2.3691498132569633
2314,19,2.6371227508218276
2314,22,5.5937770624095435
2314,19,3.0607030967268636
2314,25,1.944933094088741
2314,20,2.529067585835158
2314,26,1.7836911400445754
2314,33,1.7349491330361846
2314,31,3.8480570282693374
2314,23,2.713380036799509
2326,20,3.0712262676550055
2326,26,2.8181685302868287
2326,34,3.5589435185511027
2326,35,3.77438174777507
2326,25,4.19272080514449
2326,30,3.6178247443416196
2326,13,1.8505927433171567
2326,14,3.1883211877510234
2326,17,2.8114730335082156
2326,21,3.590574987262759
2326,15,4.041257710085866
2326,21,1.9822735589543925
2326,11,1.403395122855993
2326,9,1.808178810201386
2326,24,10.416307376687264
2326,24,7.084987039448418
2326,16,1.8819904257999496
2326,11,3.3039871977382527
2326,33,5.050892636532325
2326,29,7.637417696720089
2326,17,3.220801205549763
2326,17,3.5576858300547136
2326,21,3.2046556021524584
2326,12,2.573203263205017
2326,17,1.8632624027258424
2326,9,1.561254207674194
2326,12,1.815981764105795
2326,12,3.2179358370794673
2326,10,1.7003461836425644
2326,8,2.4316684203918766
2326,5,1.9389191321499013
2326,5,1.2511154074955384
2326,21,1.8804030134385274
2326,21,2.0475759936189095
2326,16,2.3428461144140575
2326,15,2.1192162799577727
2326,8,5.5056437080546
2326,11,2.962299018740349
2326,20,2.8961777231862422
2326,22,3.308444648733319
2326,21,2.2355223287388952
2326,18,2.2884150320874426
2326,5,1.7034853857671473
2326,12,3.013494377342774
2326,43,2.5879900286514195
2326,35,2.1352273321401998
2326,33,3.1341981627584072
2326,32,2.166912465054595
2326,29,2.405953997704319
2326,28,3.220489611319561
2326,30,3.9681657845321743
2326,32,5.04012070854893
2326,17,2.5765171731014265
2326,20,2.6603196494306527
2326,9,1.9915329093259053
2326,13,2.5511888760092045
2326,27,2.058652252989021
2326,19,3.0912950076056314
2326,19,2.9227811086572992
2326,23,2.848522570713729
2326,24,3.2526239158553625
2326,35,2.8931786290359964
2326,11,2.024086787533953
2326,8,2.5889937390511526
2326,9,1.4956609245152355
2326,11,1.705811355159103
2326,4,2.721662001352603
2326,10,2.3925317122558147
2326,36,3.76037607184883
2326,34,3.6297301592503075
2326,16,4.04599904579142
2326,9,2.9558195565194816
2326,12,2.4403685356108866
2326,12,3.273680268023782
2326,21,5.180730014986511
2326,28,2.234520263825985
2326,13,2.2171412748927035
2326,21,2.4847350652469746
2326,3,1.0843208055739206
2326,5,1.092326325393126
2326,17,2.80380545482812
2326,19,2.0824497961333632
2326,23,2.183788242489317
2326,29,2.7655764423905773
2326,22,1.830689089944391
2326,20,2.9888959845009424
2326,28,1.9664524246355604
2326,25,1.9390198465935042
2326,28,3.1693372638238144
2326,27,3.8196170011091115
2329,17,3.7250078387924126
2329,14,2.003264926732446
2329,34,2.5694237246853375
2329,34,3.3340420530720003
2329,23,3.215952328061555
2329,29,2.5886813754930063
2329,7,2.3266022392557573
2329,11,2.0666961544566225
2329,21,1.8959085896616665
2329,18,1.53066765570167
2329,15,1.8358622880598578
2329,7,1.8650352053755457
2329,11,1.91218238340645
2329,9,2.6106374256042613
2329,17,9.081518668137157
2329,20,8.318637423461945
2329,17,2.1705436466643544
2329,8,2.0772791336385983
2329,35,3.645651183435175
2329,25,5.541859941859735
2329,21,2.4254486097019163
2329,18,2.888941897505733
2329,12,2.4903805383000672
2329,11,2.562737546029418
2329,14,1.7266532168686015
2329,13,2.614650154380152
2329,18,3.4818146922737068
2329,10,1.5650472972028213
2329,8,1.375143359938339
2329,5,1.7238391541664686
2329,6,2.1019020080566406
2329,4,1.1797457847635549
2329,17,1.7292750028685615
2329,15,1.9302439584780118
2329,12,2.637216159498734
2329,11,1.5448529527770807
2329,10,1.137161067492745
2329,2,1.1970493753718026
2329,17,1.5292854703527585
2329,24,2.1939628034900283
2329,19,1.7223712623114313
2329,24,3.435984671714764
2329,5,1.5510514146448156
2329,9,1.8880147656771105
2329,39,4.518063796620564
2329,27,3.112833879353947
2329,24,4.603861842839831
2329,25,2.5504543232623362
2329,24,2.160447154114774
2329,26,2.3110378706984744
2329,31,3.7769768893416216
2329,24,1.6478627524979133
2329,19,1.787526489131025
2329,10,2.708516616391285
2329,16,2.373431939369116
2329,10,2.477435369327444
2329,26,2.7650604020699934
2329,18,4.895297505907225
2329,19,2.739031446043284
2329,21,2.2520459757484073
2329,21,2.406622696148068
2329,28,2.0672581013467344
2329,13,1.8159234039999985
2329,7,1.6370633211060153
2329,7,2.1664714613641047
2329,9,2.1883730325730157
2329,8,1.5246017152128564
2329,11,2.226957888478985
2329,41,4.195417311363205
2329,36,5.553798171584172
2329,12,4.515035060236
2329,9,4.161894317513486
2329,11,2.981104173837655
2329,8,1.575836681834835
2329,17,3.6247285060098005
2329,24,3.027125999978288
2329,7,1.9407240880219978
2329,16,2.2472955272285033
2329,6,1.458109636635502
2329,5,1.7938106542786247
2329,17,2.714273444704722
2329,13,2.15415315181654
2329,26,2.5381135484497044
2329,11,1.7946911269819106
2329,20,2.4753683033041094
2329,16,2.3889776998745442
2329,25,1.8988992442255435
2329,29,2.0981732819461847
2329,23,2.2978103777745056
2329,16,2.85541158906268
2333,19,2.548876207754611
2333,24,4.638247937452287
2333,35,4.648598819808428
2333,39,3.185540250099471
2333,25,2.40229550695818
2333,19,2.4072803085843777
2333,12,2.4937538390633844
2333,11,2.9184912052045973
2333,19,3.8198980075166205
2333,21,3.0267512097912372
2333,21,3.1033060813409588
2333,8,2.418135949077132
2333,7,1.3683806344832175
2333,7,1.192537814207277
2333,27,12.592421550062866
2333,23,9.554121754752865
2333,7,1.9871583342122774
2333,9,1.9348164380730408
2333,23,2.8246778040408618
2333,26,6.634656862637731
2333,14,1.678982171618144
2333,13,3.054166002930737
2333,12,3.1800505502036693
2333,8,2.471788914881087
2333,13,3.694591061126974
2333,16,3.8350187305692867
2333,9,1.7663304267406528
2333,8,1.5209297424317214
2333,8,1.5299880113262645
2333,1,1.0
2333,12,2.442803432924307
2333,22,2.2887177135084236
2333,11,1.8179768957702729
2333,17,3.416204093427754
2333,13,1.6624844323676173
2333,4,2.819707197331642
2333,3,1.1583862569817964
2333,22,2.3429918814519453
2333,21,1.7660742042811437
2333,11,1.6455998410441413
2333,16,1.8083725403515034
2333,3,1.2873833152361471
2333,7,1.839693117285787
2333,33,2.2097616816647743
2333,23,3.089156326871304
2333,21,2.621954347528112
2333,17,3.4703584731153723
2333,27,2.280676903049232
2333,27,3.8773070424609495
2333,23,2.616626527943135
2333,26,3.0370729644184493
2333,25,2.0924749842156563
2333,14,2.5315958414931456
2333,17,3.352628472438762
2333,10,2.152845238511984
2333,15,2.5297977057049486
2333,19,2.3309050403673357
2333,23,2.0540338609200344
2333,21,2.1324745264675795
2333,17,2.8332766725200056
2333,20,4.091701131292186
2333,11,3.11389131402813
2333,11,2.020012047442788
2333,10,1.7593125987491764
2333,13,1.9342380507677681
2333,6,2.0004479455139865
2333,10,2.7871838149964527
2333,30,3.7880989529139137
2333,24,4.564333851017805
2333,14,3.9994633349464306
2333,11,5.530962076910647
2333,12,2.2628562730078783
2333,14,1.6060890432620087
2333,17,4.716567472902537
2333,20,2.821301601468142
2333,6,1.3153509769921041
2333,11,2.0414472942511797
2333,3,1.0329947916666666
2333,2,1.0458749559881293
2333,16,2.707000449378552
2333,23,2.383916724078161
2333,21,2.094881965818264
2333,15,1.744200024723215
2333,24,2.163507750048253
2333,20,2.573872715816005
2333,17,1.944761214900458
2333,16,2.6892070639274355
2333,27,4.161274282142491
2333,20,2.945128177471592
2340,12,2.6355243542993403
2340,21,3.881675878157106
2340,27,3.256964009830671
2340,30,3.8217099634482916
2340,20,3.8435755390099957
2340,30,5.3890791918905485
2340,11,3.236525441689347
2340,12,2.194930797782524
2340,22,4.261153338816759
2340,21,3.3508128094957295
2340,11,1.6938880028353098
2340,13,1.9634319344968
2340,10,2.6635280100037853
2340,9,2.6135332606076385
2340,22,8.678235522724226
2340,15,7.352527050456617
2340,6,2.287336411469482
2340,9,1.5484389612853064
2340,27,3.926455240815878
2340,25,3.740344874675921
2340,9,2.6109672859451964
2340,15,2.1070567203817614
2340,12,2.666789039919782
2340,8,3.444410767116639
2340,16,1.6555638955987755
2340,13,2.850443409032181
2340,10,1.859359081244199
2340,13,1.6759926176132605
2340,7,1.7504468181218769
2340,12,2.6578938374866135
2340,5,1.3711821717932675
2340,4,1.0180595056749642
2340,8,1.453315991913751
2340,18,2.421566271118491
2340,19,2.8180006421603805
2340,12,2.409237407317867
2340,2,1.0181580403400232
2340,4,1.0665315715602655
2340,21,2.2427900028639316
2340,22,2.0210430949658824
2340,22,2.040389652643226
2340,26,1.9799978162897747
2340,4,2.5513936367006282
2340,7,1.573201301432778
2340,40,1.954115929566073
2340,37,2.5017874890667535
2340,32,2.5985289710266124
2340,28,1.9929343708456135
2340,35,2.807720402278082
2340,26,2.5050987977276638
2340,23,2.911060461666753
2340,19,4.73879208235259
2340,22,3.2627124858830414
2340,17,2.130484814988278
2340,11,1.8998040863718462
2340,6,2.220206650037736
2340,26,3.4626743575970678
2340,25,2.2516739508823784
2340,19,2.0563065854212326
2340,19,2.2518346763728054
2340,15,3.468090743501608
2340,26,3.2023045975018953
2340,10,1.7654368647800056
2340,8,2.612449937576018
2340,10,1.3731625429488508
2340,9,1.4333558233169819
2340,8,1.8363566379098484
2340,14,3.185648655474713
2340,34,5.620259183716522
2340,33,6.9690577788700265
2340,18,5.190982615004293
2340,8,3.2867601332176144
2340,8,2.7193241734085696
2340,9,1.45874293122987
2340,16,1.7022959888950566
2340,25,2.758408686861573
2340,6,1.33483840903484
2340,12,2.110922858371672
2340,6,1.1140414656179083
2340,3,1.2521788493790869
2340,13,2.8014313333017777
2340,16,1.9218095101340023
2340,16,1.663526036139825
2340,16,2.964873669736916
2340,21,2.7861374350850356
2340,15,1.6697823948662815
2340,9,1.8995156469649574
2340,30,2.644507994739741
2340,25,2.930845687746949
2340,24,2.9619018005096613
2365,18,2.043987590750956
2365,25,3.873992115282158
2365,29,3.5033129762645276
2365,32,3.5503430097105086
2365,24,3.8001678929778127
2365,28,4.247699851019631
2365,13,3.4884912793219214
2365,12,2.48651374971099
2365,22,2.7629606461888585
2365,17,2.0124688585536785
2365,20,2.1124332442026814
2365,13,2.130796281741621
2365,10,2.358806704689139
2365,9,2.3015153615034873
2365,28,6.905553081047996
2365,24,7.9578987596106465
2365,8,1.348568797283348
2365,17,1.9686280815205335
2365,28,5.657656381055453
2365,19,7.217379295823734
2365,15,3.371670934868826
2365,17,6.487961853337433
2365,18,2.8086775391346146
2365,17,3.8757858983349656
2365,15,2.393336996854161
2365,19,2.109200177805118
2365,22,2.262820010802052
2365,10,3.2748705384419887
2365,8,1.6909948611416883
2365,8,2.0946934989306603
2365,12,2.256897462415981
2365,11,1.614660105491122
2365,26,3.727085097714848
2365,20,1.8709338043787043
2365,20,3.707389180411845
2365,19,2.855872718521833
2365,5,1.2036524413687044
2365,3,1.4165264473136194
2365,17,1.5257559539862755
2365,24,2.7280569829867676
2365,18,2.276888077460006
2365,17,1.5377139663184503
2365,4,1.1477451457004775
2365,10,2.0477623681603636
2365,39,2.479307031544091
2365,33,4.114393488352893
2365,29,2.9648459228956585
2365,19,1.9162018958986655
2365,41,2.7096499776772225
2365,41,2.2525995007202373
2365,31,2.714961298462143
2365,30,2.690558321639577
2365,17,1.9754952505844716
2365,24,3.666470598388116
2365,23,3.346239013395717
2365,15,2.730907233695599
2365,22,2.7866623086400337
2365,21,3.736864274425213
2365,22,2.6747277801403544
2365,19,2.8331410572933926
2365,26,3.8947382966327924
2365,30,2.6327803251001494
2365,8,1.8721035874932581
2365,10,2.5108514861170064
2365,10,1.5216869498783385
2365,15,1.7090525675291544
2365,7,2.5148116189180807
2365,11,1.8220485930272128
2365,40,4.184469344561538
2365,27,4.371610326713011
2365,15,4.0432801081784735
2365,14,4.478351474375663
2365,14,4.471850736844064
2365,10,2.1685102281491244
2365,21,2.2784424083448447
2365,24,5.109799732101316
2365,11,1.3567215395802787
2365,19,2.974729187179258
2365,5,1.1938082488113841
2365,4,1.8061020077258585
2365,19,2.5978731863860673
2365,13,2.4464706885522016
2365,31,2.6478827742553674
2365,20,3.278359414353904
2365,22,1.8060808892193032
2365,9,2.504314383086826
2365,28,2.9827299719639284
2365,14,3.0796472505725285
2365,17,2.046796712393415
2365,19,4.345132198192027
2425,19,2.2169579704442977
2425,20,3.057913514424199
2425,32,3.8258716120458955
2425,39,6.130369278750036
2425,23,6.017837052680724
2425,28,3.3844119162788746
2425,13,5.835064525413598
2425,10,3.148782752256211
2425,23,2.8370260712229625
2425,14,2.031162532357915
2425,12,3.1355290205885997
2425,13,2.485751215277778
2425,9,2.760358506262185
2425,6,2.1601027266380974
2425,19,9.791828191969577
2425,22,6.029445079918015
2425,16,3.4062254229923847
2425,9,1.9805513358230393
2425,28,6.579829970724369
2425,25,10.385913027377079
2425,13,2.8170187759748755
2425,12,4.630482979318488
2425,19,3.235382259210702
2425,11,2.4337081900347948
2425,14,3.1682490913409445
2425,12,2.6932124355549867
2425,15,2.3049481857602836
2425,12,4.775724471574574
2425,9,2.6619900755172288
2425,10,1.7853891452772757
2425,8,1.8624104533886323
2425,2,1.4562957765010307
2425,19,2.0153372714829865
2425,20,2.044937561028415
2425,17,3.1150314888740853
2425,19,3.850427417030195
2425,14,2.193774042577036
2425,8,1.3465375903925894
2425,24,3.346593839203353
2425,22,3.843044138263093
2425,22,2.102971499993152
2425,22,2.9506579148723384
2425,10,1.6146057039384336
2425,11,1.918738463471743
2425,34,3.3002076826343565
2425,33,3.7076112834836024
2425,36,2.098008277649208
2425,30,3.058331512036245
2425,32,2.0433085416212977
2425,38,2.7647513290152124
2425,29,2.541490398090976
2425,23,3.5809074387803768
2425,29,2.6762319118422746
2425,14,4.134694572846428
2425,19,5.520018548031632
2425,11,3.9733903321112107
2425,25,2.9263838916447473
2425,27,2.663915865157644
2425,27,3.0865116330729125
2425,19,3.8638370259638632
2425,28,2.5036781970131043
2425,27,2.926376673112609
2425,6,2.272893878722573
2425,6,1.6189037577581886
2425,11,3.128533914591169
2425,15,1.6312117894536913
2425,8,3.016794427636781
2425,12,2.8449656822108276
2425,38,5.652307805797275
2425,34,5.194775266735931
2425,14,2.9108256111040034
2425,10,4.171951356931105
2425,19,3.1743575141091003
2425,13,2.927051890979112
2425,17,2.9635543907115824
2425,20,3.1354629864665746
2425,8,1.456991039978113
2425,20,2.816753080544441
2425,5,1.060382577569243
2425,3,1.314939541705422
2425,17,2.9753569556202253
2425,12,1.745976716728788
2425,24,1.9427988606073303
2425,19,1.9901674648162284
2425,18,2.2765345775265575
2425,16,3.3735635445830754
2425,34,2.2963100783722554
2425,24,2.4409290267514208
2425,15,2.750417650100546
2425,12,2.3395395167644035
2440,19,5.119909859217641
2440,20,3.6196989566188607
2440,28,3.479158687907724
2440,31,3.3399597546336746
2440,15,1.7897236995983394
2440,23,2.46435980266611
2440,9,1.9303795031586712
2440,14,2.201400031036192
2440,16,2.0604357119010643
2440,21,2.769012312230978
2440,11,1.9055308624400695
2440,12,1.7481207463058195
2440,8,2.6114660729733856
2440,9,2.165611138773112
2440,18,9.096988297035056
2440,19,9.111417683958104
2440,11,2.541970105995706
2440,8,1.6419039044470654
2440,24,5.726571244665771
2440,20,6.080339974536095
2440,11,1.4142818625672833
2440,9,2.0265523959491922
2440,14,2.2591903502801203
2440,14,2.916342617385237
2440,14,1.8234644003066895
2440,14,1.42473259909246
2440,6,1.3132567740691805
2440,3,1.1628299350853613
2440,6,2.438772015214609
2440,6,1.3583102899539132
2440,3,2.433940512355315
2440,1,1.0
2440,12,2.244147660986202
2440,15,2.0085872503579316
2440,17,2.5858999372283606
2440,12,1.8302052633785346
2440,6,1.8461325648131508
2440,8,1.3020555832271643
2440,17,2.371338231400562
2440,18,2.4541102483845982
2440,11,1.5198210406016905
2440,19,2.383921576611323
2440,9,2.607932989803203
2440,25,3.1913895388772238
2440,31,3.4190676263050954
2440,24,3.4367791580824987
2440,23,2.870258743067194
2440,30,2.9719952227494013
2440,26,2.014613281009541
2440,23,2.1725921476390533
2440,20,3.797623427760758
2440,14,2.0802693770675984
2440,10,2.5236040753585267
2440,6,1.3194816047253042
2440,11,2.6675476030400085
2440,15,2.422742670283379
2440,20,1.923873280237559
2440,18,3.0860782868816545
2440,18,3.970808982731351
2440,16,2.3398811150969645
2440,23,2.962424213280072
2440,7,2.2661580989969163
2440,8,1.9026966972101504
2440,7,1.7368708474505
2440,12,2.350718804817518
2440,4,2.253997108183804
2440,7,1.7186751986360176
2440,29,4.731033347345598
2440,26,8.22527072384115
2440,13,3.301904753592662
2440,7,3.229041216155404
2440,13,3.249745341574275
2440,13,1.909084651520366
2440,12,1.4324459907541005
2440,19,1.852606959430393
2440,3,1.0897755187039413
2440,11,1.795788233956439
2440,3,1.2215950086258232
2440,6,1.4804433779314463
2440,16,1.8794716456553855
2440,13,2.7354344574499785
2440,12,1.940901793405905
2440,13,1.501894667071766
2440,16,2.6836053437469425
2440,19,4.018345466913605
2440,10,1.5588970675518588
2440,22,1.8687944878472222
2440,22,3.343211552093542
2440,25,4.181482241159701
2446,17,2.2163325934602605
2446,19,3.462898530786661
2446,36,2.392483400117435
2446,36,2.923013898564663
2446,21,2.894762360720839
2446,26,3.8469538494492355
2446,9,2.2671763209354707
2446,13,2.64903006398664
2446,19,1.8713544597625138
2446,16,3.5642582827194684
2446,18,2.215882293310439
2446,7,2.854144661933749
2446,12,3.003788573714945
2446,11,2.1683890868007647
2446,27,10.298707154677983
2446,28,9.367512665348785
2446,13,1.5602596726519171
2446,11,1.9048728361171974
2446,38,4.260775571054558
2446,20,4.529375836981907
2446,18,2.26128729312758
2446,12,2.582782293901905
2446,30,1.7665624158005295
2446,12,2.686526618096574
2446,10,1.8277807348935577
2446,13,1.9266273267889231
2446,12,2.0446269699437627
2446,12,1.83205480871246
2446,6,1.4623434518385523
2446,7,2.6075346839039724
2446,2,1.16
2446,1,1.0
2446,22,2.3686835088746787
2446,16,1.9078687846173652
2446,12,1.8209715703350506
2446,14,2.873941697033352
2446,7,2.0288951848693393
2446,9,1.238060266956895
2446,25,2.796028716841024
2446,22,2.320619111007742
2446,18,2.1238252860887337
2446,27,1.874910239148865
2446,5,1.5506665297468831
2446,10,3.34456125
2446,33,2.3012309579490275
2446,28,2.8850065354112533
2446,23,3.1034513833591886
2446,25,2.3441467228277295
2446,28,2.0682151332138203
2446,31,2.687922444479268
2446,28,2.362156960460433
2446,24,3.5337630042080774
2446,13,2.7184569194436645
2446,8,1.9393778722755097
2446,23,1.9614669388780168
2446,9,2.3199836403221976
2446,17,3.665718192503658
2446,19,2.1960760408654894
2446,18,1.957028811554075
2446,25,3.213084746885378
2446,22,2.785118264222032
2446,26,2.68426129967821
2446,9,2.660187028329165
2446,7,4.251480468876769
2446,7,1.8959392403172424
2446,13,1.9967677848653713
2446,6,1.72042037473341
2446,11,1.9553029692512247
2446,35,4.069236848952566
2446,30,4.179485633193223
2446,14,5.425578214599071
2446,10,3.613910224391325
2446,13,2.7853237119328624
2446,12,4.692653627689211
2446,22,3.274393420281021
2446,20,4.9322720356578404
2446,8,1.9116590097710955
2446,13,2.1593892461407647
2446,4,1.685417365366548
2446,5,1.2078596586243948
2446,16,1.7561774239065349
2446,13,3.7372968356198273
2446,22,2.008281467171573
2446,20,2.0488278888119287
2446,23,2.174269867582336
2446,18,3.7265148872330935
2446,21,1.9053496465878526
2446,21,3.0672503413270897
2446,28,2.318050743000676
2446,28,2.810175991348525
2484,17,2.065148358922787
2484,22,3.1541599604502344
2484,23,2.7945541066096453
2484,25,3.3656236384547427
2484,19,2.841045048752283
2484,26,2.9823672956971246
2484,13,1.9952104838438975
2484,15,1.9411294856175931
2484,24,3.2368519857301163
2484,21,2.224084063012985
2484,15,5.758628132698958
2484,11,3.7948775650423046
2484,8,1.5650392565294022
2484,6,3.2459076109264116
2484,19,11.030747913425223
2484,21,8.252080701298581
2484,8,2.077852863507247
2484,12,1.5826083353505345
2484,29,6.122651645093424
2484,25,7.447271199386728
2484,13,2.2719360038014598
2484,12,2.8942616806535804
2484,13,3.290460429449694
2484,13,3.159412187141215
2484,10,2.6206679233737185
2484,16,3.870765325024249
2484,5,1.3581540052089414
2484,10,1.8751173391532197
2484,6,1.4602929736429202
2484,9,2.1473251892384004
2484,3,1.7706115600708727
2484,4,1.3922201653225355
2484,21,1.9581203894075312
2484,21,2.897419461122284
2484,11,1.8854793757480977
2484,12,2.800520230331652
2484,8,1.1328682627213964
2484,5,1.9691203552999614
2484,23,1.8707883124199103
2484,16,2.1935242448979593
2484,16,2.310843394965471
2484,18,2.182509615624184
2484,1,1.0
2484,7,2.0304332855705467
2484,34,4.16305702864695
2484,37,1.9935087623224386
2484,18,1.4738798623899982
2484,25,1.9485272686313573
2484,23,2.4622709714030857
2484,28,2.549779909491777
2484,22,2.4338512138203976
2484,26,2.646019013247542
2484,20,2.810366944305958
2484,12,2.058274207287715
2484,5,1.716188799086112
2484,11,3.498974286979811
2484,23,2.191612773546178
2484,23,2.0072373827436274
2484,20,3.7846649409609285
2484,19,2.6692750907509315
2484,19,1.7491459956989721
2484,28,2.285025493345713
2484,9,2.25062151101379
2484,8,2.237531294028024
2484,5,1.2970787543054905
2484,9,1.3689883402736467
2484,11,1.6170839261536505
2484,10,1.30904176125743
2484,36,4.213965882969018
2484,29,2.509820652665691
2484,12,2.703113387198373
2484,5,1.717125521813035
2484,12,1.934169583412902
2484,9,2.5049589086127546
2484,13,1.833910681661316
2484,23,4.88258219020557
2484,5,1.183898092779575
2484,11,2.21200457786512
2484,4,1.0812864312861803
2484,1,1.0
2484,17,2.6938249987594935
2484,16,3.5415560027529693
2484,19,2.368772475869757
2484,17,2.090437281940985
2484,16,1.8221397492520823
2484,16,2.947833305551108
2484,22,2.226628569379482
2484,20,2.0113094424318443
2484,13,3.245912842597761
2484,15,4.790614138776719
2508,14,2.626976105206039
2508,19,3.019034319653693
2508,34,2.039627910517064
2508,34,4.905151216159624
2508,14,2.210914533158731
2508,24,2.241301709937714
2508,10,3.719405166412534
2508,7,2.1805180932991566
2508,16,1.856777405129136
2508,15,2.4092987609762218
2508,17,1.6642827853173812
2508,4,1.1706783037714816
2508,6,1.9403553248727718
2508,8,1.935156672762931
2508,19,7.5340062066661515
2508,16,7.321397431440403
2508,12,2.4537379919287976
2508,7,1.7789146888760423
2508,32,7.368752717530727
2508,32,9.451227581876449
2508,10,1.3324807721495708
2508,11,2.4356111288154523
2508,15,2.96934007575407
2508,13,2.230089976001451
2508,12,1.6703952061421303
2508,18,1.6451623977488787
2508,13,2.067057803064137
2508,18,2.1922630402363885
2508,8,1.9718045922432004
2508,4,1.0370303032698442
2508,6,1.5147051026054172
2508,4,1.8915343005306111
2508,17,2.113793025651229
2508,18,2.5917829548977434
2508,14,2.1045625940770387
2508,12,2.405622289498385
2508,5,1.1564195953547796
2508,2,1.013840830449827
2508,21,2.6872857538283035
2508,22,3.1351949224604314
2508,21,2.312557017958412
2508,22,2.354851091727421
2508,6,1.1864079160277003
2508,8,1.5513793945081538
2508,25,3.732790584452231
2508,31,3.833623634654604
2508,18,2.1408604781365703
2508,23,3.2588184244157783
2508,32,2.0735565892421675
2508,38,3.2144457989385407
2508,28,2.7290365278137614
2508,30,2.7553965353594174
2508,16,2.8374906010126595
2508,11,2.152808242463114
2508,17,4.636348269032005
2508,12,2.798730894841987
2508,22,1.7421626711181613
2508,20,2.2680040284657887
2508,24,2.630191722539112
2508,23,2.8035178571181008
2508,25,2.025882866792372
2508,25,2.562507133658241
2508,9,3.069194490726229
2508,6,1.6792274971859886
2508,10,2.428209849187653
2508,9,1.8043195940915466
2508,5,1.928920411284463
2508,8,1.6806114124620464
2508,36,3.7228510506255947
2508,30,3.41432443406056
2508,10,3.127679628674025
2508,11,3.7751989800255346
2508,11,1.7261306291932224
2508,13,2.3253112577445254
2508,14,3.308289872249811
2508,21,3.262419830946587
2508,6,1.9346471520086956
2508,14,3.0118098742172874
2508,4,1.3208103523407229
2508,13,2.0236549302022215
2508,16,2.461734861610923
2508,25,1.8812926487730373
2508,22,2.986881899087048
2508,15,2.3040038167387125
2508,14,1.696560530566808
2508,18,1.8165130020537235
2508,18,2.9855804286685084
2508,28,2.981955697680291
2508,18,2.499621886412118
2513,19,2.061922025887185
2513,21,4.383889332563822
2513,41,3.303538087774166
2513,44,3.3752763049133594
2513,25,2.7403164839405223
2513,34,3.194534539226645
2513,16,4.533266505621215
2513,12,3.250720723753042
2513,18,2.141784691352061
2513,20,3.208621786296109
2513,10,1.8586984174522436
2513,14,2.2463295961998497
2513,10,1.874770686113377
2513,9,1.2835470200315646
2513,21,8.767923273510359
2513,25,7.349699801689999
2513,18,1.8901614561831488
2513,21,4.01451071368725
2513,32,4.786535066026974
2513,30,5.25436534420268
2513,18,4.384526224190009
2513,26,4.0909824827831915
2513,19,3.6548193915319924
2513,17,2.4784504078834164
2513,23,2.234290061424667
2513,14,3.4794842721143513
2513,5,1.511337129646473
2513,17,2.3743341256435158
2513,10,2.4771888240286666
2513,8,1.4071768781188512
2513,1,1.0
2513,1,1.0
2513,16,2.2010923977374226
2513,18,1.6581636154260313
2513,16,1.8564480123724347
2513,18,3.676012940321661
2513,20,3.575168323919534
2513,7,2.0563543361327294
2513,21,2.4352069988259015
2513,30,3.788769243453622
2513,14,1.5805665094027896
2513,27,3.516619515974522
2513,12,1.7926197693538104
2513,12,1.5339342870207067
2513,37,6.0354624229362255
2513,35,5.497581710134742
2513,25,3.9068786353924145
2513,29,3.0189940464847087
2513,33,3.297111428121596
2513,33,2.5991993037716665
2513,25,3.4135840781882587
2513,26,5.1211612878088895
2513,19,2.2746752636310585
2513,11,2.1547547988199867
2513,12,3.7287488591339453
2513,15,2.344751544600456
2513,17,2.0894920392081007
2513,25,4.197403111001054
2513,20,2.8825401079826873
2513,21,3.3005733651297846
2513,20,2.843051102033244
2513,25,2.3851044541679043
2513,8,3.194741743621669
2513,7,1.8327647588286051
2513,6,2.121324352136778
2513,12,2.6514686037257778
2513,7,2.875096137898895
2513,9,3.190023297255831
2513,44,6.825949400813805
2513,30,5.309843215650655
2513,13,3.8247768593551013
2513,12,5.545330056560984
2513,20,2.714029827157779
2513,21,2.0106734507655606
2513,14,3.3306429209583777
2513,33,5.34848389771421
2513,6,2.0274378328922
2513,16,2.3689803225250916
2513,3,1.2456804885682415
2513,6,3.1288317781551442
2513,22,3.057185540588668
2513,22,5.118677075676232
2513,22,2.175711971407817
2513,26,2.945916434984216
2513,26,3.5288338721283297
2513,28,2.7579004282413964
2513,24,1.9734377891895
2513,23,1.910510478444312
2513,20,3.3010735003361984
2513,22,3.0056086123042096
2534,19,2.2359277366877293
2534,23,3.122696470665154
2534,34,4.575775805892089
2534,40,5.058008980386282
2534,18,1.88272601394885
2534,26,2.83163062005739
2534,9,1.9107500803227428
2534,12,2.51511044074439
2534,16,3.641808110340663
2534,12,2.8301198516249864
2534,10,2.1093032998386216
2534,13,2.5009459502290903
2534,7,3.4742854107941277
2534,6,2.1134102987647228
2534,22,8.659728685600639
2534,23,8.188469094827866
2534,12,2.6204731864715067
2534,9,2.186355160495671
2534,26,5.067779726911605
2534,22,5.308408722737199
2534,15,2.2001508156295415
2534,10,3.25215213020937
2534,20,2.8577920879935284
2534,11,2.9848800926155525
2534,14,1.7336708069496618
2534,11,2.1574900408688342
2534,8,3.0540807310640514
2534,15,2.1232350337122097
2534,7,2.1541144224457742
2534,5,1.2638409598892724
2534,5,1.5569213916339415
2534,5,1.3314003565490855
2534,15,1.9195251698322708
2534,20,1.7878394229498054
2534,14,3.9134590209742397
2534,18,2.5475786802882294
2534,14,2.231885071899295
2534,6,1.4968165333509653
2534,21,1.773507916853553
2534,24,2.479248585856675
2534,17,2.564028100988758
2534,22,3.1601241736222976
2534,9,1.7378763045311019
2534,11,1.5281989612955313
2534,35,3.491316128891631
2534,28,3.790231315260086
2534,28,2.815896599493315
2534,24,2.5667592909995767
2534,32,2.821914890489645
2534,29,2.2526796830235685
2534,33,3.370658144209056
2534,25,3.1120551779882986
2534,16,2.5139624382135817
2534,20,3.0311002846287125
2534,19,3.487891820079271
2534,18,3.5068519868388135
2534,19,2.4058344424337523
2534,23,3.2587583220593617
2534,24,2.0090979686383026
2534,17,4.106787506416293
2534,20,2.082825960349709
2534,18,1.9040039634466581
2534,10,2.445511107555725
2534,7,1.7366393794978008
2534,5,1.4791571267645158
2534,11,1.4523401469764388
2534,7,1.9814781548586873
2534,10,2.23564278917535
2534,37,3.8447058665060223
2534,29,7.145760636005896
2534,10,2.8216848182607817
2534,11,4.236204343235644
2534,13,4.2176430806442164
2534,5,2.682497321701867
2534,13,3.085455065999136
2534,18,2.525070094163898
2534,5,1.691484714215629
2534,8,1.5025097724076393
2534,2,1.5575980625846189
2534,2,1.00703722156521
2534,15,4.248909348875665
2534,15,2.0083034186767454
2534,14,2.2797732988018446
2534,15,1.728667841402258
2534,21,2.058821313697787
2534,16,2.1989871673978643
2534,21,2.854422863113595
2534,24,2.256303178419788
2534,26,2.4731594722026764
2534,24,3.522228962468762
2548,15,3.372249688964014
2548,24,4.461562964484599
2548,25,3.384875797747404
2548,32,3.7291360775970244
2548,25,2.9389017155870616
2548,35,3.8985685246815804
2548,12,2.0874184461624665
2548,19,3.284263816233724
2548,26,1.5817833529132508
2548,21,4.620436668998437
2548,21,2.392265310530056
2548,19,2.553361986884965
2548,8,1.8641870920774581
2548,10,2.2291988011126365
2548,25,9.133209201831363
2548,24,8.772604129752182
2548,9,4.49065944362867
2548,10,3.6658467486031667
2548,27,3.571185728055509
2548,24,5.535519135800641
2548,12,3.278318121070091
2548,12,4.650433033283377
2548,27,4.537034916056846
2548,8,3.0589169243914256
2548,22,2.197666028767688
2548,12,3.460266686180755
2548,7,1.8671833951438772
2548,17,2.699171389973068
2548,13,1.492875138964964
2548,12,2.085647719976806
2548,4,2.8387215779402064
2548,18,2.3380078300594165
2548,28,2.293123044262868
2548,22,2.679425557289304
2548,13,3.206219820638122
2548,13,5.46997654862964
2548,7,4.1823143177683715
2548,9,1.72078126340473
2548,26,3.1159127062712213
2548,22,2.152860739265952
2548,11,1.7045659759749408
2548,20,2.416413449203742
2548,6,3.6482822504944274
2548,13,2.4562456473567584
2548,26,2.75336417477766
2548,36,3.4314584567220305
2548,25,2.4752429535277396
2548,32,6.345131440425287
2548,33,4.000074227957382
2548,35,2.3260983773409416
2548,34,4.716077578032014
2548,36,2.72669146161641
2548,24,3.3728051780722113
2548,17,2.501431005855172
2548,13,2.9947728997649983
2548,8,2.225759459728346
2548,17,2.0711645139708676
2548,22,2.9468368610434093
2548,23,2.284125374250647
2548,22,2.289336631364764
2548,26,2.079639495359099
2548,28,2.2056497667304313
2548,12,2.3743231501424704
2548,7,2.1054206705199863
2548,7,1.7482686473748488
2548,9,2.175420723580414
2548,13,4.689304670716526
2548,16,2.126677858164821
2548,33,4.821288220972113
2548,38,5.558827844186645
2548,12,3.055741296280383
2548,10,4.6419465924698455
2548,13,1.6432434522325143
2548,15,1.8741445506483512
2548,19,1.846075433426207
2548,24,3.9841451150475065
2548,8,1.4282748374815641
2548,18,2.5478376090267894
2548,3,2.0645511021429708
2548,3,1.2457151351695726
2548,12,1.629966426123872
2548,15,5.015523610020903
2548,25,2.25595379804701
2548,18,2.0454860121864553
2548,31,3.106759802334604
2548,15,4.468627168648822
2548,24,2.111150022054838
2548,33,2.3492338104037733
2548,28,4.645550396379216
2548,19,2.4033181952491827
2581,11,1.8964606824818673
2581,12,2.0485446815035213
2581,27,2.694676526529063
2581,32,2.9226581097775153
2581,15,2.6041024185269133
2581,12,2.900469706138298
2581,9,2.1152844151432277
2581,12,2.6521028566614486
2581,12,1.6506514810008424
2581,10,3.3411462064070636
2581,6,1.967961886243542
2581,14,2.2086977164462667
2581,7,2.3539914619201268
2581,7,1.352655657805312
2581,14,2.3784365835630243
2581,17,2.0710671126678566
2581,16,2.5258155890443574
2581,4,1.1308966454271139
2581,27,3.9766582667714356
2581,21,3.5138173043025405
2581,18,3.7721714959308463
2581,12,4.243748060837328
2581,17,3.579917379125215
2581,20,7.171880943846392
2581,6,1.9777689785225923
2581,16,3.0725261230989784
2581,3,2.497280200883672
2581,9,1.4886607088204689
2581,8,3.595594293821133
2581,14,3.143581326052177
2581,1,1.0
2581,4,1.4214563576996986
2581,11,1.7159378303076074
2581,26,2.633030531266012
2581,10,1.594167250837442
2581,10,1.878473927853961
2581,10,1.756759799890984
2581,10,3.688190931399566
2581,27,2.6700936644336464
2581,17,3.9773042170248116
2581,16,2.516478974923965
2581,15,1.8488405309538511
2581,14,2.548716923034945
2581,13,2.3234278102891084
2581,27,3.564482955463632
2581,29,2.1737870746440184
2581,25,2.29330565221939
2581,25,3.6308431087860353
2581,26,1.5684491788933024
2581,29,2.5497174915918777
2581,25,2.6127833274129624
2581,24,2.3078849860272923
2581,12,2.5873153609043746
2581,18,2.68907526052948
2581,8,3.262594007342441
2581,12,3.327732729722873
2581,16,2.4438894653415217
2581,11,2.0103202936397158
2581,14,2.511864049505728
2581,19,4.156273148304283
2581,13,2.736148077323903
2581,16,2.426674280828051
2581,9,3.5880067846395653
2581,7,1.3710780183807656
2581,6,2.0405242250393654
2581,10,3.059576323251418
2581,5,1.995277358954905
2581,11,2.0923052147334396
2581,23,2.2811025017887587
2581,33,2.254333599356343
2581,10,2.790151182438036
2581,6,2.8700898200522422
2581,14,2.5813740910897036
2581,12,1.8720927105334086
2581,26,3.6720077526640913
2581,27,4.938879458155176
2581,12,3.421244268172986
2581,17,3.291433387917909
2581,4,1.5356241204046825
2581,9,1.6525371801271551
2581,14,2.5612785045681
2581,25,3.006233272977777
2581,16,2.155815334466411
2581,21,3.798109402197423
2581,16,3.8563395736012938
2581,17,5.241717331786788
2581,16,2.8795432432577357
2581,17,2.048908932254181
2581,14,3.55965078852504
2581,16,2.4013080583109496
2588,16,3.2808502354543725
2588,11,2.869295776565318
2588,15,4.014140403515566
2588,21,3.0471962617539763
2588,21,4.175180255657032
2588,20,6.37489192400021
2588,10,2.686249804850268
2588,5,2.5858018170401667
2588,17,1.837695246843468
2588,15,2.311201028384349
2588,11,4.287946259974652
2588,12,2.213452211887181
2588,5,2.888398664947818
2588,3,1.287722781741642
2588,16,3.5263690879668084
2588,17,5.970306098375089
2588,7,2.5712672058360386
2588,9,1.649228670602597
2588,14,2.8811005203429367
2588,15,4.211117323324758
2588,12,3.569396143794718
2588,7,1.966780383935708
2588,6,1.8543445368662728
2588,10,2.2063075900617872
2588,1,1.0
2588,11,1.8603059287383177
2588,8,1.0367859992648178
2588,8,1.4848582934999435
2588,5,1.579956613686952
2588,6,1.2337141774371212
2588,7,3.7590513064017337
2588,8,1.8455606370403066
2588,13,1.893796061490548
2588,13,2.086023979298601
2588,10,2.8416410037989217
2588,12,2.8667128382848266
2588,9,1.7029201020939073
2588,6,1.2919626666666666
2588,14,2.230580211770354
2588,15,2.1396121983551213
2588,13,1.9787641787190082
2588,13,2.2071245967520445
2588,7,1.4205637380485425
2588,7,1.2304746082126563
2588,28,3.5866922292123
2588,22,4.088892758737992
2588,23,3.8508019394904887
2588,22,3.0661262768279705
2588,15,1.8578065930936276
2588,20,1.9967170899346207
2588,26,3.1730497008263696
2588,17,2.143147919768038
2588,15,2.2241709057980485
2588,12,2.579861083137497
2588,6,1.497853512018564
2588,13,1.6415882440164105
2588,15,2.7044323122876004
2588,15,4.526449180543772
2588,16,3.2529957442982727
2588,8,2.4609523339289683
2588,12,2.617149898655581
2588,18,2.7162735754766882
2588,8,2.124145787847315
2588,5,3.2157670359110453
2588,7,1.3999332166734408
2588,9,2.1731501691625414
2588,6,2.704116561499154
2588,10,3.5377425845585107
2588,28,2.1659290162104967
2588,30,2.149118443065399
2588,10,2.941719575734425
2588,7,4.3792928177973
2588,8,2.04180670785975
2588,4,1.423938427048048
2588,16,3.1205677223462627
2588,22,2.459283657162422
2588,10,1.6004830848429235
2588,15,3.0901630762866055
2588,10,2.1525207981459795
2588,11,2.2011486211218583
2588,13,2.030393920539956
2588,15,2.4365846849434316
2588,15,1.9937548105510958
2588,13,1.8308904832218802
2588,14,2.2261905226136625
2588,22,1.8193163781460469
2588,10,1.8605102209146334
2588,14,2.7514814190934143
2608,18,2.619724901944615
2608,21,2.386682320040277
2608,25,4.390424423448287
2608,32,3.7056352104228143
2608,12,2.7174381048825276
2608,23,2.336801800936205
2608,16,3.731198137068329
2608,12,2.945894008082427
2608,14,4.165371914621316
2608,23,4.867474201998087
2608,8,1.9172794047553983
2608,11,3.233312199503886
2608,8,2.7193384943321814
2608,12,2.2177051788945854
2608,12,3.3534246467770648
2608,17,3.4008865788462717
2608,8,1.6835689976789554
2608,15,1.7606378175502335
2608,27,4.4023386475936475
2608,17,4.432990809394142
2608,9,2.2285312268700457
2608,10,3.5743945383374345
2608,23,2.675175887742434
2608,14,2.8044052970950117
2608,4,2.6016573195300814
2608,15,2.4741259759719543
2608,13,1.6576566199945557
2608,13,1.6257445608719439
2608,5,1.2461512287334593
2608,4,1.0487495510567781
2608,4,1.5328066647515082
2608,3,1.3803152114840427
2608,11,2.0558419092702667
2608,17,1.5931792355029037
2608,16,4.150848533432408
2608,13,1.431470503205736
2608,9,2.105287176383453
2608,9,1.9771144465528327
2608,18,2.811825673740735
2608,26,2.5329318121037323
2608,13,2.885877385787037
2608,16,1.7426810590083877
2608,10,2.682181180447545
2608,12,4.731715817300118
2608,26,3.9218928086714753
2608,23,2.797526212107454
2608,28,2.3329205472364256
2608,24,3.0263390676728807
2608,29,2.5958196461298666
2608,27,2.2507035100704824
2608,25,2.6457654758168014
2608,23,2.019639351991319
2608,18,3.106985072156105
2608,15,2.352895549556918
2608,5,2.2801046544068466
2608,3,1.4938387376774753
2608,12,1.8648489004997157
2608,18,2.471868109335314
2608,24,2.342881724175079
2608,27,4.208695728595731
2608,20,5.323662197153912
2608,20,2.077728002374752
2608,7,5.0159502097751405
2608,6,2.363767501034061
2608,5,1.9400553588782452
2608,9,1.8042252228797422
2608,8,1.8042762942200008
2608,9,2.6441894802998074
2608,36,5.916704176622213
2608,21,5.696959947404051
2608,12,3.005592441766085
2608,8,3.709260020499212
2608,12,1.8026161799286506
2608,12,1.3836793019824547
2608,24,2.314598147095592
2608,24,5.1743779027996455
2608,12,1.6285682640507788
2608,11,1.986255658669081
2608,4,1.0810485619345498
2608,2,1.198168574401665
2608,14,3.4694932636209144
2608,14,2.715332793572162
2608,17,1.7807167618443487
2608,17,2.098844265635038
2608,20,3.2174525106293212
2608,24,2.24142906063228
2608,13,1.895746840982124
2608,16,2.505661852236295
2608,13,2.743069621842328
2608,21,2.6717692269761857
2609,10,2.2129184808962252
2609,18,2.559596304005564
2609,18,3.792389474859002
2609,23,5.608412554154387
2609,13,4.0617353818495925
2609,16,1.8674835169002555
2609,17,6.795284773245716
2609,12,3.1624833001359787
2609,17,3.6188804023502317
2609,11,1.7499962959155793
2609,4,1.0449615885546393
2609,3,1.242847655591162
2609,6,1.5735495185049146
2609,22,4.208619189328464
2609,22,5.791495669190287
2609,6,2.301920451479404
2609,7,1.4856468457330967
2609,17,5.961923096935952
2609,20,5.219187722142608
2609,11,1.9775927247693708
2609,12,1.845640134096371
2609,1,1.0
2609,3,1.0485171696149844
2609,3,1.2789126615918203
2609,2,1.0448079279663274
2609,1,1.0
2609,6,2.5708924454542417
2609,6,2.9927918475320427
2609,5,2.8248309075198916
2609,12,1.812937229455811
2609,11,1.5642415645119145
2609,14,2.5813972974611867
2609,5,1.9875220940998233
2609,2,1.0102919554715395
2609,12,2.1616163715953873
2609,15,1.8656099247446676
2609,7,1.3853168916420118
2609,10,1.8590398049844405
2609,6,1.8782188095539611
2609,11,2.9280829253534444
2609,16,4.195846230395453
2609,19,2.6163979193002675
2609,23,2.0234369468340017
2609,17,2.4688495849594885
2609,26,7.899049851298818
2609,21,4.408133761658693
2609,13,2.6375180211334746
2609,17,2.25394282948176
2609,14,1.7811988283309725
2609,17,1.9854588807673936
2609,4,1.5194615562362033
2609,3,1.387486992715921
2609,16,3.4496108938614727
2609,15,1.975965847022579
2609,17,3.703491942620153
2609,21,2.7618726245254033
2609,17,4.064337214197926
2609,17,3.543806617873423
2609,7,2.6784571122901877
2609,5,1.74812927975985
2609,6,1.3228513644336666
2609,6,1.7128401791089571
2609,6,1.38078665547561
2609,8,2.1042942287769417
2609,24,5.891246067465493
2609,21,9.844271856790947
2609,16,3.428322882003213
2609,9,3.5918605165767095
2609,9,3.0912413294604466
2609,10,2.51245073791601
2609,19,3.100588157741861
2609,21,3.688952030919872
2609,9,3.2676554030715272
2609,15,2.364933446646589
2609,1,1.0
2609,3,1.2815721155154962
2609,9,1.5263645850669865
2609,12,2.3967989339674016
2609,10,1.7277689529753162
2609,13,1.9609036208694284
2609,13,2.5104828286507135
2609,15,2.0331749899555174
2609,3,1.1305702232859496
2609,11,4.0220991667457735
2609,9,2.2225988772342165
2609,8,1.8551911957699423
2617,12,1.7932947108362827
2617,17,4.90574691746575
2617,18,2.375542003623104
2617,18,3.99148794747997
2617,10,2.2137738339392565
2617,13,1.7321980968591544
2617,6,3.4316928221795218
2617,6,2.4237297814184973
2617,8,1.932159473129085
2617,9,2.874947711633946
2617,5,1.9380621721460174
2617,16,1.8858636025736506
2617,7,1.7945874389530208
2617,3,1.2461504357277702
2617,19,10.294996762316318
2617,16,9.263187498011996
2617,4,1.2741422921174614
2617,7,1.3493625913209142
2617,26,7.868047304800538
2617,15,6.777443675442211
2617,16,3.0748457572613015
2617,15,4.125694429090213
2617,17,1.9954242720608564
2617,8,2.640990318760315
2617,4,1.5126723043455665
2617,9,1.73662768831821
2617,2,1.0008031601894802
2617,11,2.488268535751013
2617,5,2.1819363905325444
2617,9,1.9657914093738138
2617,3,1.173261993679977
2617,8,1.6689220611636666
2617,13,2.7712439736341596
2617,18,2.088127601474252
2617,13,2.420578972297835
2617,13,1.6555151073446515
2617,2,1.7071651735105993
2617,2,1.0082124442904417
2617,14,3.0082103197557744
2617,21,1.8578524789326682
2617,9,1.7076718793497447
2617,8,2.156275801315771
2617,6,1.6496830413491848
2617,16,1.7411130494996612
2617,19,3.101753888726263
2617,19,2.990482020609937
2617,19,2.4688681512005366
2617,22,2.6635222874654434
2617,18,2.2010138651450757
2617,16,1.8002210634378308
2617,27,2.6904153203526158
2617,18,1.720837275304986
2617,14,2.624420924686006
2617,15,4.7679984421349895
2617,5,3.1804579011938126
2617,16,1.6890289844310784
2617,10,3.319287157596739
2617,19,1.945978815748149
2617,17,2.2128992380482404
2617,19,4.015667005303818
2617,12,2.999395545103929
2617,14,2.708619417274726
2617,9,2.6509500768986385
2617,4,1.487617408605547
2617,6,2.005045403963875
2617,5,1.7369245597961978
2617,3,2.8659352678229957
2617,6,2.020301232782607
2617,27,4.883084740157754
2617,17,5.9060541897997165
2617,10,2.2048572356717617
2617,10,3.4837410362620918
2617,14,2.0961501156701536
2617,12,3.777978361681469
2617,12,2.175673005411959
2617,26,4.564546124483954
2617,5,1.6549358108430716
2617,14,3.028205647869529
2617,1,1.0
2617,8,1.8093177980122115
2617,13,1.7474499160754808
2617,11,2.2431246634738007
2617,10,2.0935103600182643
2617,17,2.7164225490196077
2617,11,2.13940615826288
2617,14,2.5026875091645238
2617,19,2.064203736278473
2617,7,2.138039776715031
2617,13,4.5634091150557525
2680,11,1.9316944310646447
2680,9,2.4866866123124836
2680,20,1.8160500842213396
2680,18,3.6673719684608623
2680,7,1.7513126688880443
2680,9,2.578282735917068
2680,8,1.7922592470801306
2680,9,2.117007529932811
2680,14,1.592152998422052
2680,14,1.8882478800526996
2680,12,1.9745484903047068
2680,11,2.2702066252328215
2680,3,1.2248834450186816
2680,5,1.5191305331488587
2680,13,6.327243180862114
2680,11,8.165333583016304
2680,8,2.1485849202235676
2680,6,2.382627701596485
2680,23,5.734810125424924
2680,14,4.131897523803354
2680,11,2.4977621086112496
2680,10,2.2109008299816146
2680,13,2.81325127699252
2680,8,2.6058180981966634
2680,9,1.3804339775348686
2680,12,1.408180346146764
2680,11,1.4819268433179724
2680,7,1.708041979797539
2680,3,1.0989363200901663
2680,4,1.3347290576928033
2680,4,1.1491904229702257
2680,4,2.3047485421745764
2680,14,2.635264887422687
2680,10,2.172417586511745
2680,9,1.927627930319443
2680,5,1.1876301541024572
2680,3,2.0388320367915687
2680,3,1.2537484075983334
2680,9,2.500494226724944
2680,11,2.9892296655601154
2680,8,1.4161506182307186
2680,9,1.3990025850874583
2680,9,3.2296598192632247
2680,4,1.5555565862696428
2680,25,2.2141961413627596
2680,25,2.2123009345959903
2680,24,2.2798968137626714
2680,25,2.6767936781064314
2680,17,3.7336208996367515
2680,14,3.4559225032226255
2680,22,2.8634362881756563
2680,19,1.9245416210699777
2680,10,2.2171586880475287
2680,12,1.843565304986104
2680,10,1.6007067045080294
2680,12,1.5970620794911423
2680,9,2.4458091235250823
2680,13,1.6984966582841903
2680,12,2.1177038652411317
2680,17,1.713960280109723
2680,23,2.995194200191057
2680,22,1.9474507323133803
2680,5,2.06846217121158
2680,8,1.5723078015167602
2680,4,1.3033311817469937
2680,7,2.7757624528589826
2680,3,1.5728291931860066
2680,6,2.8179124909542965
2680,29,3.835602056282552
2680,24,4.262299102132732
2680,8,2.749958369629665
2680,4,1.4393729480389457
2680,13,2.0775732206458652
2680,4,1.751089488121733
2680,22,2.8051066735482957
2680,17,2.5159494050917495
2680,7,2.6027031913013627
2680,12,1.5743591794196872
2680,2,1.243007339813529
2680,5,1.2777212085741847
2680,11,2.347380868329438
2680,14,1.9836500229070215
2680,14,2.4520025089536914
2680,14,2.2978145520023383
2680,15,1.4380928773982218
2680,17,3.246198775333833
2680,13,2.2642509119661547
2680,16,1.9591559975613473
2680,17,3.4104475594118546
2680,21,1.5917854830043896
2683,14,7.413400543347966
2683,19,4.056639277312368
2683,23,3.981148665586853
2683,36,4.122992325884312
2683,15,5.445178197650491
2683,20,2.31559444152192
2683,4,1.058073827970752
2683,9,3.8614794430106674
2683,20,2.0188157084522875
2683,14,2.204276320793947
2683,11,3.208947922117565
2683,12,2.1899255265575737
2683,5,1.5649609274021639
2683,5,3.310942502532899
2683,13,4.922882325210836
2683,14,5.585096427141346
2683,5,1.390777909784372
2683,12,1.5732768174666347
2683,26,7.157801481285374
2683,21,7.915842123861877
2683,10,2.3600073239604233
2683,13,1.8861725985873201
2683,16,3.4496296591438784
2683,18,3.009557181683084
2683,7,2.1921765518498035
2683,10,4.446800354463285
2683,2,1.2039542143600417
2683,7,2.3788001646453925
2683,2,1.03515625
2683,7,1.234391302334324
2683,1,1.0
2683,8,1.7930386503512135
2683,13,1.380315666970612
2683,18,2.376564040384406
2683,13,2.7953532491698674
2683,13,2.286123301532045
2683,7,1.5495961097727347
2683,3,1.3904306281453152
2683,18,1.961129993071025
2683,14,2.296452846195928
2683,13,2.1541907879896356
2683,20,2.129720834990678
2683,9,1.520521859564614
2683,13,2.188360371035476
2683,23,3.7132743892476
2683,28,5.1242381913933714
2683,27,3.7149786085461423
2683,29,2.395958036577365
2683,22,2.069224668915149
2683,26,2.86257583734103
2683,16,2.6006601608468607
2683,29,2.452079947667983
2683,18,3.291494378698225
2683,19,2.3223203735510203
2683,7,2.256357879134022
2683,15,4.5025894702800375
2683,16,2.577332717444057
2683,18,3.0403640458436914
2683,17,3.831657836832861
2683,14,2.5684914250295443
2683,17,2.2392985854955247
2683,21,3.0216726821313493
2683,10,4.680360344390591
2683,7,2.739003724739195
2683,4,1.6834507817040076
2683,5,1.5494695609684277
2683,3,2.336971184230434
2683,8,4.808960926338844
2683,42,3.926085224848242
2683,34,6.794869487383406
2683,15,4.11415615180621
2683,7,6.064842271042949
2683,19,2.6511677704220564
2683,13,1.9951145604435032
2683,21,3.2211353502946762
2683,26,5.103630385713728
2683,6,2.2327954435550716
2683,17,2.962923751074807
2683,5,2.3296315547744966
2683,3,1.3633804321289062
2683,15,2.7069650200095117
2683,14,2.466397167485651
2683,17,3.67156756224835
2683,16,2.231898146297199
2683,19,2.1976392033053753
2683,17,2.12024896700016
2683,16,2.463007952017836
2683,23,2.5546998247724724
2683,17,2.810275254118041
2683,20,2.0640973115153747
2720,11,2.1699598698814335
2720,19,2.3341363455436834
2720,29,2.4892519129119215
2720,35,3.328035653125237
2720,9,3.3778034419326195
2720,22,2.2733375227913073
2720,9,3.5186630801585155
2720,15,6.801468892011078
2720,10,2.9620812723584278
2720,5,1.7750646861613406
2720,6,2.4267287979697594
2720,6,1.3200125522465471
2720,10,1.5533264011707204
2720,13,1.8006255128884951
2720,15,4.372694486464138
2720,15,7.056354031566844
2720,13,1.7641519953489067
2720,14,2.5942897031353116
2720,38,3.1991073501656864
2720,27,5.193365890423901
2720,18,2.1831917834684833
2720,9,1.841514035490082
2720,18,3.1053019840415628
2720,17,1.6220732543618814
2720,6,2.0695348862003335
2720,9,2.3397697574702585
2720,7,1.8061206849729596
2720,11,2.195514788678771
2720,13,1.8765263426267322
2720,7,3.0053639098927682
2720,1,1.0
2720,14,1.6122855953534152
2720,12,2.7459457795749085
2720,11,2.6348767853842925
2720,7,1.9412573066812702
2720,10,2.208782511068779
2720,8,1.9685581871163742
2720,27,3.550372219696257
2720,17,2.1220969680005854
2720,17,2.119064032502184
2720,17,2.4150268851106764
2720,14,2.2150626180536817
2720,17,1.4691818029168389
2720,27,2.863169346710646
2720,30,3.5900887153053205
2720,22,1.8708822861826588
2720,19,3.111081613936491
2720,25,3.052891025595392
2720,19,5.2443837279528145
2720,21,2.4540816046274583
2720,29,2.9695438453945213
2720,17,2.810038398097577
2720,9,2.8739275377053413
2720,10,2.2465359137396455
2720,3,1.628209943602071
2720,19,2.839360557364415
2720,16,3.4909707032228683
2720,15,2.0249192910131604
2720,18,4.159778914640762
2720,16,1.819069955611642
2720,20,5.605474516279222
2720,8,2.4205272343928015
2720,6,1.4290007769950859
2720,6,1.3893732295409735
2720,9,2.433113503995195
2720,5,3.3518308839822417
2720,9,2.01267454388284
2720,26,4.513203831382099
2720,26,7.480448326815446
2720,12,2.526916056468531
2720,11,2.925390045877616
2720,20,2.8040083281987247
2720,18,3.0723433672077087
2720,13,2.5290191206871837
2720,22,3.8091404479847237
2720,7,1.8507544520153576
2720,10,1.8398755610834374
2720,1,1.0
2720,3,1.1489933849199816
2720,11,1.539301741644036
2720,14,2.3477130778571462
2720,21,2.778676291354414
2720,14,2.164742022326297
2720,24,3.9458362834219987
2720,13,1.948470322443793
2720,17,2.844030756051068
2720,23,1.8284675517953792
2720,20,1.7313887016229543
2720,16,2.5560580718989203
2760,10,1.1949401648474047
2760,14,2.742802340591542
2760,22,2.1993096488659836
2760,22,3.4007575190927266
2760,24,3.2024309091891445
2760,14,2.3918810330365137
2760,10,2.0382065897532784
2760,12,4.31616676518707
2760,22,2.247031550077576
2760,15,2.9749430652482465
2760,21,2.718885524051373
2760,15,1.5800544570797515
2760,5,1.4962481054648402
2760,13,1.9454772155737121
2760,16,5.709237562234207
2760,13,3.648341531467154
2760,5,2.9473901662757185
2760,4,1.520407205854757
2760,18,4.726771649618764
2760,13,6.712539760030875
2760,10,1.757933761009352
2760,18,5.278111330901983
2760,14,3.449553347685123
2760,8,2.0880189559385047
2760,14,2.418634601979463
2760,10,3.2244719007722313
2760,5,1.3894150991538208
2760,5,1.216011145923954
2760,2,1.0014239943040228
2760,13,2.4050108707229922
2760,3,1.1869956839932445
2760,6,1.3719544544379167
2760,17,2.804665225235501
2760,17,2.2908753524717027
2760,11,1.35918509375
2760,9,1.6245660797557797
2760,6,1.4768155032378343
2760,3,1.4622015570934257
2760,14,2.634875312930583
2760,15,3.7052001143809985
2760,8,2.7754707519167447
2760,12,3.0897656363238446
2760,8,2.0257033159247544
2760,8,1.7834533714287135
2760,19,1.9047785294772863
2760,25,2.6582024620011895
2760,20,2.9469474718601893
2760,24,2.6472849173707758
2760,14,2.1693308207943356
2760,24,2.6289621442078364
2760,17,1.8769338318836886
2760,23,2.6096441998972417
2760,17,1.6717146783557837
2760,12,2.013930054585016
2760,9,2.973180352752748
2760,17,2.1646041367160587
2760,12,3.082713540532448
2760,15,5.574982620979485
2760,12,3.8586946271180707
2760,14,1.8992151570505338
2760,11,2.4081483638962276
2760,23,2.331365390234565
2760,4,2.0422024350243833
2760,7,1.9504156320576969
2760,5,2.155922902494331
2760,8,2.4005733532155116
2760,5,2.743845944457186
2760,7,2.431152318110363
2760,31,3.6536071294970185
2760,27,2.7429444810825157
2760,14,3.8612353571091833
2760,5,2.693290942268574
2760,9,2.9793815486337825
2760,17,1.6991287511221131
2760,16,2.4683013732138805
2760,29,3.326215138870043
2760,9,1.834620995049782
2760,13,3.1704806999829236
2760,2,1.1401017446396804
2760,3,1.7073373618209413
2760,11,2.7728324497296866
2760,12,1.9202495927958145
2760,14,1.8195283512376925
2760,16,1.9152936914661933
2760,19,2.8828178045684028
2760,14,2.3859703454860095
2760,18,1.6916904629159464
2760,18,3.0666581679675438
2760,15,1.914851438854415
2760,20,2.3805126650256425
2769,15,3.3535903134102116
2769,15,2.9301578064755267
2769,19,2.1559244838609986
2769,31,4.3177836471960385
2769,13,2.997671165378033
2769,12,3.1343887031690434
2769,14,4.115426853937686
2769,14,2.6951069433199897
2769,19,2.786782443528912
2769,15,2.101563671200847
2769,8,1.7552362698936363
2769,17,3.4743935521907563
2769,9,3.08509903287771
2769,8,2.172286776859504
2769,17,6.871982343982788
2769,15,7.435609694319047
2769,9,2.0042776201285357
2769,11,1.4779574598135568
2769,24,7.574078365679009
2769,26,7.236665647124899
2769,24,4.096011888851105
2769,16,3.4954714401978237
2769,14,1.7565268213858427
2769,10,2.212494486648022
2769,9,2.273790128713308
2769,9,1.7661731445020812
2769,4,1.1479584775086504
2769,6,1.689825139692187
2769,5,1.264685902444266
2769,8,1.3951060247486813
2769,4,1.0090013514777005
2769,7,2.6391734077222293
2769,11,2.2590569595311067
2769,16,1.8203218832701202
2769,12,2.4297184289484104
2769,11,2.9235475788124234
2769,2,1.1035483676176316
2769,8,1.4760360925538478
2769,19,2.253474689478517
2769,13,1.452827091641777
2769,9,2.3626112482853223
2769,7,1.9987319136985648
2769,11,2.233212099524107
2769,11,3.084972766322108
2769,26,2.9665113927924938
2769,15,2.4868443161377165
2769,17,3.3474201434841335
2769,12,2.3076374966878084
2769,27,2.867114252209854
2769,17,3.3914541013007846
2769,25,2.308316385881911
2769,18,3.319302731517856
2769,16,2.5099178613960893
2769,20,2.0551230806017786
2769,12,2.8731142464217925
2769,14,3.1419864349838127
2769,15,3.486863281684862
2769,13,3.3297145519077347
2769,11,4.0798274970146435
2769,12,2.824149228287352
2769,15,4.195312116727721
2769,18,3.843310027999933
2769,3,2.7372375919758927
2769,6,2.204987903031454
2769,3,1.2310114898393194
2769,6,1.334881023946106
2769,8,1.6338128709244757
2769,10,2.1129114488481546
2769,31,5.436941956335267
2769,23,5.403604170621978
2769,12,3.378514668304894
2769,6,4.318045531070465
2769,15,2.477717976055476
2769,9,2.26465910693538
2769,20,2.226534575199604
2769,30,3.0398297461320753
2769,10,1.8076228349198433
2769,12,1.47871622219792
2769,2,1.719199890122239
2769,4,1.2018822963213005
2769,11,2.167274135925868
2769,15,2.8659749062488955
2769,16,2.4240603227772497
2769,17,4.168183347957903
2769,18,2.01013569070913
2769,22,4.379932863408475
2769,18,2.3774446952880113
2769,17,1.7083769307193506
2769,13,1.5899460733807131
2769,7,4.425560272467105
2806,15,3.8328680681379637
2806,18,3.3191849449906963
2806,22,2.929391940296885
2806,29,3.972618575005826
2806,19,3.472206442764921
2806,26,2.606141457163393
2806,7,3.4857848323493608
2806,9,2.409031600761644
2806,14,5.063464621456236
2806,21,4.27340758706497
2806,10,2.083467795744456
2806,12,1.5731646679434892
2806,7,2.4199544929997603
2806,5,1.5680252199568878
2806,18,4.498413798608508
2806,17,3.972569765880979
2806,11,1.375894675288878
2806,5,1.2847929974299368
2806,22,6.244661879525593
2806,18,4.75436618450839
2806,17,3.0230904061075825
2806,14,2.863718151668983
2806,20,4.1681033753949315
2806,12,2.220290642722117
2806,6,1.953773110785578
2806,20,3.2046971675611235
2806,10,1.695528318396524
2806,17,3.776888442774441
2806,2,1.0002856576076176
2806,6,1.3040623869584993
2806,3,1.3115004399358212
2806,14,1.569894113063163
2806,21,1.8823882616205332
2806,13,2.9536407821599617
2806,14,3.530564684742803
2806,18,2.472419766648836
2806,10,2.3107787610853845
2806,24,2.122445690458483
2806,21,1.9010266860890133
2806,14,1.805685701382657
2806,10,1.674375010760834
2806,9,1.845149700923426
2806,10,2.0137786814785428
2806,32,3.7060246962234844
2806,32,2.9893690307863463
2806,30,2.6105290680694093
2806,29,2.2110461176546603
2806,20,2.187304104566135
2806,29,2.904412329104396
2806,26,2.9172138607672435
2806,25,2.998285277973608
2806,24,2.0225432038242044
2806,13,3.066069714416967
2806,13,2.714589841309669
2806,6,2.684046754018901
2806,18,2.9456979807928025
2806,16,2.430868647187987
2806,13,1.7208314515995928
2806,21,4.2004781756081435
2806,13,2.371091631112658
2806,18,2.7212614927911885
2806,10,2.0876645505794142
2806,4,1.67642476069631
2806,4,1.661143172828898
2806,4,1.4288215493730396
2806,5,1.9749279410264258
2806,9,2.629916520697748
2806,44,3.6901773557351123
2806,36,3.0393878743866605
2806,11,3.2749673370228227
2806,6,4.820179355506228
2806,9,2.284782076856487
2806,15,1.575497858267268
2806,25,2.6824436600054367
2806,30,4.1483418817312625
2806,4,1.2909470792124895
2806,14,3.448089447933019
2806,3,1.0034111410081954
2806,4,2.1669869507761046
2806,18,4.836114121609993
2806,20,2.4965052642458163
2806,17,2.4706759905962037
2806,15,2.890916897990395
2806,19,1.6406122793534794
2806,25,3.6028517792081796
2806,12,2.3393173591094807
2806,16,1.8457007350112096
2806,16,1.9704038586155437
2806,15,2.4291382016483696
2813,13,3.085802696421403
2813,12,3.4517008143418337
2813,22,3.3426359527007423
2813,28,3.319622589959405
2813,9,3.7259096965244014
2813,11,2.710940781502111
2813,5,2.1114401288482005
2813,6,1.9448883133291581
2813,12,2.349578451623376
2813,13,5.07916510998547
2813,6,2.0156750681886364
2813,15,1.8966103110695312
2813,8,1.6535833745922848
2813,3,1.7452342643178058
2813,19,5.874255649776803
2813,13,6.725019236421606
2813,7,1.596502880363738
2813,4,1.4958887996061236
2813,26,4.2998615908490345
2813,20,5.566853875710005
2813,14,2.2056793222207327
2813,9,3.084018012245006
2813,15,2.4961674925860424
2813,12,2.8439000308978684
2813,9,2.2476907614267043
2813,17,2.575294321259549
2813,4,1.3442013531274166
2813,13,2.0037472632902316
2813,3,1.1022713264299804
2813,7,4.837001824025242
2813,6,1.6631178637927944
2813,5,1.259782316581564
2813,19,1.7152638998495855
2813,16,2.189242591422551
2813,12,1.613852821005445
2813,6,2.059419861902204
2813,4,1.062632998354511
2813,7,2.738047928932578
2813,14,2.1971432068581045
2813,24,3.6098882055398036
2813,12,2.6630710552144023
2813,18,3.281403377262281
2813,9,2.3094587386548477
2813,5,1.2455094580896493
2813,22,3.15084724783315
2813,28,2.812143871931501
2813,14,2.20987495561973
2813,20,3.5130437609680922
2813,30,3.520151889419395
2813,29,2.5670176874721187
2813,22,3.3746748361709393
2813,11,2.7814917907865406
2813,14,2.2516586977107638
2813,9,2.0433017936547007
2813,6,2.514280570451243
2813,4,2.1932072568968146
2813,13,3.945354341031177
2813,19,2.0432445721711807
2813,18,2.901974725093844
2813,13,1.9541095926151553
2813,15,2.526790104656763
2813,22,2.5431570149504736
2813,6,1.762224899115058
2813,10,2.458498020070238
2813,7,2.419132691171599
2813,5,2.522072783704444
2813,8,3.737730378023856
2813,4,2.0976413654235566
2813,33,2.313715374972131
2813,27,2.680627789468772
2813,13,2.5950466792904936
2813,3,1.2750546287459439
2813,13,2.006238077870821
2813,13,2.9641352302696355
2813,23,3.6740960205335242
2813,23,3.634126048208995
2813,14,2.5819634840178596
2813,10,1.3972764439138547
2813,3,1.0113435129807211
2813,2,1.0184347550089268
2813,13,2.758110582457838
2813,9,2.682413301826009
2813,14,2.768370697678071
2813,12,2.38378479469187
2813,22,3.7049565834637566
2813,13,2.335503552433339
2813,19,2.1668535144334538
2813,19,1.7838394491288172
2813,16,4.478689735825393
2813,15,1.7117582199037884
2875,15,1.7975327769027816
2875,15,4.304286104297938
2875,23,2.5949447090839244
2875,29,3.259151686233196
2875,17,2.318752023953283
2875,14,2.900463819732467
2875,10,1.8780028151374741
2875,8,1.7206671673920741
2875,20,4.335274957953091
2875,14,2.1566835954847927
2875,14,2.4761357985554007
2875,14,2.2630141456657253
2875,8,1.5519076941419074
2875,5,1.1918554402153019
2875,15,5.861216853271447
2875,17,5.392369295231305
2875,9,2.470059601500534
2875,8,1.1692110330519068
2875,30,4.917287582923214
2875,16,4.849906989477165
2875,10,4.579977840243586
2875,8,1.632017092092333
2875,14,4.745366830803061
2875,17,2.221695220645735
2875,14,4.441546642450697
2875,10,2.708648500329888
2875,7,1.4830693129520467
2875,8,1.7939655533930032
2875,3,1.1373602853745541
2875,7,1.6859075642051784
2875,6,3.606589206463557
2875,9,3.534537026522255
2875,16,1.717258163621833
2875,13,1.5611354069988688
2875,12,4.7878964918517415
2875,9,1.5451252557650832
2875,3,1.3686510915118535
2875,9,2.303671394912406
2875,19,1.8675866894268203
2875,13,2.7277946309733503
2875,12,2.150375004024691
2875,10,1.6018386783529126
2875,11,2.030058867873465
2875,4,1.6217467349525037
2875,25,2.6027407021023805
2875,22,3.618135711380409
2875,23,3.359986988610847
2875,23,2.590696347317679
2875,23,2.675452555487342
2875,22,2.702082217159942
2875,23,2.074851339725363
2875,21,2.4722618970807977
2875,25,3.250570473359932
2875,12,1.9240078893069292
2875,21,2.0598147433129834
2875,17,2.63038847836994
2875,13,2.994598932288973
2875,22,2.246579564641362
2875,17,1.527395333181959
2875,10,1.8395428489751182
2875,13,3.1245935887430254
2875,19,3.150535753269501
2875,6,1.6209292384637408
2875,9,2.0077234159409696
2875,9,2.3145630771737675
2875,12,1.6693030827946898
2875,6,3.7905230063383977
2875,10,1.7955843647185268
2875,24,2.850163896377544
2875,21,2.065747788695422
2875,8,2.4489352464072898
2875,6,4.248214325974995
2875,12,1.99398596768683
2875,17,2.433082311111992
2875,25,2.91437565073595
2875,28,2.566729946687256
2875,8,1.5338402991363664
2875,9,3.0062808990478516
2875,1,1.0
2875,1,1.0
2875,10,1.3443275173923925
2875,14,3.2388172111862374
2875,19,3.773124712148216
2875,18,2.043154668290798
2875,15,1.86464171923319
2875,19,2.3952213655303183
2875,16,2.5162383676598488
2875,13,1.811934406437712
2875,13,2.7019316162109375
2875,11,1.9360800004264815
2898,17,2.4102836144306625
2898,9,2.496375209107321
2898,25,3.0875122555388397
2898,37,2.607950503291144
2898,18,2.276579482393248
2898,13,2.0485565400617007
2898,9,3.110530999841868
2898,14,2.4307229156278067
2898,18,1.6245697550702396
2898,15,3.342415307856258
2898,15,2.566220260029876
2898,14,1.6402675602226073
2898,9,4.70086482285652
2898,8,3.2328648592215226
2898,15,3.1955189057070186
2898,15,5.792730986583765
2898,15,2.2489907377978877
2898,6,1.189060136411841
2898,24,5.550808720669168
2898,26,5.830573386019306
2898,21,3.1973917973321035
2898,11,2.7983970083711998
2898,11,1.6844915790182582
2898,20,2.972523747195891
2898,4,1.428458347290577
2898,14,1.9718013952573732
2898,10,3.0949250608290995
2898,13,1.3541356794194683
2898,8,2.1690918105274686
2898,6,1.4996014688021946
2898,1,1.0
2898,2,1.0098479109608998
2898,12,1.887471696081055
2898,14,2.1691766498081435
2898,8,2.9410280866600447
2898,8,1.5911598789403132
2898,6,2.4029129948517465
2898,7,1.5795397928282435
2898,27,2.5135286049488483
2898,20,1.9536572921312125
2898,14,1.8233596966010317
2898,18,2.5667379866362032
2898,12,3.691038437577209
2898,10,1.8217321675900278
2898,27,4.157188896492071
2898,25,3.447839013757319
2898,18,2.2571384146024815
2898,25,4.076370646481291
2898,24,1.8486890689083426
2898,17,4.041787506671461
2898,24,2.4295253108759893
2898,20,4.423513214133468
2898,20,2.0418875678251407
2898,9,2.082527572580675
2898,13,1.8239041236632758
2898,9,3.0259637789946665
2898,11,2.2916371918685394
2898,18,1.9331095505509508
2898,16,2.204202858684715
2898,18,5.93676367007055
2898,12,2.6264827036069645
2898,22,2.5676672500868025
2898,7,1.8842224330115107
2898,6,2.0008178071105704
2898,7,1.4931015833546533
2898,7,2.367757958905609
2898,6,2.047468793307929
2898,5,3.1179787045019607
2898,30,2.726942763491182
2898,34,3.075828925281136
2898,11,4.095877788228971
2898,5,3.6785685540779776
2898,11,2.04106845105125
2898,10,2.109561651418915
2898,17,3.686503568473091
2898,22,5.550045473747187
2898,8,2.170301328142623
2898,8,1.3964255248941357
2898,1,1.0
2898,6,1.7812682484350377
2898,9,2.9222743996437406
2898,16,2.9809227625514643
2898,21,3.2230646867339123
2898,18,1.8223976715874448
2898,23,3.782204587656052
2898,27,4.22058109875225
2898,25,1.968827469428511
2898,18,2.1790875350060794
2898,17,2.7940025687059675
2898,16,3.0888213262993367
2924,15,1.96494085222371
2924,12,1.706324031300901
2924,22,4.9394260171424715
2924,26,3.043130347658203
2924,17,1.911370540078793
2924,15,2.10958232145264
2924,11,1.7830117479669279
2924,12,2.670574309484458
2924,9,1.726703489841723
2924,12,1.94999974216211
2924,9,2.1402354936233245
2924,12,1.4084820601675747
2924,11,1.7627016235006514
2924,7,1.72486370913295
2924,12,6.666112212747834
2924,18,7.475349520966047
2924,10,2.5146093811570935
2924,10,1.3488271924688078
2924,24,3.9622372338404173
2924,15,2.879944304113956
2924,13,4.075862001463641
2924,9,2.1753207591128194
2924,27,2.5342986350475143
2924,22,5.270019766896069
2924,6,1.2490766372758355
2924,17,2.5103686034214214
2924,7,1.5196507017890366
2924,10,2.867174656269964
2924,7,1.5231815693911317
2924,7,1.5892558366370853
2924,10,3.029884409927511
2924,11,1.7150475646604693
2924,19,1.6415785662677584
2924,15,1.916009585334203
2924,13,2.7535491418090094
2924,10,1.275823642813421
2924,2,1.0215774522008363
2924,19,2.4983411658302073
2924,17,4.360774756761777
2924,11,1.582920514185218
2924,13,1.8496240449944468
2924,11,2.115779064233167
2924,14,3.8968533041476165
2924,23,3.7200743361941644
2924,25,2.331424895100137
2924,23,2.765543468242101
2924,27,2.122826207425232
2924,25,2.897774514633125
2924,26,1.9188741555703712
2924,17,2.4733579825546075
2924,25,2.3003489475324668
2924,29,3.012272754328939
2924,14,2.7262626174965683
2924,7,2.454328812728773
2924,6,2.137879082310138
2924,14,2.3143143038065257
2924,13,2.1907524823852613
2924,20,2.253709795654665
2924,19,1.9288621899633702
2924,19,2.0086884363221325
2924,20,3.7889336045567665
2924,5,1.62968202776689
2924,10,1.6828824492626815
2924,7,3.225613905031365
2924,6,2.1818017678625368
2924,7,1.8088051285233104
2924,11,2.7881186924442174
2924,32,2.86588124355549
2924,30,2.781589197472229
2924,8,2.4469986632682823
2924,10,3.638344657545775
2924,9,1.922709586461463
2924,12,1.580390374344882
2924,19,3.424707915072787
2924,29,2.486181302387137
2924,9,1.964505173808991
2924,10,1.8643768313124363
2924,1,1.0
2924,1,1.0
2924,11,2.0836361889764525
2924,14,2.8996512796096385
2924,20,2.127854044787549
2924,17,1.723408703929075
2924,22,1.8356220470165663
2924,14,2.1029098128549637
2924,8,2.301656848119918
2924,22,3.262645769044298
2924,23,1.9792966107895422
2924,10,2.499041197364027
2960,12,2.082229409531333
2960,16,2.5428442614066564
2960,25,3.252858465845392
2960,26,4.060381416537478
2960,15,5.939417403845717
2960,25,3.8371426497594685
2960,7,3.639763653242362
2960,11,2.6503417220353938
2960,8,2.9967238510463217
2960,12,2.9714083046119724
2960,3,1.0000214995968826
2960,12,2.1382634981168396
2960,12,1.4407655178464027
2960,10,2.430794513844036
2960,17,6.826565151223386
2960,14,4.846769681972936
2960,15,1.9018033831912122
2960,10,1.532908900303903
2960,25,5.379355040203888
2960,18,3.0255101848890606
2960,14,3.1722011880447654
2960,9,1.2329182180226972
2960,22,2.6161838922759317
2960,15,2.0439057921886166
2960,6,1.5095090360134575
2960,6,1.3983149458213266
2960,2,1.7119140625
2960,5,1.4980340833147694
2960,4,1.0742813355388463
2960,12,1.4432085224193911
2960,2,1.0830221200804366
2960,5,1.3103130878796023
2960,13,2.443467860992731
2960,15,1.8421679597548446
2960,14,2.003617358596516
2960,11,2.1049087325597546
2960,13,2.0838521757153887
2960,5,1.327364527047328
2960,19,3.195985819556036
2960,19,4.747290805164216
2960,15,1.8494548578485328
2960,13,2.379630484663296
2960,11,2.1711170630232246
2960,7,2.347954902307718
2960,16,1.6461149343995725
2960,28,5.695911428884398
2960,19,2.8861078741423123
2960,30,2.8748984659385552
2960,22,2.0353618472372625
2960,30,3.3301942556316155
2960,24,4.396369876520826
2960,25,5.725221180284571
2960,21,2.4537009310263818
2960,17,2.3978844091684444
2960,9,3.465116152076955
2960,15,8.178801405014111
2960,16,1.655569202265252
2960,15,3.9915044872420564
2960,10,2.470516261094114
2960,15,3.896171163841304
2960,8,3.3869080467635295
2960,18,3.4623271843010115
2960,8,1.8689440923116165
2960,7,5.2800176570265
2960,4,1.265894694281701
2960,8,1.7241246947379103
2960,6,1.9555493879867722
2960,13,3.599409398386542
2960,30,1.9735573176428736
2960,26,2.8937762008488006
2960,15,3.3147240627513916
2960,7,5.273385596969873
2960,9,2.704834042159763
2960,11,1.7261565983198093
2960,26,3.6501697735194707
2960,28,3.3639845188363062
2960,9,1.5101285580021482
2960,12,1.8937949103855447
2960,2,1.024256031975192
2960,3,1.1737146175061692
2960,14,2.4379934611465424
2960,16,2.0896341335314754
2960,15,1.9498493619317443
2960,20,1.9101423626319516
2960,13,1.9003854965297475
2960,16,3.7851391344690835
2960,9,1.7006097020509876
2960,13,2.333562202031405
2960,16,2.4657245794774414
2960,10,4.479251046216573
2962,12,1.884536229899503
2962,15,1.8590131125510099
2962,19,2.538794364661183
2962,25,2.645375737436871
2962,12,3.608111249969522
2962,14,4.3579140305665405
2962,11,2.7844854265034273
2962,9,4.867535577808432
2962,17,2.3583591068586554
2962,14,3.312854790063428
2962,6,1.9756770389326868
2962,8,2.601572366208585
2962,7,1.8971388716865465
2962,5,1.887128263943053
2962,17,6.340317696268418
2962,16,5.380738261022383
2962,9,1.5820433863089949
2962,7,1.380839053254438
2962,23,3.1091128995236055
2962,22,2.9244640161129367
2962,10,2.5877666786519424
2962,11,3.0966823888195423
2962,16,2.4618388471944264
2962,14,2.123662050670232
2962,9,2.3212724938481792
2962,12,3.7177315154239796
2962,9,1.6367119886933408
2962,8,2.2241033461681616
2962,4,1.2810856306601186
2962,2,1.183673469387755
2962,8,2.1541177422337277
2962,1,1.0
2962,12,2.304576074150693
2962,12,3.1799700046859742
2962,8,3.0773698706604384
2962,12,3.355641306714968
2962,6,4.031052939006348
2962,7,1.4758622895497548
2962,13,4.847567633715194
2962,16,1.9108222114128735
2962,13,2.206292971016132
2962,15,2.1786623992897254
2962,10,1.70710959011755
2962,7,1.6630812835850255
2962,25,2.8471308863492517
2962,20,2.7150876373479624
2962,18,2.3409143758900943
2962,16,3.1342202394875747
2962,23,3.3969485734703517
2962,27,3.1870973772351157
2962,18,2.6501250664420954
2962,11,3.3701500252276455
2962,13,2.055283048668503
2962,11,3.5895934835964285
2962,6,1.445332905361159
2962,10,2.9695600520216794
2962,7,4.457038484413111
2962,15,2.4600176088952805
2962,8,1.9770573796025563
2962,14,2.076203514334787
2962,12,3.6315313595547356
2962,11,2.1895310210608945
2962,6,1.6650768166815464
2962,7,1.6279187445183891
2962,5,1.6290314752907897
2962,8,1.3178843229621302
2962,9,1.8369837611794513
2962,12,3.2763115935680407
2962,39,2.5353178487777686
2962,30,2.740801457475566
2962,9,2.487455613555079
2962,4,1.5468159159549066
2962,17,2.936659723763837
2962,12,1.8162070897739218
2962,16,2.035789226951475
2962,22,3.1522508755361955
2962,11,3.103966224030204
2962,15,1.9524410022187606
2962,3,1.335189211346973
2962,1,1.0
2962,13,4.2279578677435135
2962,19,2.827745218887189
2962,19,1.9962147370343317
2962,15,3.06401632358877
2962,23,2.2555263536396284
2962,18,3.025681403980434
2962,15,2.153831032558129
2962,16,3.852360492356365
2962,11,2.5840477422759824
2962,9,2.8249537151364708
2964,16,2.3611372026920963
2964,19,3.1633956060059694
2964,17,4.3027868701287275
2964,26,3.4789423944456495
2964,7,2.1798996789729608
2964,17,3.2426128490064863
2964,11,4.197836710006318
2964,9,2.7716467789685684
2964,15,3.9930101542790792
2964,10,3.133148133238315
2964,17,2.3086644516033212
2964,13,4.023363114270295
2964,5,1.3140947032839756
2964,6,1.6592931750197246
2964,14,3.7000677246210723
2964,19,5.55869793977966
2964,5,2.0095162789835714
2964,4,1.616104520841031
2964,21,3.436252249676596
2964,14,5.474515482865386
2964,6,2.7788112324044816
2964,7,1.9348703776354224
2964,12,2.0317712033770374
2964,11,4.462497444136635
2964,8,1.3903941421537684
2964,11,2.5533407914325146
2964,7,1.184925712245011
2964,13,3.212548052842663
2964,11,1.3370584646412313
2964,7,1.8995045940312991
2964,9,2.397231539559873
2964,4,3.2787305914952456
2964,17,2.5156694704158284
2964,15,1.6461039533855244
2964,9,1.7891862281950057
2964,12,2.1754003068144425
2964,6,1.9989131370523416
2964,19,2.622545543283403
2964,11,2.671657766914316
2964,14,2.7623582765236767
2964,10,1.9501827710183606
2964,8,3.185680561941051
2964,5,1.5675560091713445
2964,28,2.4428051323631017
2964,21,2.0503880484265506
2964,17,2.573231496969551
2964,18,1.656552270953926
2964,26,2.1141879875057654
2964,21,3.280617242186796
2964,15,3.594344583393858
2964,17,1.864174653110284
2964,21,3.1140752188403615
2964,13,2.2071820183496627
2964,16,2.7758414168378405
2964,7,1.5511769011348322
2964,16,2.952348545726956
2964,21,5.130384503729645
2964,18,2.6811706674064406
2964,16,2.4127521514351615
2964,9,2.162326212456463
2964,14,1.9796944016594857
2964,5,1.4562945292044833
2964,5,2.0010285087656268
2964,7,1.5981911069727353
2964,10,2.9911654043988816
2964,3,2.5417325168986125
2964,10,1.707677641799363
2964,28,3.1316734509155753
2964,22,2.5120816915682656
2964,14,3.5719609281492417
2964,7,2.892794984084114
2964,16,2.377395005938215
2964,11,2.7367315297515566
2964,21,3.2061559110987132
2964,26,5.797345017219421
2964,18,3.132643860263298
2964,16,3.578295504116781
2964,1,1.0
2964,2,1.0382322649105833
2964,16,3.2351751275213703
2964,16,2.923679093029229
2964,14,1.8825763150701802
2964,16,4.51494289704153
2964,19,3.7846096520300314
2964,21,2.6682668651851853
2964,16,2.111394967921457
2964,19,4.676351382043841
2964,11,3.8452575667079953
2964,15,3.605964578753705
3017,10,1.7742390398252244
3017,11,1.7240078507871173
3017,18,4.602560271402173
3017,24,2.4007912312549284
3017,14,3.737609289108002
3017,10,3.826954204806976
3017,13,3.0307005866097665
3017,10,1.5274560356763638
3017,19,1.9606439899740982
3017,10,2.975123559190532
3017,18,3.7499763358149445
3017,12,4.275450672694914
3017,6,3.253974519815523
3017,4,1.0938502981476166
3017,11,2.5919891874442094
3017,17,3.789896057099998
3017,6,2.3025905385486145
3017,9,1.7334216881339284
3017,14,2.1514941103882324
3017,15,1.6493583344935105
3017,7,1.9563781915876686
3017,8,1.7816154477220265
3017,24,3.016749447731868
3017,10,2.0313161921359346
3017,3,1.03481986053719
3017,16,1.9958635876698176
3017,7,2.0866569504681944
3017,6,1.377966265909191
3017,5,1.181386760555361
3017,7,2.4096782593832016
3017,8,1.9611897572970647
3017,1,1.0
3017,19,3.0491652266891247
3017,11,1.4605041825510743
3017,10,2.8295262067490308
3017,10,2.427074605685547
3017,9,3.1415684096736936
3017,4,1.1143975522933611
3017,13,2.1255991735852877
3017,24,1.7993238898090056
3017,18,2.322846811963424
3017,11,1.6782299362970208
3017,8,2.6519978782928773
3017,7,1.79406304410362
3017,24,2.11604480425649
3017,21,2.63174438084125
3017,19,2.542066331681275
3017,20,2.3077867074009477
3017,28,4.333213549455689
3017,15,1.648777027346639
3017,23,2.8454637385452464
3017,15,2.0978382023946596
3017,10,3.049154184776157
3017,6,4.661341392686862
3017,13,2.417789196708433
3017,3,2.294189075453436
3017,13,2.0051159525551894
3017,15,1.9505429004414947
3017,13,2.388315153409428
3017,18,2.8054329138505465
3017,10,1.777378959544592
3017,19,3.7601818474789592
3017,8,2.3977877345827765
3017,4,2.481151408892506
3017,5,2.153152066525632
3017,7,1.8507329977517053
3017,3,1.8230965278927669
3017,7,2.4524842595172083
3017,24,2.3825202302189714
3017,31,4.133450376176692
3017,8,1.7792101318602118
3017,5,2.4718687729016944
3017,9,1.552446740076385
3017,5,1.2095199616171308
3017,20,3.5474716578842465
3017,23,2.741621384188549
3017,8,2.3997403298101765
3017,15,2.202563397508426
3017,1,1.0
3017,2,1.091884765625
3017,16,2.491873045996102
3017,17,2.033449232889292
3017,19,2.736997514200751
3017,16,2.70230033238664
3017,22,1.8577208945274182
3017,13,2.890168960550612
3017,11,3.444461520829025
3017,16,1.9588302966072015
3017,22,2.2695388425131124
3017,7,2.611640337345614
3036,13,3.3550180994850156
3036,11,2.2980116598524067
3036,15,3.275685515067804
3036,22,3.6097489015533752
3036,11,3.3810188162050556
3036,14,6.445217908349232
3036,9,1.58462148583297
3036,10,2.1596997958004764
3036,23,2.829757018722089
3036,15,4.04059907946584
3036,5,1.400031845592086
3036,8,1.759289679012255
3036,5,1.3624286933862848
3036,7,2.4864687899766684
3036,19,2.4574308556313174
3036,20,1.7644194747824802
3036,4,1.32080927800906
3036,2,1.0731379296705035
3036,20,4.2763259541980645
3036,23,6.580105556559555
3036,10,1.7095371815848737
3036,14,2.207021092229393
3036,5,1.490432590465853
3036,3,2.004297520661157
3036,5,1.660341023656862
3036,12,1.9997962779252236
3036,3,1.2995646375106495
3036,7,1.7038838209907825
3036,11,2.2663876237735403
3036,11,1.8271457513657574
3036,2,1.0035012779664578
3036,11,1.5235264008735818
3036,15,4.275587251159284
3036,5,2.0013278717073297
3036,6,2.366902343319815
3036,6,2.3462546449189334
3036,1,1.0
3036,15,1.7822165338689184
3036,16,2.0655721951657124
3036,11,3.340420464961091
3036,14,2.3149398173374065
3036,8,2.462438441816342
3036,7,2.2200973280622707
3036,24,2.6730988065623995
3036,21,2.6189128897367406
3036,22,1.8157752753452443
3036,17,2.6655745474119645
3036,29,2.3199534139447078
3036,26,3.044032329089851
3036,22,6.316909392521174
3036,17,9.358199732934064
3036,21,5.543941894421879
3036,11,5.774888957469425
3036,10,1.5198746537900731
3036,7,1.213678216045809
3036,10,3.9359901933972896
3036,10,1.5300721781338056
3036,18,3.1200070708935863
3036,14,2.0942654157960003
3036,19,8.579538404649195
3036,11,1.872359215974363
3036,9,2.1400148946131807
3036,5,1.5629393894661077
3036,6,1.4172998716367804
3036,7,1.911425970882742
3036,11,2.240437356489385
3036,10,2.2124589127491614
3036,24,2.1879164099688646
3036,24,1.7970333699420074
3036,9,2.3543385933658927
3036,7,2.182449919535335
3036,8,1.4144993479717958
3036,4,1.153016712580349
3036,20,3.184815333123384
3036,22,4.034666626618282
3036,12,1.7751132763190516
3036,15,2.2601951127417785
3036,4,2.5218389803133134
3036,10,2.150984446614138
3036,22,2.319060797446207
3036,16,2.8770815513070933
3036,16,4.210177926078855
3036,15,2.617980353888063
3036,17,3.137171397012699
3036,3,1.2575813609467457
3036,1,1.0
3036,18,2.7900970785288672
3036,12,3.2633182305484616
3038,15,2.532013837596467
3038,11,2.687108922252767
3038,27,3.9828752726372065
3038,38,2.72012059455143
3038,18,4.043090228617859
3038,15,2.1468584346616897
3038,11,4.357040174886161
3038,18,2.6248114828344025
3038,11,5.417633920585515
3038,14,2.572370772657395
3038,5,1.79574158566422
3038,5,1.3756569857356298
3038,7,2.3178887358062976
3038,9,1.7959549921481326
3038,22,2.3286421013539123
3038,16,4.697073699515648
3038,6,1.2107223856179494
3038,13,4.216807295612144
3038,20,4.321451254639163
3038,34,6.854952242715095
3038,12,2.252026097808943
3038,6,2.852425395721042
3038,5,1.6935777965720316
3038,5,2.1007230140002426
3038,4,1.2448239230221212
3038,2,1.010568608612106
3038,2,1.1101614478492725
3038,6,2.108475072928114
3038,10,1.9421568881143956
3038,6,1.6313406306946507
3038,1,1.0
3038,19,2.272694121233103
3038,21,2.3597768300232898
3038,13,2.267987832089706
3038,8,2.8419487605429308
3038,7,4.713336672101702
3038,9,2.299318507259991
3038,24,2.7248361110687256
3038,21,2.3705656495821703
3038,14,1.7010041663724313
3038,6,2.8001618155633046
3038,14,2.0237195366987835
3038,5,2.263979741248792
3038,17,3.9447226603390506
3038,21,4.297332734919446
3038,28,2.7052843882271684
3038,26,1.854031813813585
3038,38,2.374646344602797
3038,18,4.197864010607653
3038,27,3.751252010636789
3038,19,7.549589582347607
3038,13,2.48296991920198
3038,16,4.050507620039781
3038,5,3.3015723744668612
3038,6,2.256997576719259
3038,29,3.6748509791779145
3038,20,2.7576481502783974
3038,20,2.388006474719326
3038,14,1.9831593572457051
3038,17,7.3159232090613155
3038,17,2.8222886742684055
3038,10,1.591262419222745
3038,7,1.6195313489126941
3038,8,1.9375269707653664
3038,9,2.9809075279373514
3038,8,4.139853105285425
3038,11,2.5690566672255915
3038,24,5.9239892838286075
3038,23,7.959626120198406
3038,14,4.339154643278448
3038,7,2.528266984677645
3038,8,2.67667207640211
3038,9,6.478679254812028
3038,23,3.23788358268945
3038,30,5.273226996827449
3038,8,1.5156020257368017
3038,13,2.6750874302474053
3038,3,1.7607024773491482
3038,1,1.0
3038,13,2.135659373197498
3038,13,2.2537518706666577
3038,20,2.753619028487006
3038,11,2.2743435537828542
3038,17,2.520499590204494
3038,16,2.894309111836783
3038,8,1.5117907599656868
3038,2,1.0692520775623269
3038,14,2.5606281294022954
3038,10,3.3450825013879206
3052,16,3.300930376623067
3052,15,2.326230192777782
3052,20,6.317557107667169
3052,23,3.059930254423945
3052,11,4.13730710773215
3052,21,2.7307948824143518
3052,14,2.578416806817023
3052,11,2.305345496565684
3052,18,3.0940803085662876
3052,19,3.0183437569097307
3052,10,2.127034594318715
3052,16,2.833420435907986
3052,7,2.988299068783688
3052,6,1.7017919146825398
3052,14,2.298597560254055
3052,18,3.680671323966518
3052,5,1.5795648185078608
3052,2,1.1497184414534987
3052,27,1.8844299488699736
3052,16,2.504350799013683
3052,19,1.6721881206416334
3052,8,1.5618957700319165
3052,16,1.9643897432848467
3052,18,2.499269220368802
3052,6,2.3988084446112268
3052,10,1.8399611422667101
3052,5,1.9287626610711814
3052,8,1.9909905535160475
3052,8,1.689717541865394
3052,13,1.4938152361932868
3052,4,1.8787698663187868
3052,4,1.1345306501069339
3052,12,1.9097584608811387
3052,16,2.5970519701988573
3052,11,2.3209236928952217
3052,7,2.6290556361741273
3052,7,1.9163107210467152
3052,4,2.298682057047948
3052,16,2.517858098673035
3052,20,2.9625448043418627
3052,8,2.226093736318684
3052,15,3.545196186115477
3052,9,1.4230804567011752
3052,6,1.4332129259560256
3052,18,4.238738381200698
3052,19,2.5763800653968576
3052,26,2.787670603342063
3052,26,3.0017529136715373
3052,21,2.4750220808326273
3052,19,1.6849487757739072
3052,24,2.4977271458688004
3052,21,2.3828466344959107
3052,13,2.1585302053544018
3052,8,1.9614345956126162
3052,9,2.2607107690709465
3052,8,1.7908888203038769
3052,8,1.935439209697194
3052,14,4.299109562519326
3052,16,3.278539218084997
3052,19,2.0089310465583594
3052,11,2.3544854784223403
3052,17,3.8671068440509084
3052,9,4.567333763548831
3052,6,1.5034198092038025
3052,7,1.6467805408383114
3052,10,1.8146967074406366
3052,6,3.682067998363122
3052,10,2.9710689936074908
3052,28,2.064412698846016
3052,27,2.2919256377118513
3052,11,2.7974973013885
3052,6,2.9372751562599495
3052,7,1.2702000343161086
3052,6,1.253956215592747
3052,24,2.6463801996403995
3052,27,3.462837839188541
3052,16,1.6837108292111436
3052,16,2.7453294614035477
3052,3,1.1378922235517164
3052,4,1.3474472736625513
3052,13,2.0608626408780535
3052,15,3.4117587756688432
3052,14,2.2216865926384206
3052,20,2.5415810825707155
3052,19,2.5903885903648183
3052,21,2.936159164505811
3052,13,2.706874904270761
3052,15,4.732026301026093
3052,13,2.183204324116503
3052,20,2.632136931374975
3091,14,1.9233385175988724
3091,11,2.1652375407716224
3091,13,1.8799614676941674
3091,17,3.063210596989061
3091,12,2.5536065800246703
3091,14,3.184551079130517
3091,10,6.572037367706008
3091,22,3.4366092155020627
3091,23,2.912630328806252
3091,24,3.382934699714447
3091,11,1.8733278771449635
3091,17,2.664693707709521
3091,4,1.3615348089010555
3091,7,1.4917594227209574
3091,16,4.150569794518333
3091,18,2.1394543396336974
3091,6,1.1119723183391004
3091,7,1.3944819172272371
3091,21,2.587764897678549
3091,14,2.338351416086504
3091,26,2.24548645767707
3091,18,3.199993908364408
3091,14,2.495143482887013
3091,10,1.62325898266282
3091,3,1.5250321956535569
3091,8,1.7197139390927016
3091,4,1.2954241155723805
3091,6,1.4805619285272773
3091,12,1.8325173181415477
3091,3,1.1147719556360345
3091,1,1.0
3091,15,2.8816840522101597
3091,15,2.006490673614382
3091,13,5.434771225123191
3091,10,2.1453094938530026
3091,10,2.431083554809449
3091,6,1.6381987591859162
3091,26,2.3383167321021765
3091,19,4.627642824081416
3091,16,2.732328870611945
3091,28,3.2789789855789606
3091,9,2.0993144274997557
3091,10,1.3917481449698565
3091,15,3.0521003277629166
3091,27,3.4551433624825165
3091,23,2.992617272013185
3091,22,3.3262116420589547
3091,35,5.013075206314549
3091,23,2.698432639246241
3091,20,2.5203216057307647
3091,19,2.455854305194787
3091,24,2.5665532136487204
3091,20,2.307275746514984
3091,12,3.6240947575031037
3091,9,1.5081300341393338
3091,15,2.1495010050241086
3091,18,2.571342988903773
3091,20,2.6221513445440006
3091,14,2.2533536644016174
3091,13,1.9499749243175362
3091,14,2.140215368666117
3091,6,1.6859962411773355
3091,5,2.10932865972747
3091,2,1.0010032554616
3091,5,1.8570555844904564
3091,4,2.6229079403534015
3091,6,2.1460677689403096
3091,34,2.6752862922338436
3091,35,5.723863760929691
3091,12,3.1282765278087177
3091,9,3.230223514478849
3091,4,1.21725062292604
3091,11,5.425013171832889
3091,15,2.242912394035582
3091,28,6.459642311802886
3091,12,2.8283081316836642
3091,13,2.1507597517577595
3091,2,1.000441067853983
3091,5,1.575854998475619
3091,14,2.1937139993896104
3091,18,3.507898384560444
3091,22,2.1859289844833185
3091,25,2.4781312359407877
3091,20,1.9564317612643005
3091,17,2.306756299785509
3091,13,1.7367696466714133
3091,23,3.523442019204604
3091,13,3.1218793312334028
3091,15,2.8137467160289344
3094,14,2.048805695257214
3094,14,2.4160732700905228
3094,14,2.4634366537740755
3094,25,3.347297255524287
3094,19,3.1984487644004695
3094,12,2.6384524084686607
3094,7,1.8239246150916795
3094,8,2.6209223747362014
3094,7,2.7940384548804484
3094,13,3.4764028968245966
3094,4,1.208763771417871
3094,9,1.9339813515552617
3094,4,1.942262216561874
3094,7,1.5993140203606901
3094,12,3.6139326484165797
3094,14,3.2773045389893825
3094,6,1.3914514285714286
3094,10,2.5570222207106545
3094,17,3.5384493827690355
3094,16,4.180395766012583
3094,10,2.2863736984418495
3094,7,2.3254050641463087
3094,17,2.2788164023282027
3094,15,1.5825836436052763
3094,4,1.8623021856076714
3094,7,1.783475803762555
3094,6,1.978367200553415
3094,9,2.1436918733879007
3094,3,1.4464356491704886
3094,6,1.2756866734486267
3094,2,1.0937418076512726
3094,7,1.5465339357515917
3094,12,1.9408531112561587
3094,10,2.564457994050612
3094,9,2.6841248699440103
3094,7,1.870624934916073
3094,9,1.596208281441294
3094,23,3.745450409438187
3094,15,2.942009662418926
3094,7,1.631243228139382
3094,14,1.8199312299541095
3094,9,1.5811935381018174
3094,8,2.1356255957965846
3094,17,2.4241583312016717
3094,23,3.3693036592794217
3094,14,2.112056030736543
3094,19,2.9996714519981653
3094,21,1.7798735019173446
3094,19,2.1184893841533086
3094,17,4.302244309713045
3094,26,2.5369035305535927
3094,13,2.790123225149751
3094,17,1.4358111909857185
3094,8,2.608322969044151
3094,8,1.9755374462126905
3094,18,2.2351037699797267
3094,21,1.8511921630364898
3094,12,2.0247589539251516
3094,15,2.5266668598095303
3094,10,2.5559771353340235
3094,7,2.483057657787845
3094,8,2.0926001085361308
3094,5,1.6333358133974536
3094,9,2.012022352315381
3094,9,1.480477399935169
3094,9,2.175166967200935
3094,9,1.7020825030504267
3094,25,3.2433286968170547
3094,18,1.5374906062581206
3094,12,2.2895229780621045
3094,4,2.210590316991256
3094,5,1.0893188356688066
3094,12,1.3721288203812392
3094,20,4.692653145871658
3094,21,4.577573684016197
3094,11,2.5194681377956645
3094,9,1.8238423401899657
3094,2,1.007869406867846
3094,2,1.0002366863905325
3094,12,1.7703188061635826
3094,14,2.840954548078386
3094,12,3.500104069705339
3094,8,2.2125693671145954
3094,15,2.138837802727301
3094,11,1.9950460636056253
3094,17,2.2535823404846114
3094,19,2.39510031817011
3094,7,2.172917762267888
3094,12,1.9126029362023227
3114,12,2.5611852619555173
3114,12,2.565811298894211
3114,17,2.8114625175501944
3114,28,3.7783863008865572
3114,9,2.588170964903068
3114,7,1.8060504911242603
3114,14,2.1078094819654094
3114,12,2.825454559077283
3114,12,3.8332673415151244
3114,15,4.684052870489114
3114,10,1.9347693263498307
3114,14,3.0424065120270947
3114,6,2.0851143195266273
3114,6,3.57952051146898
3114,10,2.5307528576164744
3114,11,2.8320933916278084
3114,9,2.0172631729427213
3114,13,3.4750266724241743
3114,27,4.10693521959954
3114,28,2.7118290993089986
3114,14,3.2817384408170094
3114,15,2.2280004237403133
3114,17,2.2248976323881764
3114,11,2.545019906100487
3114,7,1.2784042636380772
3114,14,2.0719633673038254
3114,4,1.5779532728823351
3114,16,2.7277803261587295
3114,8,2.155319501206446
3114,9,1.6306288218010891
3114,5,2.8431563406336258
3114,5,1.322588182202314
3114,17,2.278941566884667
3114,22,1.691574576807647
3114,6,2.254241354427728
3114,11,2.0462249477631627
3114,6,2.499169920353011
3114,4,1.2549561453049602
3114,19,2.3688060725429136
3114,17,2.0180973214574984
3114,12,2.0818033897881882
3114,17,2.484714929141607
3114,12,2.062661393840299
3114,16,3.1805025402331855
3114,32,2.568464806835853
3114,24,4.101534149618974
3114,32,3.9907730705646425
3114,29,3.2463551712545278
3114,33,1.8175788107107063
3114,27,2.908486494643127
3114,32,4.546170947747808
3114,32,2.6477085013286517
3114,24,2.1222322432965663
3114,27,2.366572233702373
3114,6,1.5718166274425154
3114,7,3.1502782015541997
3114,21,5.024207036107589
3114,24,3.6047070972830393
3114,16,3.7834631321815224
3114,20,2.047430327842373
3114,11,1.989041561433344
3114,16,2.5501664311826695
3114,8,1.9103751021351687
3114,5,1.4999771171056724
3114,6,1.219548060986719
3114,8,1.7708174391728853
3114,6,2.211471783191713
3114,13,1.9968610964788343
3114,30,2.917439375879861
3114,19,2.6639269226398077
3114,6,2.0502929966301418
3114,3,1.7904568087462116
3114,17,2.086932841767659
3114,12,2.5781613120989006
3114,28,2.858395609758396
3114,30,2.9060341226237174
3114,9,2.620699005101613
3114,14,2.1461127754750278
3114,2,1.308641975308642
3114,5,2.025657780748001
3114,14,1.5716338398072183
3114,13,1.373300198476447
3114,13,1.6553228488999867
3114,17,1.805680579388353
3114,20,2.492842054975111
3114,15,2.5365911914998263
3114,20,1.8668866580404742
3114,14,1.9121401895984738
3114,14,1.798327861310859
3114,18,2.7723428926841316
3132,13,2.1323877351205685
3132,13,2.1937122742780635
3132,12,5.425415649188083
3132,23,3.4526034920896698
3132,13,8.257823762193265
3132,9,4.046726858280294
3132,10,2.5651267794653045
3132,8,3.1031486075441777
3132,11,4.2061035691828055
3132,7,2.8279570126920355
3132,7,2.313483216618063
3132,7,3.2955427773949966
3132,8,1.6992772707159727
3132,4,2.3823275298003144
3132,16,2.9504127115226995
3132,13,3.088238630595865
3132,10,1.3444981160598877
3132,13,1.7497914987292003
3132,22,3.9890050125344065
3132,15,2.3325747076495915
3132,14,3.853005683537127
3132,16,3.745177678826899
3132,17,2.174496679492281
3132,20,3.3325747533799968
3132,5,1.6577920397494954
3132,14,1.6129640061242623
3132,1,1.0
3132,4,1.2182506616998334
3132,7,2.2959773316726153
3132,6,2.1087519372017773
3132,1,1.0
3132,4,2.33205039376632
3132,11,4.661479284927965
3132,13,1.6030981005539466
3132,13,1.6984858799991454
3132,17,2.883987046633676
3132,20,2.229126401932511
3132,17,1.9495597295427007
3132,17,6.437423044749276
3132,16,3.136288660412257
3132,10,1.6881575421219948
3132,25,2.311003026113252
3132,7,1.432032458916677
3132,12,3.1535016427663964
3132,19,2.229501615324937
3132,18,2.4271651225435065
3132,15,3.323501523788223
3132,19,2.666511088029595
3132,22,2.6629102263714164
3132,28,2.441064084260023
3132,17,2.541512529899259
3132,23,2.976745967875599
3132,19,3.803524643074907
3132,5,1.5710248112622458
3132,7,1.7303907634437492
3132,6,1.6963699227923537
3132,15,2.3432212226954965
3132,27,1.9616494410994811
3132,10,1.8099365574354118
3132,11,2.3656886904711163
3132,9,2.1256486221618904
3132,10,3.72914716777657
3132,8,2.9796884727428425
3132,10,1.7477416378316033
3132,10,4.090720619542021
3132,8,2.9146181597499274
3132,14,3.6682808568459357
3132,21,4.632776556103148
3132,39,2.301851189006917
3132,35,3.235046192193527
3132,9,3.799893938059367
3132,3,1.8517353877808893
3132,2,1.3413112708131372
3132,12,2.0544309286703757
3132,23,3.266026114069826
3132,26,2.7944334961439945
3132,13,2.9423177722922134
3132,22,2.8878136060119055
3132,1,1.0
3132,5,1.7706719141251905
3132,14,1.9501436269387995
3132,19,3.560606451122237
3132,12,2.990303240805905
3132,16,2.86947433454286
3132,18,2.4945556251890295
3132,17,4.89534109111057
3132,8,1.3617084484370383
3132,13,4.024401099598602
3132,11,3.1223783294735425
3132,14,2.432697210073452
3136,17,2.750230472645311
3136,17,2.428225821576826
3136,11,2.2859934180461634
3136,28,2.9423770710165216
3136,8,3.8013633674213154
3136,10,2.8900773490436285
3136,15,4.165088240584562
3136,9,3.0768015810645952
3136,14,4.15794384216673
3136,6,2.492623339007807
3136,3,1.4740810943286102
3136,5,2.7239454875573874
3136,12,2.2685068701978777
3136,8,2.348021108215883
3136,17,3.261371516394383
3136,20,4.164115833083654
3136,8,2.4832602550943768
3136,6,1.166433763047484
3136,29,4.6023520461208385
3136,22,2.1486394501298203
3136,22,2.2572584822408057
3136,16,2.5894826809628895
3136,23,2.4500900642079824
3136,15,2.1161389184690926
3136,11,1.9738563482929314
3136,11,1.848144016396281
3136,6,1.3453197850460075
3136,4,1.4215465890094547
3136,6,1.548482103725347
3136,3,1.486920290244558
3136,7,2.2652964658316677
3136,5,3.1980856725002993
3136,14,3.201808538687991
3136,21,2.3344553564515245
3136,8,3.8231595068780493
3136,5,2.8262887074075884
3136,8,1.7080557568194932
3136,7,2.180704768355292
3136,21,5.101030263204927
3136,19,5.634901425723045
3136,16,1.920903379767921
3136,18,2.441409687882416
3136,7,2.3669250780437046
3136,8,3.727881113295399
3136,30,2.488044881074898
3136,26,1.9156139380486348
3136,19,3.2719049282218218
3136,24,2.1258652736998345
3136,22,3.1341605297343214
3136,23,4.0767058937280805
3136,20,2.144334601411313
3136,28,2.633087095279329
3136,17,3.037151663541201
3136,8,2.151573495231208
3136,3,1.6839776671193603
3136,9,2.481243748316536
3136,20,2.8111727286979717
3136,20,2.844247004381205
3136,13,2.9650242783844094
3136,12,2.0800546786626852
3136,12,2.9832073281072318
3136,15,2.717885570387501
3136,13,1.879671075128461
3136,6,1.2567784057635425
3136,8,1.890858970056512
3136,8,2.2026746642143786
3136,6,1.523283307510721
3136,13,2.3047612229221546
3136,31,3.3266450952744444
3136,22,1.7646140041085074
3136,7,4.045248171802225
3136,4,1.9070910784061172
3136,14,1.744655054224785
3136,7,1.3664551559676905
3136,24,3.3591537611040505
3136,33,4.059228406433123
3136,18,3.6526975873614376
3136,23,3.5507316249234755
3136,2,1.0080539119000658
3136,2,1.0280297291210254
3136,24,3.0996799606988277
3136,18,2.2048811859620225
3136,21,2.7505566565615625
3136,13,1.741194643121487
3136,25,2.038194559631108
3136,16,1.816360909408265
3136,12,2.178350539655566
3136,12,3.9952424654574537
3136,14,2.6686822561944448
3136,7,2.0983670676837636
3164,9,1.7821309032635628
3164,12,3.6718711599561917
3164,19,3.1869404781599284
3164,24,1.8752557752022476
3164,8,3.0810334133765016
3164,11,1.8721188082906464
3164,8,3.3957970387222076
3164,11,2.7991132943960535
3164,8,1.4771136516981742
3164,12,2.3326702676939117
3164,4,1.862485073244949
3164,13,1.8575548956194416
3164,7,1.6431985379815122
3164,7,2.5039924084013476
3164,16,3.0593176050310547
3164,12,3.3791458445982854
3164,6,2.070844204200451
3164,6,1.8763433909649339
3164,20,3.9598961906081063
3164,18,2.1681625368268875
3164,8,2.729715081145323
3164,6,1.2851316909592296
3164,27,2.6017756437342
3164,14,4.547035203431178
3164,11,2.301435204471786
3164,16,3.0441290779295977
3164,7,1.5988089796356055
3164,10,2.54465791851882
3164,4,1.5857818930041152
3164,12,1.6343075825444169
3164,3,1.063229664896001
3164,3,1.428585366413572
3164,16,1.7260989616201972
3164,14,1.7409204144416874
3164,8,2.9620538497863182
3164,7,1.6365147668432556
3164,7,1.5471817504969538
3164,3,1.2152099848203743
3164,12,2.5563709440648896
3164,18,4.52828556655427
3164,11,2.0100472706847454
3164,10,1.8676611446755431
3164,7,1.8255888001350296
3164,6,1.731105304085873
3164,17,2.5143234990874106
3164,24,3.393740534725377
3164,14,3.536760956543153
3164,14,2.9584077174687593
3164,21,2.5390607505478897
3164,18,2.0136160119230526
3164,28,2.6023694877453374
3164,16,2.400362327854359
3164,13,2.164730864136919
3164,16,5.531064424924704
3164,10,3.3158068347365037
3164,7,2.8533899726574394
3164,13,2.060149680251922
3164,16,1.9805732092864532
3164,11,3.554923199210077
3164,8,2.9475403068170785
3164,7,2.086361595509342
3164,12,5.372781348455296
3164,6,2.613646655124952
3164,6,1.3903452928883033
3164,7,2.076193730063438
3164,8,2.0954682959280135
3164,3,1.5563168559989162
3164,12,2.7344179550425918
3164,23,3.0499495128209495
3164,24,2.169430030413914
3164,11,3.5007621050962188
3164,7,3.541494861993996
3164,10,5.929427875697852
3164,6,3.0743864963150154
3164,28,3.5722325594389672
3164,20,3.408963359247813
3164,11,1.4684490961312755
3164,11,1.866488731781987
3164,6,2.4377676929343464
3164,2,1.0679271971873814
3164,10,2.5778562342324083
3164,11,3.5447685994560993
3164,20,3.144530297541895
3164,13,2.7323365742863728
3164,13,1.8153337357649624
3164,10,2.196118520743435
3164,21,6.017681649665099
3164,16,2.172654467107153
3164,10,2.0820075048000724
3164,13,2.304845512082089
3169,11,2.4598732088610316
3169,12,1.6131393636762588
3169,18,3.7926097892516
3169,24,5.15529849288856
3169,6,3.282357452742446
3169,8,4.066202861230812
3169,9,4.6785764274087756
3169,8,1.872081897116385
3169,8,1.869286791147625
3169,12,4.200527742918197
3169,6,1.2897599971674119
3169,12,2.9107923585724733
3169,6,1.7140916620242046
3169,9,2.015724780665166
3169,11,2.95568553944253
3169,15,3.9816434367921376
3169,11,1.4198465535279141
3169,11,3.874430965703702
3169,21,4.606995438517997
3169,16,4.17433942411589
3169,19,1.8975186241508386
3169,15,3.4551339078832175
3169,24,4.380498607203631
3169,15,2.3644895699039323
3169,11,2.123626930980843
3169,18,2.733157672841332
3169,7,1.536696
3169,10,5.406820580868087
3169,6,2.033985820966911
3169,11,4.443389859449794
3169,2,1.2660387811634348
3169,4,1.4331190321180556
3169,12,1.8131254322478099
3169,20,2.6343436364409385
3169,12,3.9585794730094874
3169,14,3.928106110845176
3169,11,1.6830927465799683
3169,10,2.2293819222985642
3169,27,9.829997511615689
3169,19,2.1396378911987424
3169,13,3.050461013732536
3169,9,2.0937067390530912
3169,9,2.2741210893560067
3169,6,1.8796115157821713
3169,14,2.042867468817526
3169,15,1.5218582867469046
3169,22,3.173381671489568
3169,14,2.0372164948453606
3169,21,3.3351482111058446
3169,23,2.0283591167453414
3169,16,2.3542095770188833
3169,13,3.4408293609258362
3169,17,2.0799328037594136
3169,7,1.5116345520236847
3169,5,1.6597181023086847
3169,3,2.043211229346082
3169,12,1.6966322622962677
3169,15,2.090782540336774
3169,12,2.7804697262535534
3169,10,2.263594672565675
3169,7,2.3040432244921143
3169,10,1.6580743031090326
3169,4,2.6470338725378877
3169,9,1.668130785408506
3169,9,3.2095399188841975
3169,12,1.78074786486077
3169,2,1.0180589757618912
3169,8,3.1524068649019608
3169,25,3.1369550154490953
3169,27,2.696875923829829
3169,5,3.956931061247002
3169,4,2.471680432214348
3169,7,1.2734978460121658
3169,15,3.345142694596206
3169,21,2.5298081955447054
3169,31,3.2781724494150253
3169,7,1.3410490063965403
3169,12,1.8548468774143587
3169,1,1.0
3169,5,1.4033944946670136
3169,21,1.8972696762955437
3169,19,2.5605199926722078
3169,9,1.805395945679086
3169,21,2.3868457759487884
3169,26,2.2321727369357
3169,21,4.8673732817810755
3169,14,2.132381431075775
3169,14,1.6171870424485113
3169,10,1.9978015128194817
3169,15,1.7056948143791428
3209,16,2.758818455604956
3209,14,3.2558413139219233
3209,24,3.2607285539926636
3209,22,3.830258192364121
3209,8,3.327453270884832
3209,21,6.468232788534207
3209,8,1.9446131048734199
3209,11,3.4193451988008987
3209,8,1.5836984545865542
3209,21,2.501275863316226
3209,9,3.2375207976152995
3209,12,2.7310816996099097
3209,10,3.5594217613387817
3209,7,2.2953057453220755
3209,13,4.796577996173272
3209,14,5.63066737596183
3209,6,2.4005609356736253
3209,11,4.225326159766272
3209,24,3.3565303610826143
3209,22,2.732376993163077
3209,7,3.020861489056351
3209,14,4.279448376799369
3209,20,3.059459797346447
3209,13,3.2268404351914373
3209,15,2.433021107444108
3209,10,2.2390438863868387
3209,9,1.5688943680859775
3209,5,1.4449334319526628
3209,7,1.8788896346051636
3209,7,1.4912354168276287
3209,4,1.1141357767596836
3209,7,1.7602630191534565
3209,12,3.775647307212802
3209,8,2.012546058666359
3209,9,2.467460324486139
3209,13,2.7265821387515867
3209,10,2.176632902040386
3209,9,1.4816334456725933
3209,15,2.8764708578102502
3209,17,1.9465023464830427
3209,17,1.780960582756979
3209,19,3.3214924419230316
3209,5,1.9159469816122852
3209,6,3.222002031321259
3209,23,3.9602667969920193
3209,29,2.5976227781149874
3209,26,2.790807699220406
3209,21,2.694404070560068
3209,26,2.1712651267755025
3209,26,3.3226439481475043
3209,15,5.086084485358034
3209,12,3.9725235988048095
3209,16,3.444365424514502
3209,8,3.2535733139078546
3209,7,2.1389168763431683
3209,9,2.3429563481437214
3209,15,2.0329611194117567
3209,21,3.048471693005663
3209,11,2.466431392089034
3209,15,2.615381060360652
3209,12,2.5400853704668185
3209,20,3.196704373159559
3209,10,3.230610385864812
3209,6,1.98116454795563
3209,5,1.5622375840009097
3209,10,3.726246165638059
3209,7,2.187503945208938
3209,9,3.678119517003121
3209,32,3.175762565353371
3209,29,2.3537891484993434
3209,8,6.256879256608606
3209,7,3.061094139544489
3209,10,3.4934776467413533
3209,5,1.512024623041774
3209,23,3.7169681281013425
3209,34,2.5845294845024407
3209,6,1.900970089256126
3209,21,4.053814326809156
3209,5,1.1034058681418717
3209,4,2.353303047091413
3209,13,5.048129946124322
3209,13,3.221628712218075
3209,11,2.179968531729313
3209,14,4.347832093492222
3209,24,2.595229356872694
3209,31,3.163119148226251
3209,20,2.6646823202888545
3209,17,3.6613285494442382
3209,27,2.3465376862562493
3209,22,2.9594192147946283
3212,13,3.8066944451065208
3212,18,2.9207655295806263
3212,16,3.45074697918903
3212,31,3.8197430576655087
3212,12,6.637217934754261
3212,15,3.872842754273228
3212,7,3.4968512125422304
3212,11,2.0213258736786357
3212,12,2.1728091379135823
3212,9,1.8923092228884617
3212,10,2.438777842384625
3212,9,4.141535502101883
3212,9,2.118717092137447
3212,7,1.9002120861812586
3212,15,2.66338182927914
3212,7,3.6164683988050137
3212,5,1.5895606051185862
3212,7,1.6333519042220364
3212,19,2.3512684371520294
3212,33,2.728510221343371
3212,13,2.9654745670335974
3212,7,2.700070278114679
3212,21,2.799061359681422
3212,11,3.151668785086349
3212,12,1.6531663329814614
3212,10,5.874046377007825
3212,3,1.29182076446281
3212,6,1.9216966054231268
3212,4,1.386063419090396
3212,8,1.5694756936263126
3212,7,1.9799506205537536
3212,3,1.2898296468954573
3212,11,2.3157509203409448
3212,12,2.9937721779586806
3212,17,3.290653679274881
3212,11,1.6935289532915683
3212,7,1.3319964783685838
3212,1,1.0
3212,17,2.911368752643856
3212,18,2.37170994885627
3212,18,2.644827198614975
3212,21,3.013743886626826
3212,4,1.668099173553719
3212,7,1.4380052956525313
3212,32,2.412326471602869
3212,24,1.850388802288304
3212,22,4.198330147231599
3212,23,2.2071161634802343
3212,25,4.793516335341453
3212,22,5.937399414098577
3212,23,2.6545422797865887
3212,24,2.5155267361566254
3212,10,1.7692270278068982
3212,10,2.12245952310866
3212,6,3.2594010471065555
3212,5,1.9936744754722207
3212,21,2.717000510026564
3212,24,4.797199737568425
3212,15,4.210810662933145
3212,17,2.2730581784809463
3212,19,3.453865804132235
3212,26,2.3725733684271573
3212,12,3.1145424052666946
3212,10,1.868357566550926
3212,8,2.9004047362382086
3212,11,1.911777218137464
3212,5,2.160026195723479
3212,11,2.103679861853903
3212,29,1.8450850987559617
3212,26,2.0451764138265816
3212,13,2.591527886193512
3212,7,3.012728101741157
3212,7,3.345125187105326
3212,8,1.5154254735626247
3212,25,4.188896269272889
3212,20,3.2146314178593203
3212,11,1.9415837154388054
3212,15,5.188585217277091
3212,5,2.108691542701125
3212,4,2.4032686399572296
3212,14,1.7159466265992611
3212,16,2.956476445084504
3212,16,1.8286068826611293
3212,13,2.060458455918519
3212,12,2.3026214130041134
3212,16,2.6334770979848123
3212,22,3.071616415504039
3212,27,4.46071838482153
3212,23,2.1529184591118695
3212,22,2.6773147817621976
3243,17,2.5842408789034947
3243,18,3.8167716090580686
3243,24,2.679810297367222
3243,30,4.045274775324251
3243,11,2.453856357472795
3243,16,1.8285002057305266
3243,8,2.095221935112678
3243,11,2.8559286971357607
3243,13,2.2178013101536913
3243,15,3.835053826746309
3243,8,3.711935413613258
3243,16,4.800284375282699
3243,7,2.2068750531357155
3243,13,1.7686500391293505
3243,18,6.372787268407778
3243,16,9.398993611914387
3243,8,3.1581081486161664
3243,4,1.8872686978162512
3243,24,3.6928182867776784
3243,27,6.702468367234995
3243,8,1.6594629265540195
3243,18,2.2580780005047614
3243,12,4.414681717003379
3243,17,5.398778261754529
3243,11,3.2545129516649465
3243,8,2.352687330810027
3243,8,1.5213023285480252
3243,5,1.4987234995442202
3243,7,2.4875472161747005
3243,11,2.121528003598682
3243,3,1.2017924125693493
3243,16,3.671113123731181
3243,18,3.273779905956668
3243,15,1.9441608630650373
3243,17,1.758617469598292
3243,6,1.5607837484797982
3243,5,1.4211433496121804
3243,19,2.1328984854291124
3243,19,3.1834192522652023
3243,8,1.3873722407689293
3243,11,2.8893884939949808
3243,10,1.3142499555555556
3243,10,2.2763154619453347
3243,21,2.3203841115726678
3243,34,2.638921480030776
3243,17,2.2375582916684142
3243,23,3.1347304825183295
3243,24,2.250664060725293
3243,29,4.128958275118969
3243,20,2.320223554274868
3243,34,2.727452710303074
3243,12,2.3280959582505116
3243,7,1.8509635178923847
3243,6,2.4708543469767155
3243,6,1.7184358645193254
3243,14,2.3521011448956184
3243,28,3.117121759009797
3243,20,2.888959186047968
3243,20,3.123708948952055
3243,12,2.3153795814914817
3243,22,4.900673313829273
3243,9,2.9891172510828667
3243,13,1.9832560766870715
3243,6,1.338212074163479
3243,17,2.9612214118940394
3243,5,1.8119996879263083
3243,14,3.571701569011727
3243,34,6.692904217917938
3243,23,6.61753312573664
3243,11,2.879791401282097
3243,9,4.303253127129845
3243,12,2.498594894616889
3243,24,1.9863531843210855
3243,19,3.4379710542761175
3243,26,2.597407151988675
3243,10,1.7730643995839872
3243,12,1.9554647926020943
3243,5,1.1040412677654265
3243,8,2.33821717883606
3243,9,2.606094590987406
3243,19,1.9901396840882473
3243,17,2.2317187668461638
3243,25,2.198954948634063
3243,14,2.974876669256999
3243,15,2.220971741867101
3243,19,3.1392440932781174
3243,20,1.7170232659718951
3243,17,3.381593755348672
3243,19,2.8685191988474084
3256,22,3.2491018235529245
3256,16,4.910987071159944
3256,19,2.013247353124482
3256,26,6.591712455534884
3256,14,3.8096297542476294
3256,16,1.5502543765410235
3256,8,1.51611022986747
3256,7,2.313245216702557
3256,10,1.8847890821993516
3256,10,1.965441989789817
3256,6,1.9808909047464869
3256,8,2.0691814490704856
3256,7,2.1087902794050324
3256,5,2.042864551886852
3256,16,4.376905426720662
3256,11,4.905357757678462
3256,7,1.721457976082179
3256,7,2.2828582312382517
3256,19,6.52075074257112
3256,15,5.924101501476743
3256,9,2.1096973380716637
3256,12,1.8161754498679639
3256,15,3.4473853124022305
3256,15,2.577361276679528
3256,12,1.6194272794498892
3256,7,1.9652935006004337
3256,6,1.8378721607483022
3256,2,1.410329149833462
3256,3,1.0126310249550459
3256,3,1.8180365447772708
3256,2,1.3191258848876577
3256,1,1.0
3256,10,1.729971567241415
3256,14,1.7838886032110193
3256,14,1.4943795612528106
3256,15,2.307090961882783
3256,5,1.4075628566154932
3256,2,1.0019382144693643
3256,19,1.8187855418493297
3256,18,1.7259171074498334
3256,12,2.66822784591029
3256,17,2.2194706340683443
3256,7,2.301911333068389
3256,5,1.4156766968664392
3256,26,2.2410186716937104
3256,21,2.230368528354909
3256,22,3.6535436555493552
3256,17,2.529471893124156
3256,19,3.2277257971550934
3256,24,2.4661055171823207
3256,27,3.011650434981405
3256,19,2.5309184788314663
3256,8,2.155965418012718
3256,8,1.3702585784829293
3256,8,1.8859496195211598
3256,3,1.3706734243309657
3256,11,2.8573910433087413
3256,17,2.365295690915992
3256,19,2.237397978104679
3256,17,2.747366982103316
3256,10,2.045116719274283
3256,24,2.4935732227693403
3256,7,1.5787871497074857
3256,6,1.9125296844476147
3256,4,1.2813625835060096
3256,9,1.26110328695267
3256,3,1.6887900362528947
3256,8,1.753838445613817
3256,22,4.784599630337318
3256,27,4.308255694068611
3256,14,2.8062313000131183
3256,8,4.297139695558586
3256,11,1.2843689552556063
3256,14,2.32696394185323
3256,9,4.196046548965976
3256,13,4.895561833954758
3256,10,2.210966096577175
3256,7,2.2976232763695026
3256,4,1.2612139424088618
3256,4,1.2373465140478668
3256,12,2.5224882121052645
3256,12,2.8132874174757605
3256,10,1.5696043156229453
3256,10,2.0846596970080804
3256,21,2.3686987943100632
3256,16,2.2129829385163635
3256,13,2.3834335689739556
3256,18,3.914765659655718
3256,15,2.5308817324632686
3256,23,1.9858156021233384
3257,20,3.794209506650162
3257,19,3.500701779156611
3257,27,4.291155450115799
3257,27,5.36544117904087
3257,10,4.798263949929517
3257,22,7.333602193301227
3257,12,6.540950140083347
3257,11,1.7986713895556914
3257,13,2.335028165949425
3257,10,2.0561797599915796
3257,6,1.9199037922233162
3257,5,1.3331916342783112
3257,6,2.181763010165377
3257,6,3.4630657609324285
3257,10,1.8390140589145445
3257,13,2.800618704063065
3257,6,2.298575194438358
3257,3,1.2828314705237782
3257,24,2.897866527867397
3257,16,2.0823097757621567
3257,14,1.6587711711742557
3257,11,2.948243026141209
3257,13,3.0692597971288293
3257,10,4.945703246723495
3257,11,2.04639014807029
3257,24,3.2975004656131506
3257,11,2.0695870241351777
3257,11,1.4886540504203407
3257,3,2.4711368357377648
3257,6,1.501280971396207
3257,8,1.30440215301807
3257,14,2.3216829480151535
3257,18,2.6374627929983525
3257,7,1.4542334595904873
3257,10,5.050243774275504
3257,11,1.6129749657064472
3257,1,1.0
3257,19,3.326412164703048
3257,16,3.5283678847968596
3257,14,1.4481157072099886
3257,17,2.8925195649234237
3257,6,1.9211525105179488
3257,6,1.1181836292401404
3257,22,2.2230111520650024
3257,29,2.072376825758787
3257,28,2.5271795545205373
3257,24,2.070923853955718
3257,26,2.465488826277794
3257,34,2.5814811433828955
3257,14,2.43348886691766
3257,15,3.042152524245269
3257,15,3.327609456222201
3257,9,1.526641969360517
3257,16,3.340310513094886
3257,7,2.184799709022327
3257,24,2.896202085992633
3257,26,2.0814886940857344
3257,20,3.9544901146731015
3257,18,2.282302803202458
3257,15,6.0162195850418785
3257,17,2.4350375675480644
3257,8,4.114929051424568
3257,10,3.763897050100273
3257,7,2.6094882889514173
3257,9,1.6674390317742365
3257,7,3.701734981100716
3257,9,2.575756881697275
3257,34,2.1987074302922838
3257,25,2.958999815845211
3257,13,3.0101462549442792
3257,6,2.924073978028601
3257,8,4.900074609849152
3257,12,1.2227276307498425
3257,25,5.729347024504908
3257,16,2.8198041720119806
3257,9,2.834015624145463
3257,8,1.9036512336459608
3257,4,2.5164538091847635
3257,5,1.6404176183315757
3257,10,1.6528612528347935
3257,20,2.3154862337911
3257,17,4.059111084065294
3257,19,3.196403697034532
3257,21,2.720714248104674
3257,18,2.3282574049540576
3257,28,2.641714724177461
3257,27,2.7104869948014527
3257,25,3.680980967381801
3257,18,2.2822026947188645
3311,19,3.4255469842965085
3311,17,3.0213557880228867
3311,19,2.7779426478203666
3311,28,3.672516968272567
3311,11,2.43425327081808
3311,18,3.174713042792026
3311,7,2.634009580314716
3311,7,1.6993591950025442
3311,9,2.1118027885392485
3311,6,1.5251296053653927
3311,11,2.2302531886484944
3311,3,1.9406833580402982
3311,10,1.5657976265490443
3311,4,2.3008267230685346
3311,21,4.2439596070115435
3311,9,5.3623202964922845
3311,9,3.275121193890819
3311,2,1.0055063741587484
3311,25,4.846640356231098
3311,16,4.499664954148735
3311,11,2.401655220494198
3311,14,2.4444004781972257
3311,16,3.9247205386179793
3311,14,3.3817215876345084
3311,6,1.6751997249722588
3311,6,2.29892245693913
3311,3,1.6215133666992188
3311,1,1.0
3311,2,1.1807198180489495
3311,4,2.4885302608747124
3311,3,1.2472510186385923
3311,10,2.116374237727622
3311,13,1.691668626663624
3311,17,2.9630826728156032
3311,12,6.751245431077777
3311,8,1.4404097940097147
3311,1,1.0
3311,10,5.454538478713072
3311,21,1.9981974395809616
3311,14,1.9134102373407489
3311,12,2.4561405812702124
3311,9,2.4353320876882827
3311,5,1.9909134639256347
3311,37,5.337187017072541
3311,27,4.552896707511786
3311,20,2.692722659736311
3311,16,2.8567812859935406
3311,29,3.772798251344853
3311,21,2.2954641440164183
3311,18,2.6844088957108685
3311,15,3.180286297882962
3311,8,1.9766270503272927
3311,8,3.1686022939550367
3311,6,1.6958460451666453
3311,8,2.8527511870483018
3311,10,2.985368826266327
3311,15,1.8057816445985193
3311,20,4.622764833042233
3311,17,2.3892571936819653
3311,16,2.374440742932745
3311,18,2.7075040900804557
3311,8,2.7390404752623794
3311,4,2.1587809045742024
3311,5,1.4881646582141523
3311,6,3.1397299540219903
3311,5,1.5526753864447087
3311,7,1.3630331622669587
3311,32,2.4009457543377595
3311,25,3.7433505547272734
3311,13,3.181106736577012
3311,9,7.090554413324538
3311,11,2.46701342828398
3311,10,2.175883308324335
3311,18,4.92443507714764
3311,20,5.373218182239534
3311,10,2.317174669353135
3311,16,2.1786133377509356
3311,1,1.0
3311,2,1.547984483049418
3311,15,2.2444826494800707
3311,11,2.5577774964729207
3311,18,3.5822543963054163
3311,13,2.3288385649994696
3311,21,3.0427917494418937
3311,12,2.292886838076935
3311,15,3.0673904192543913
3311,18,3.0649528934982952
3311,14,2.4271577068227024
3311,15,1.7375245515112465
3324,23,3.8414562096463807
3324,13,2.820900897434948
3324,24,4.051554991332354
3324,23,5.109228651735741
3324,15,3.4406415137488753
3324,14,2.8040442522156517
3324,13,2.170264781760527
3324,8,1.7585938007830237
3324,13,1.9149315716509108
3324,13,2.425834765292078
3324,11,2.1286822690425335
3324,21,2.9061688857738432
3324,11,1.6778070335604218
3324,7,1.5665844943650762
3324,13,6.857207547907436
3324,8,2.568903308951169
3324,7,1.837914996773995
3324,5,2.2254152825338864
3324,21,2.47916302580664
3324,21,2.3778234192512437
3324,10,3.5981092940871235
3324,7,1.718714716886901
3324,18,3.390782691388511
3324,13,2.133440228223681
3324,13,2.557518689115741
3324,16,2.1723137831892734
3324,6,1.330376780241572
3324,6,3.1282202919435425
3324,5,1.8831635278218608
3324,10,2.053096540478243
3324,7,1.5538195540335815
3324,6,1.75353031361673
3324,17,2.0453008664118824
3324,16,2.120609858300662
3324,17,4.4528831224072585
3324,10,2.7623050033120893
3324,10,1.331398695908949
3324,7,1.8886481381946312
3324,17,1.7967800176091735
3324,27,2.930360860208029
3324,20,2.266339808074628
3324,18,2.573242204588915
3324,13,1.6788019439956567
3324,6,4.625091777751257
3324,30,2.576974586429446
3324,30,2.0205471894121643
3324,28,3.5142081462161325
3324,26,2.394222759967975
3324,20,2.956992969606219
3324,21,3.238116008979202
3324,17,3.634355492204188
3324,12,2.075730014371451
3324,13,2.7196083888961717
3324,7,1.7910827253244541
3324,8,4.781053028255936
3324,5,3.5737567740807643
3324,24,1.8901452560605987
3324,20,1.9389567802543022
3324,21,3.557975889318259
3324,14,2.7356939823267052
3324,6,2.300048764869541
3324,20,4.428800193053642
3324,12,2.6780405684077317
3324,6,3.042282249067333
3324,10,3.5497249660198573
3324,10,2.128197758493219
3324,5,2.607337759637983
3324,7,4.5179153804703205
3324,24,3.628949793363887
3324,26,2.9516520923703986
3324,9,2.945086548459966
3324,2,1.1961438109476779
3324,16,4.05749223556642
3324,8,1.2738956554814758
3324,21,5.267841175566279
3324,26,4.942476163628606
3324,24,4.072758726417931
3324,19,3.1932119482594246
3324,4,1.2192292269993317
3324,4,1.2969483299375015
3324,20,3.6708548485936427
3324,21,2.4832367443469985
3324,13,1.857316000862781
3324,14,3.4608701023763406
3324,22,2.116016950665138
3324,24,3.657309347727291
3324,30,1.8269030087773106
3324,20,2.533441840094291
3324,28,3.6996304069462806
3324,20,3.486120300569764
3326,17,1.9419324923426897
3326,18,3.2743782102075834
3326,25,3.026072821928161
3326,23,3.38912150191082
3326,15,2.2041201049873305
3326,13,2.2407711394441914
3326,6,1.9136212147084646
3326,5,2.6271238910833925
3326,17,2.1776983934218843
3326,10,2.8485537050900582
3326,9,3.41656133427085
3326,7,2.3740804777378344
3326,7,1.1920870804838273
3326,4,2.1381792528890085
3326,15,4.4270717075643
3326,8,2.3132409833174097
3326,7,1.9650800891964628
3326,12,1.8935132527251028
3326,18,4.629703496306198
3326,20,5.210918808075356
3326,12,1.5304657265731871
3326,10,1.8066295653184734
3326,20,3.488545672770714
3326,13,2.4824621290064313
3326,5,1.2418627970926435
3326,13,2.621059159313028
3326,8,1.3956307931718022
3326,3,1.050322136736098
3326,6,1.814663413137584
3326,3,1.2308201058201058
3326,12,2.525475478207704
3326,12,1.7902396146493251
3326,9,1.4883116819407565
3326,11,1.7433311573333334
3326,12,1.7882237068642142
3326,3,1.1116844936510915
3326,15,4.831348164876302
3326,17,1.7484408882985585
3326,18,1.7267066054784257
3326,10,2.033334022146852
3326,6,1.3957579438619323
3326,9,1.943972045895796
3326,23,3.76501959549636
3326,24,2.302503300846974
3326,21,2.993356067567706
3326,18,1.9206893326455672
3326,14,4.593625625170414
3326,14,2.626987023634857
3326,13,2.24691805647282
3326,15,4.974643542084398
3326,10,1.560331470283956
3326,9,2.5177574964057996
3326,6,1.5742543159242106
3326,5,1.4803651842633891
3326,15,2.4441134287162836
3326,16,3.6027904157427426
3326,17,2.638496885420162
3326,12,2.322153646660222
3326,14,2.1727414012287323
3326,13,2.028015969318958
3326,7,1.3632528259043355
3326,6,1.6432227795167953
3326,5,1.16777443524292
3326,10,1.6886375479707605
3326,3,2.0854414030500013
3326,10,1.7997696036225974
3326,32,2.1956400995730196
3326,27,3.8221059279015206
3326,13,3.042477058912874
3326,8,3.362487620567234
3326,5,1.5818801430259914
3326,16,2.077823619564609
3326,14,2.9128909971615853
3326,21,5.38090575352165
3326,4,2.9483035311795645
3326,13,2.188189569442757
3326,3,1.9507753356180269
3326,3,1.694553361667812
3326,12,1.3691538447859561
3326,17,1.6647703553135462
3326,14,2.3838191898911383
3326,18,3.4527608073104012
3326,25,2.504966372894661
3326,16,1.7333252534866812
3326,26,2.704879538251939
3326,17,2.0005056085691693
3326,21,3.7581069308768016
3326,18,2.6585165776424837
3332,20,2.827364379640709
3332,22,2.9439632651410284
3332,25,3.533753121602744
3332,36,3.44737346326004
3332,19,5.022169863983266
3332,20,3.2316727667359317
3332,11,3.8940806392663587
3332,18,3.4574520629243337
3332,9,3.100170475342049
3332,16,3.0672572812847982
3332,10,3.303597683067548
3332,12,2.207200682832612
3332,14,3.687839270614628
3332,6,1.615268341268267
3332,23,4.789947131924463
3332,23,3.3988815623767636
3332,12,4.7161778788779385
3332,7,2.1224688365650968
3332,37,3.7139863781971543
3332,24,4.261382672285914
3332,16,7.65087138362395
3332,10,3.232544146464246
3332,30,2.7652379031711294
3332,12,2.882596411341722
3332,21,2.1158660314965156
3332,16,2.223469545912229
3332,11,1.2680818439285337
3332,11,1.960714042846212
3332,6,1.429253291292152
3332,7,2.0745868643862884
3332,8,1.5776939607911933
3332,7,1.6327275209086334
3332,21,3.314019398443505
3332,15,1.7010977515612522
3332,22,2.5856528663103777
3332,16,2.6511696904876842
3332,17,2.0176024478275987
3332,3,1.021370453877071
3332,23,3.5376800051925534
3332,16,3.2068302475899815
3332,15,1.940384044120191
3332,12,2.333530995579465
3332,12,1.608658026153735
3332,6,1.937852316095375
3332,27,2.823143930355319
3332,32,2.2396842877243444
3332,29,4.193282669075112
3332,24,2.7116630764925893
3332,27,3.3583270441878277
3332,28,2.7082823481418528
3332,29,2.5963044415298406
3332,25,2.534698880597339
3332,17,2.6603960702617218
3332,12,2.238291396391045
3332,20,2.697827139278751
3332,9,1.9899997550909048
3332,19,4.56351336232978
3332,13,2.3008456488867783
3332,14,4.52097128356687
3332,17,3.061941364553741
3332,18,2.692369703391572
3332,24,2.8595073463601444
3332,11,2.9060437830407633
3332,6,2.739103546870047
3332,9,2.783539981166992
3332,8,1.6606997576384088
3332,8,4.219658566614972
3332,11,1.7670076533594858
3332,39,3.9707746643252704
3332,30,4.138001613188272
3332,13,3.476617206121483
3332,13,2.4558905388008907
3332,7,2.671110195951419
3332,14,2.375541955076613
3332,26,3.647156933358464
3332,28,3.6373745609661423
3332,8,2.1000428309720767
3332,15,5.336878462015779
3332,4,1.6669308549239839
3332,4,1.0423085151132745
3332,15,2.249153522935438
3332,17,3.308865495247066
3332,25,2.057652436425672
3332,17,2.913048882474915
3332,20,2.4074661220986426
3332,17,3.1879389750054945
3332,19,2.1054267009183065
3332,24,2.4101417904246834
3332,26,3.096034479214823
3332,17,2.1273380565901334
3362,19,2.3468596086858997
3362,19,2.9510351874904894
3362,31,4.000810707029728
3362,29,4.45701705702064
3362,20,5.459387359247101
3362,28,8.660407948196138
3362,11,3.2162871769473123
3362,16,3.4454927870423155
3362,17,3.3292190646393154
3362,24,1.6756798124910077
3362,9,3.6361919175328
3362,17,5.299444830447716
3362,14,4.789198765615705
3362,9,1.8724612554504523
3362,20,4.4056507994289635
3362,18,5.039305127164781
3362,11,3.2215005863282764
3362,6,3.0936063344570295
3362,33,2.8821208573517154
3362,20,4.772773456622009
3362,9,1.3344162307974823
3362,15,1.9741637706913242
3362,21,3.0408436981322344
3362,14,3.9910049946187307
3362,13,2.2418334986938873
3362,12,2.5819917186725263
3362,4,1.0578811068632334
3362,11,1.9229046814029447
3362,11,1.9051147492809588
3362,8,2.007577536314027
3362,5,1.2130068061789017
3362,3,1.15738718098993
3362,13,2.2614326871413555
3362,15,3.4967527487037326
3362,13,3.2064080519738942
3362,12,2.82918791083438
3362,8,1.7313145545993778
3362,11,3.2172735354427204
3362,17,3.1982139960534828
3362,16,3.927452392578125
3362,10,1.7945998712981504
3362,12,2.6981243825749237
3362,8,1.8168845379380896
3362,8,2.058574636810318
3362,31,4.9160139288632045
3362,23,3.5511359220080503
3362,33,3.629706986917616
3362,26,2.1850709503789516
3362,29,2.473657521540072
3362,28,3.3200495570768904
3362,15,4.624410440858581
3362,23,3.737731088352812
3362,12,3.3397799220467053
3362,12,2.550108670930729
3362,8,1.899948542965933
3362,11,3.5651831357448147
3362,20,2.0460128595408342
3362,15,2.054323659492224
3362,31,2.5948022522749703
3362,27,2.7268360477365716
3362,13,1.6882537677485943
3362,17,3.4351308938747636
3362,7,2.6389988053096314
3362,6,1.1455160166655283
3362,6,2.0853955433350517
3362,15,2.9439174694416708
3362,6,1.8521101939160491
3362,10,1.8203310994706916
3362,30,3.414149294362885
3362,31,3.930557621131281
3362,12,2.6967290016572374
3362,6,2.12196390042983
3362,14,2.703539500581032
3362,8,1.899948534457406
3362,23,3.7925846292588976
3362,28,4.95142780934962
3362,9,3.4030465346136323
3362,12,1.5448774785757826
3362,3,1.2569243219254966
3362,6,1.5069878020580414
3362,21,4.242657106273513
3362,17,2.122897035165089
3362,22,2.2922041359342
3362,21,1.9249238865899965
3362,27,1.9559530486228205
3362,28,2.219593144231094
3362,24,2.211690386086536
3362,20,1.9375617094364634
3362,27,2.595252144209188
3362,29,2.203944263607534
3389,15,2.250445066931428
3389,14,2.074112610563215
3389,24,3.9497765299588408
3389,29,4.789375389866133
3389,10,2.0852383168293547
3389,17,4.2189168670212815
3389,7,2.465138039939057
3389,8,3.70858657052003
3389,11,3.4822690816827278
3389,14,4.303654739726318
3389,12,2.071986834485115
3389,8,3.6342070034734126
3389,7,1.4459524692820331
3389,4,2.636748874107399
3389,13,2.494201654122495
3389,13,2.0824284640542867
3389,9,2.040300856065707
3389,9,1.99991460432175
3389,26,6.95285080195918
3389,20,2.4075644490201054
3389,19,3.2341040695277075
3389,12,1.897541640040101
3389,19,3.1291141593045775
3389,14,2.5169967202779477
3389,4,1.7084406320114136
3389,5,2.1621381681900984
3389,2,1.4361828773697758
3389,6,1.696949313022387
3389,10,2.271130346198045
3389,4,1.4522178290436305
3389,3,1.2111094911794722
3389,3,2.263187164426404
3389,9,1.6629002194951163
3389,14,2.112049041944631
3389,14,3.1624526687748133
3389,17,6.335662033135191
3389,11,2.7312468401158827
3389,5,2.2150572844337835
3389,17,3.8765875103010514
3389,21,2.704445178982207
3389,15,1.7443030072494756
3389,21,2.3332099833041418
3389,2,1.8254714107952419
3389,9,2.449449860857415
3389,32,3.829022575264454
3389,27,2.04345091948043
3389,26,4.302105408818202
3389,17,3.1300251580848326
3389,25,2.8193886313038448
3389,23,2.8386736315638355
3389,18,3.0084147760050763
3389,16,2.9826029659549005
3389,17,2.8097841431133816
3389,10,2.081545176359113
3389,8,1.9711936010000661
3389,4,1.3550296929452135
3389,25,2.925697594972228
3389,20,3.16882518378607
3389,18,6.050478597848202
3389,25,6.578681998049012
3389,15,3.474718969147853
3389,20,2.72985912961103
3389,8,3.9670084782071893
3389,7,3.0446689724753893
3389,5,2.013911057749161
3389,7,1.5324366376376162
3389,5,1.8978154858889544
3389,11,1.9847160521743987
3389,31,2.5024774545721353
3389,33,4.59814797992148
3389,6,2.3469473575189843
3389,12,2.334290619705221
3389,11,1.929709322056021
3389,7,4.573823412210885
3389,18,2.6108465972667116
3389,23,4.235058234183032
3389,13,2.594478339996887
3389,18,2.9598190643654783
3389,2,1.3870126238795633
3389,7,2.125287041633164
3389,13,3.068890719362015
3389,12,1.430576093075624
3389,15,4.2780127766067455
3389,20,3.5585157930049616
3389,19,2.71404200276128
3389,20,3.3912301861969225
3389,12,6.712236762352449
3389,10,2.0425663731769337
3389,21,2.8698110353040756
3404,17,2.3668893637092627
3404,16,2.337206617244367
3404,21,3.732076658121372
3404,40,5.736558806936307
3404,13,1.978112565321251
3404,20,5.3722230265226765
3404,8,3.363794397038728
3404,6,1.4020786308494928
3404,10,2.0372345181327765
3404,11,3.136450518183664
3404,7,1.8121645070376826
3404,10,4.051293360598069
3404,8,2.3165344484854344
3404,9,1.9710437350772767
3404,16,3.1195650157490133
3404,16,3.338086960071553
3404,11,3.4114276094558504
3404,5,3.8250293719354764
3404,27,6.888945835972126
3404,29,7.595795930073682
3404,12,3.071742892975188
3404,21,6.5733495112291385
3404,22,5.608903355632579
3404,24,7.113827424015167
3404,14,2.1043846555201533
3404,26,3.280604906269211
3404,9,1.449396323709367
3404,16,2.643002498223212
3404,10,2.09476063046179
3404,5,2.77146751769285
3404,2,1.065585960737656
3404,2,1.4787339200621723
3404,16,1.5908801639541563
3404,11,1.3974524917254456
3404,16,3.35470535357514
3404,15,4.839437345927326
3404,2,1.0827547382248077
3404,3,1.0028532331790259
3404,25,3.533737290760014
3404,18,3.588794991391734
3404,13,2.5488063894962303
3404,16,2.39681363214618
3404,5,2.596793915651789
3404,2,1.501417092768444
3404,37,3.0287375368879763
3404,26,2.878405011667151
3404,23,2.491582986026611
3404,25,1.9901107676236847
3404,24,4.7650932692307695
3404,30,4.411428649895977
3404,23,3.8121563868600026
3404,19,2.3279114751438352
3404,13,2.7990405429268796
3404,10,3.056363128469003
3404,10,5.142308993960275
3404,6,2.0260450275623367
3404,20,2.273907270638306
3404,26,3.6007936215298146
3404,23,4.691819099611794
3404,12,4.454399391200951
3404,20,2.8084777632088036
3404,21,1.766376643852758
3404,8,3.5690226821673106
3404,3,2.161976245194558
3404,8,1.7741990527347586
3404,9,2.8647183221875983
3404,4,3.5871270892525517
3404,4,1.7637705336190184
3404,37,3.0194370136554407
3404,28,3.082393030872608
3404,12,2.8641026461269923
3404,9,2.9578263640777545
3404,16,1.9374293212357496
3404,11,2.2410488178058814
3404,29,5.403112044899885
3404,28,5.509586334986063
3404,12,4.583389655802793
3404,16,4.176093986766567
3404,5,1.6891473656008351
3404,4,2.347319247979806
3404,13,2.1089299812836124
3404,15,1.984831196531377
3404,21,2.5649555250338465
3404,13,2.134603389081301
3404,22,2.1702023930027123
3404,24,2.355841685710303
3404,22,1.6863138228389687
3404,30,2.9773001506521046
3404,18,2.510429935802114
3404,14,3.0715573565429444
3422,14,3.333509921604196
3422,17,2.199579792465014
3422,18,2.533359774484359
3422,20,3.7704137219158387
3422,6,1.575920074834036
3422,17,3.3892797457968955
3422,7,2.3955451364366076
3422,10,2.4941304974823804
3422,8,2.024041003626611
3422,10,4.3349342664519845
3422,8,2.4787996139059616
3422,14,4.85997811855681
3422,6,1.296359419045897
3422,8,3.1582745484349615
3422,16,7.991758179866224
3422,9,5.570742956032547
3422,10,1.4484708729512095
3422,4,1.7436450018542482
3422,23,9.934732612876541
3422,14,7.716255416866616
3422,11,2.354013879494591
3422,6,2.309716067409568
3422,10,2.5084579449111923
3422,6,2.2110138117994453
3422,7,1.2791321007926155
3422,13,2.7065977532081704
3422,4,1.3500193108466323
3422,10,1.4225950163370356
3422,7,1.4055612609754655
3422,5,1.613294239998928
3422,1,1.0
3422,4,1.1844323512854193
3422,15,1.8453784489079712
3422,16,2.4142680299283303
3422,15,1.532397507434261
3422,14,1.8633460636003807
3422,6,1.5226767781940975
3422,1,1.0
3422,18,2.490439305171645
3422,17,2.8308714615485933
3422,12,1.5819390082742018
3422,12,3.332241066426132
3422,8,1.6294370258391422
3422,5,1.5033041453903493
3422,19,1.8876764247339821
3422,20,2.310805836915181
3422,18,2.8762953967282328
3422,14,2.736114595896029
3422,19,3.093654814705264
3422,25,4.078609752171196
3422,20,2.742075018354827
3422,15,1.913059544611349
3422,17,2.506357023690357
3422,14,2.478210169922994
3422,10,2.773888393038257
3422,14,2.35906462519583
3422,16,2.780007801205392
3422,20,2.5112036300212757
3422,19,2.1896384251688175
3422,22,2.4108904616316704
3422,13,2.855973179697656
3422,22,2.468022576135843
3422,4,2.149549341956206
3422,8,2.222640305465572
3422,6,1.8676852661924868
3422,9,2.018724003242929
3422,6,2.206730398842677
3422,11,2.5068290981102903
3422,27,11.37374250434235
3422,29,9.37991626107414
3422,11,3.10929451448083
3422,6,3.52490759853077
3422,9,1.6781301724250284
3422,18,2.1126196525908605
3422,15,4.1027410273602705
3422,15,3.0897167039386475
3422,7,1.9544883617556943
3422,8,2.2275904107755244
3422,1,1.0
3422,7,1.0611669428374195
3422,12,2.7577920212342777
3422,20,3.73898234295904
3422,13,2.182113813236485
3422,16,2.2142258720251733
3422,10,2.692570857722332
3422,20,1.9981429958764787
3422,23,2.0940797817929537
3422,14,1.9371190404576732
3422,19,3.510091654840841
3422,15,2.6293987336273164
3445,18,3.295631862557648
3445,20,3.0084901853188004
3445,25,2.6915633785341884
3445,24,4.428424378728768
3445,14,2.7684813017116445
3445,28,5.6762132072863265
3445,10,1.9021414720802603
3445,11,2.223683239514661
3445,15,3.614337614179312
3445,21,2.3337575212212047
3445,13,2.3404849768176987
3445,17,2.1414245713975695
3445,14,2.090622389954325
3445,7,2.2527119529589754
3445,18,5.741306024197111
3445,10,5.097311592966966
3445,9,3.5589847357590236
3445,3,1.1963016822303745
3445,22,3.961935180186802
3445,16,3.530980142684921
3445,9,1.9703181891058457
3445,7,2.344491588856044
3445,16,3.816324106807901
3445,10,7.476441996292299
3445,15,1.424155770048611
3445,9,1.7177150482995955
3445,9,1.4313929789608186
3445,7,2.5448880874812896
3445,6,1.8010139139060746
3445,4,2.2354715614056273
3445,6,2.291142980893148
3445,11,1.318244081599535
3445,15,2.570682443751709
3445,17,2.6008113044594516
3445,16,2.651349154376993
3445,10,2.076278588079674
3445,5,1.1748797578048247
3445,5,1.4956533489482455
3445,18,2.5034265215436884
3445,23,2.002935799051338
3445,15,1.9958818826558307
3445,20,1.8683302285798808
3445,7,1.0533177973234575
3445,6,1.4321736381386305
3445,35,2.1884753615346897
3445,24,2.090792658363469
3445,25,2.880013162580407
3445,25,2.3266216958335315
3445,30,4.013030712170192
3445,24,3.000444113598173
3445,22,2.378630262292567
3445,27,2.0665702217834747
3445,24,3.8153442431195503
3445,15,3.281826941741477
3445,9,1.9710372152683322
3445,4,2.05730437040704
3445,19,2.8281351499670815
3445,19,2.3670886948595857
3445,23,2.018319236616575
3445,17,1.989014539641654
3445,12,2.50573804342565
3445,23,3.820604195985764
3445,11,3.8831662558891336
3445,8,2.5204183542646237
3445,5,2.015680891162673
3445,12,1.8180080850390963
3445,7,3.4855029585798816
3445,8,3.1258166824164566
3445,34,3.7009039555361976
3445,28,3.9229843316757145
3445,13,2.903899994410467
3445,7,2.6383701832227557
3445,13,2.312972654844681
3445,15,2.631716668004339
3445,17,3.594635456086154
3445,28,3.2069789313802204
3445,11,2.564463007752546
3445,13,5.135455638944791
3445,3,1.7015289256198347
3445,3,1.6519589317208365
3445,13,2.458686940694971
3445,13,2.0293223527353526
3445,13,2.492354961820252
3445,13,3.1803281984874796
3445,20,2.6599010675798715
3445,16,2.231887956266144
3445,19,2.2741668932660706
3445,24,2.367009822904933
3445,19,3.9412445795750872
3445,18,2.6033649425019236
3486,21,2.500680087446237
3486,22,2.6357557768831383
3486,20,2.1905069684555403
3486,31,4.079351170860792
3486,13,2.1270884228840172
3486,16,2.702040981635523
3486,9,2.523940937294825
3486,8,2.0156491579856732
3486,12,2.5611646009383353
3486,13,3.52069117675562
3486,9,1.9787153827234372
3486,14,2.0007469380024347
3486,13,2.2247332499169032
3486,11,1.8413008823984107
3486,23,11.48748195914503
3486,12,7.501662860991376
3486,5,1.6451013559248309
3486,3,1.1211056207724732
3486,24,4.39563697161295
3486,21,5.420451158877997
3486,8,2.11169696746425
3486,17,2.208140812010502
3486,15,1.9971037502286395
3486,17,3.826267472910421
3486,8,1.6342422390158948
3486,4,1.6839194005304579
3486,5,1.1939052113811244
3486,12,3.6352481796544356
3486,1,1.0
3486,8,1.67292166209493
3486,4,1.763882157527962
3486,2,1.142626754187415
3486,12,2.1400878589292214
3486,10,1.9559263523811345
3486,16,2.545648674452016
3486,14,4.309263539653858
3486,10,2.6796471451464643
3486,2,1.017119399074155
3486,14,1.3601152005489343
3486,20,2.6597495243118456
3486,11,2.156322317057098
3486,10,1.9621184641872558
3486,8,1.3616410249544373
3486,17,2.2499665799934205
3486,39,3.1864417405533665
3486,25,2.9985239352242474
3486,16,3.6703123228920327
3486,25,2.988457126406392
3486,21,2.5316599203361205
3486,33,2.655862350818642
3486,16,2.705771701342927
3486,21,2.203206738754302
3486,13,1.4304759454641174
3486,12,1.690453181212133
3486,6,1.9661421761760094
3486,6,1.4261115190523745
3486,17,2.169623338320065
3486,16,2.0853316536462336
3486,14,2.5239788566270462
3486,19,3.2502612722738315
3486,14,2.1472057126530575
3486,17,2.924466670157578
3486,11,2.135078800440792
3486,5,1.5868681580212993
3486,10,1.6027531490278109
3486,12,2.209340938780478
3486,6,2.7042129290518226
3486,7,1.570703690465461
3486,22,2.7209719916822763
3486,28,3.663632884308912
3486,16,3.024190667904411
3486,10,6.070105856101433
3486,9,1.7557049161402671
3486,14,2.2311935765694555
3486,16,2.8519650393139813
3486,21,4.746353087632343
3486,12,1.6008366551836297
3486,15,3.834984015720649
3486,3,1.2165480465383511
3486,3,1.3054051550901977
3486,13,1.921075351996382
3486,21,2.0198433042699375
3486,11,2.197873825503356
3486,19,1.5665089271037134
3486,12,2.30610654175005
3486,20,2.237660235099489
3486,15,2.0667497212483266
3486,23,2.57656006517338
3486,19,2.0863606980451834
3486,14,2.566308666694009
3498,21,2.9322438382074596
3498,15,2.4830171044644787
3498,19,4.753236965230015
3498,33,4.928453689085274
3498,10,2.382049608389734
3498,16,5.402880514361471
3498,8,2.41237580869948
3498,3,1.401108664755377
3498,7,1.630348899308661
3498,4,1.8819775294361119
3498,3,1.2550247998664394
3498,4,1.695278834276662
3498,11,2.4228028968971422
3498,5,1.3758167055971862
3498,18,7.957023820272465
3498,13,7.210340539027831
3498,8,2.3764904654672327
3498,10,2.056766956256668
3498,21,6.978477447366531
3498,14,5.659945228425053
3498,7,1.5029362390398895
3498,7,1.3322841593809074
3498,11,2.8888581311403185
3498,16,4.0652919866695765
3498,9,1.5655338036829338
3498,7,2.1227668786765803
3498,4,1.0818704808686923
3498,6,2.1659064352682202
3498,14,2.0636218782329
3498,5,1.5896134377438895
3498,2,1.2529556393560315
3498,13,1.6202570046492268
3498,16,2.028405927251986
3498,13,2.2140139136160872
3498,19,2.2641242859888533
3498,8,1.219301725848046
3498,22,1.917792558678409
3498,17,2.0257986817158216
3498,12,2.5173890412288578
3498,13,3.290438759276716
3498,6,2.457956081188257
3498,4,1.475212390788081
3498,18,1.4739806047736694
3498,22,2.4682195233548905
3498,12,3.3094151252167703
3498,20,2.9076769313507995
3498,20,3.863976290030907
3498,23,2.450913629772117
3498,22,3.5260649379128863
3498,18,2.1624213083481223
3498,11,1.6907158287184068
3498,8,1.6177105948911212
3498,10,2.1246069127421503
3498,5,2.144432331361109
3498,12,2.8867754392154072
3498,18,3.464052929588211
3498,23,2.9983267323713036
3498,12,2.8483366857330514
3498,26,3.7348722284080664
3498,28,3.1942112615845364
3498,8,4.6515646928842305
3498,5,3.17349365022667
3498,6,1.490175128649081
3498,6,1.143080860580433
3498,7,1.526752791940536
3498,8,4.094508611906094
3498,27,2.1253902950631467
3498,26,2.3339805011766903
3498,13,2.2984866461708777
3498,10,2.863134330258228
3498,2,1.019940369905904
3498,11,1.5361435232661316
3498,12,3.4282696910297354
3498,19,3.5389475787797124
3498,11,4.592736245319419
3498,15,6.243950437909561
3498,3,1.0181937358276645
3498,2,1.0057245707818372
3498,16,2.488537477653206
3498,14,3.385104978058328
3498,20,2.9467277527436826
3498,13,1.7779258986212607
3498,13,2.1610622502882593
3498,13,3.594165339272823
3498,25,2.268863871379858
3498,19,2.0708143271596864
3498,19,3.265798546262098
3498,13,1.9654330617972906
3538,18,2.9688122938852937
3538,18,2.3299457577378413
3538,23,3.701188011610339
3538,30,3.4625917364958188
3538,9,2.4882559453125
3538,17,3.178966489412675
3538,7,1.6027191670434913
3538,8,3.3242723487797097
3538,11,5.36450914882689
3538,11,4.232295860123826
3538,5,2.484728999817932
3538,7,3.0062341504649197
3538,8,2.4192254033722747
3538,5,1.548422167139119
3538,14,10.855771110387865
3538,18,7.07950969521475
3538,4,1.7272774537284237
3538,5,1.725097931007891
3538,23,7.677050986826541
3538,28,11.041405022839273
3538,9,1.6140462338715293
3538,6,1.9940790821591792
3538,17,2.412978232470721
3538,9,2.8048324988968187
3538,8,1.5873635347909139
3538,16,5.231086623118993
3538,8,1.4183424032026022
3538,15,3.184428896068455
3538,5,1.8173719793682017
3538,5,1.4299608401566393
3538,4,1.2564048228383893
3538,1,1.0
3538,19,2.6236787172978566
3538,17,3.852734245586391
3538,10,3.132030324219553
3538,16,2.3790677800490285
3538,7,2.448173201127416
3538,9,2.112281612861424
3538,24,3.7869928595922557
3538,23,2.2777978961448095
3538,10,1.6409922936345738
3538,13,1.9215172086685262
3538,16,2.489044402486577
3538,8,1.7688503581771071
3538,30,2.580362965027428
3538,23,3.2434139920253946
3538,16,4.043224989558416
3538,23,2.7650087838624717
3538,20,3.4802899050484606
3538,25,2.5775049455559422
3538,27,1.9937421264007018
3538,12,2.80834333561957
3538,10,1.8699904314132902
3538,8,1.6757623266119612
3538,3,1.057208062203355
3538,17,3.2621119108977736
3538,14,2.1006602362565245
3538,16,2.3336373024836443
3538,17,1.8178214628584757
3538,23,5.917339516780425
3538,24,5.496235233305193
3538,20,2.86217609517007
3538,11,3.025359909977528
3538,6,2.4429157343163173
3538,4,1.6380221085860056
3538,11,1.814673340592204
3538,5,1.229905787342592
3538,9,2.6935150371301844
3538,30,4.19772187132032
3538,36,3.8369085644968406
3538,7,3.0206733282722547
3538,17,3.9237457435017147
3538,19,2.2719758510056476
3538,13,1.387975735489146
3538,17,8.555957050880453
3538,18,2.4755820495208654
3538,4,1.5708274830085802
3538,8,2.7131738182585
3538,5,1.7657274303066637
3538,3,1.762301569897728
3538,11,2.7021168179526325
3538,18,2.19140709162437
3538,26,2.557511504289225
3538,19,2.2166827023407887
3538,22,2.5527523458859984
3538,20,2.0365799104931317
3538,11,1.5009354634510534
3538,14,1.8029303880304859
3538,16,2.394170132766424
3538,16,2.923450856808215
3559,23,2.313744820869565
3559,19,2.704996018987839
3559,22,3.0906174239928728
3559,39,4.925277968399726
3559,24,5.336891986351618
3559,22,4.239502824927673
3559,9,3.0510353889399275
3559,6,1.7375088818969393
3559,21,2.0622183312273528
3559,10,1.826602162380212
3559,12,1.792928745796971
3559,4,1.305348891847443
3559,10,4.916696115119016
3559,5,2.0409481761741555
3559,12,5.569681144710562
3559,17,4.354425439166608
3559,7,1.6380837598049918
3559,3,1.4228193905817175
3559,27,4.141732465751572
3559,23,3.0965288964295277
3559,12,3.2307400424750843
3559,10,5.161890252377526
3559,18,2.4196690333887525
3559,9,3.301054518194248
3559,13,2.2246686413212284
3559,12,3.610091882029724
3559,5,1.2152433425160698
3559,6,2.7430415133197306
3559,1,1.0
3559,3,1.3995822260258546
3559,8,3.0273849397309407
3559,13,1.766998929313836
3559,14,3.2928474321797685
3559,16,1.9227107467020197
3559,17,3.8493905632112306
3559,6,1.838881477475312
3559,3,1.2255740548875984
3559,16,2.213572183419659
3559,22,1.8870110156369453
3559,12,2.3169232265490747
3559,15,2.4861346456404165
3559,4,1.1279483071438423
3559,9,2.496854360821782
3559,35,2.4272866864269096
3559,28,2.5508916374499893
3559,12,2.5713109691770244
3559,22,2.789837579022477
3559,34,5.49199095422514
3559,29,4.80926168253272
3559,25,3.5960947914308563
3559,21,3.5113550423720272
3559,13,2.2339774503402974
3559,19,5.40432492511327
3559,10,1.4896560453869945
3559,7,2.193843041115312
3559,15,2.5384674357602726
3559,16,5.727359643834435
3559,21,1.8839678350897988
3559,16,3.0204743843795847
3559,15,2.7163452342840233
3559,27,4.595449024356339
3559,5,1.70052682980787
3559,6,2.7464620645419884
3559,5,1.789963485312942
3559,8,1.3343032259116174
3559,7,2.3456366184534136
3559,10,2.414142543872931
3559,29,2.7655349814002452
3559,24,2.918181385684937
3559,12,4.115444685307695
3559,11,6.937551974571135
3559,4,1.1316875675069085
3559,6,1.3579396086615383
3559,27,2.6165499904354355
3559,25,4.881707674078417
3559,11,2.9354007351819256
3559,23,3.6861592394459834
3559,3,1.3050567107750473
3559,2,1.171048620637098
3559,12,2.7069372873885187
3559,12,3.6536913404772964
3559,20,2.1628701616196206
3559,18,2.7698447853494677
3559,22,2.4738530333048154
3559,16,3.222616107956798
3559,20,1.9666216551672198
3559,19,2.297520271274688
3559,21,3.841028979239131
3559,24,3.7078011439421545
3586,19,2.2367990089931067
3586,16,2.260737289649733
3586,21,2.5224709239645193
3586,37,3.3120522952288143
3586,10,2.141011840616649
3586,23,6.433769054666567
3586,7,1.9471262958428677
3586,14,2.0152266675608694
3586,19,5.735324099544543
3586,17,2.962752315316784
3586,13,1.6683675929113815
3586,8,1.9753582791090014
3586,8,1.7351870457240524
3586,5,1.4724638493741724
3586,9,5.9455475622785405
3586,11,5.482615394133124
3586,9,1.780904939622995
3586,7,2.3358791848508025
3586,22,4.544217804492453
3586,28,4.796906474039975
3586,9,2.4495274977506214
3586,20,4.724420475086181
3586,17,5.589550707373416
3586,15,4.910006157003652
3586,7,1.6366077645417982
3586,7,2.093184311719007
3586,5,1.2389610828341067
3586,7,1.899355702614062
3586,6,1.9760893752432407
3586,6,1.394175606955094
3586,3,1.0565347158204106
3586,2,1.2261530864197532
3586,12,1.750821045586086
3586,16,5.153389095281646
3586,13,2.5373603802358558
3586,17,1.7622325163523436
3586,13,2.0780025223124823
3586,8,1.4822668217745878
3586,21,4.35495941873311
3586,19,1.9723809681017221
3586,22,2.3367354010589785
3586,21,1.63418546896014
3586,6,2.7080726201482435
3586,9,1.3848418744544861
3586,29,2.9378569275401136
3586,25,2.5764030296571554
3586,19,3.548738382660236
3586,26,2.71001235383021
3586,24,2.060872889054193
3586,26,2.3467578773195377
3586,22,2.2356620618566363
3586,22,2.7969559842335396
3586,9,1.9134466113576327
3586,8,1.4649957134823623
3586,7,3.509697883176895
3586,10,3.1846657111433463
3586,21,2.0343923349223867
3586,22,3.319176507416525
3586,21,1.646307844781569
3586,22,2.072716306377885
3586,18,1.8696436248705393
3586,30,4.063893843958991
3586,11,1.7451527652504402
3586,8,2.5740256673630877
3586,6,2.2124081408392664
3586,10,1.4630406854999294
3586,6,2.5049166448628792
3586,14,3.8193356230976008
3586,33,3.3543953986404857
3586,26,4.383370772399593
3586,9,1.9181380454205172
3586,11,3.563765196153628
3586,12,1.7123704390012022
3586,11,1.623528432313001
3586,25,4.061629528589714
3586,25,3.244207329016989
3586,4,1.8608408459563148
3586,9,2.2561788663923097
3586,4,1.1237908841130642
3586,5,1.6029513442040506
3586,14,2.616626936560455
3586,13,1.4488895835144089
3586,22,2.096359583489213
3586,19,1.7556226638230266
3586,17,2.311766309680128
3586,19,3.834648098820019
3586,13,1.6855776577127586
3586,22,2.2574915060655765
3586,27,3.0400733282675625
3586,18,1.9944321660690603
3642,15,1.7766643464355492
3642,23,5.076044345643613
3642,28,2.4710435492115854
3642,25,4.220088633863238
3642,16,2.3520715868267486
3642,30,2.625292598926289
3642,8,4.1406390437421186
3642,8,2.3219128993168265
3642,9,1.6664886133269574
3642,22,2.7743510798794486
3642,5,1.783942799921894
3642,14,2.66453709277208
3642,8,1.8241273053803682
3642,8,3.389214791782636
3642,17,4.845185331431059
3642,12,5.393258386185556
3642,3,1.3267577499490495
3642,5,2.225812713207153
3642,24,3.2775347531169507
3642,20,3.8047040497197293
3642,11,2.5077110611686173
3642,11,2.8433878260448107
3642,17,4.111917029243147
3642,8,3.0528473237656146
3642,12,3.791736470194934
3642,22,3.0771503036692307
3642,5,1.0905194915562895
3642,9,2.0075249509863013
3642,6,2.818734181301653
3642,4,1.2237131904454746
3642,1,1.0
3642,6,1.5219631144973422
3642,17,2.317310196771587
3642,18,2.3589908137693976
3642,15,2.49665688662574
3642,13,3.263115709123339
3642,5,1.7218514044438984
3642,1,1.0
3642,23,2.398750695379521
3642,19,2.075952238464313
3642,7,1.3307834316328062
3642,14,2.584765966484373
3642,8,1.8168098345500514
3642,4,2.3548614156406362
3642,27,2.505956770988136
3642,24,2.8292601202047987
3642,20,2.258659986847451
3642,23,1.985573761004789
3642,18,3.40699795899292
3642,18,2.0639030091227006
3642,20,2.5326947801054054
3642,28,4.03864984177272
3642,15,2.5125202740485815
3642,13,2.58421501739795
3642,14,3.0759091703224306
3642,11,3.275191517956037
3642,15,1.8737546053253706
3642,25,2.2464393253017567
3642,24,2.275531062290815
3642,18,2.4017253408008252
3642,9,2.7873026433613846
3642,21,3.4417424780696644
3642,13,4.962925999915276
3642,4,2.061707176360302
3642,7,1.6962779357765563
3642,11,3.6552151200351832
3642,5,2.365972792626678
3642,13,2.002154961846225
3642,29,3.747511164918662
3642,26,3.8531307477032213
3642,11,3.7294317809426323
3642,8,2.8638571437861953
3642,11,2.314974161862578
3642,19,2.7676819293644366
3642,10,2.4918684311245545
3642,26,2.8055604041733306
3642,11,3.2116376428380065
3642,18,1.850831076725632
3642,3,1.5963964317223802
3642,3,1.294437554091733
3642,23,1.8737072121568343
3642,17,2.196980361133463
3642,13,2.052255177763636
3642,16,2.6195962042231455
3642,14,1.7179516095076612
3642,16,1.9228654596343646
3642,14,2.3218157698946316
3642,24,2.156602718927379
3642,19,2.922143346381239
3642,29,2.5120889521115615
3651,16,2.4872659754541564
3651,17,2.414623418606544
3651,27,2.9781283078201817
3651,32,3.25737420663562
3651,15,2.4609876603506855
3651,17,1.9098465374228395
3651,7,3.718446834572707
3651,8,1.812163420200455
3651,15,4.1351190288735395
3651,22,3.228465959564899
3651,15,2.5340716143719924
3651,19,4.717260368835177
3651,7,2.9909029718896347
3651,5,1.5689660739677371
3651,19,7.981717682162485
3651,14,5.689916033872532
3651,12,6.331521520474753
3651,8,2.7229155607503186
3651,22,8.160472074986519
3651,21,7.785530244348931
3651,12,3.2007528618770005
3651,10,2.13186798730746
3651,17,4.020651947624679
3651,11,4.184020399870981
3651,9,2.059666318837861
3651,9,2.711147911310794
3651,8,2.1006811134874215
3651,9,1.9360523917142178
3651,6,2.975282317812019
3651,2,1.1840546828680791
3651,4,2.065438863708934
3651,2,1.395815972983641
3651,14,2.626800754848678
3651,11,1.9856909521352832
3651,20,2.9523737598467634
3651,16,2.343173654086599
3651,9,1.3186212259472327
3651,3,1.1606156035670487
3651,21,3.7521648073156273
3651,21,2.2899758546924516
3651,18,2.333667969943133
3651,14,3.89479175213366
3651,13,2.0586896151556804
3651,11,1.705708369140425
3651,33,5.645732458575682
3651,23,6.520430522516514
3651,19,3.081193788139112
3651,21,2.4945943672673607
3651,22,2.5840536520852244
3651,25,2.7371840652610357
3651,24,2.8867585199429384
3651,24,2.357259297369105
3651,20,3.0709822464637937
3651,8,1.3984089544593685
3651,13,2.659176754172251
3651,7,3.032160999986391
3651,19,2.2107524399056717
3651,16,2.5942018860716844
3651,13,2.688935849500971
3651,21,4.31073323497043
3651,19,2.027981810156109
3651,22,2.2524419189518787
3651,7,1.3703356031729754
3651,9,1.6365656746452695
3651,9,1.5454439956550627
3651,14,1.7576756312523025
3651,3,1.4327869402751297
3651,16,2.3999135503455165
3651,34,3.189145918274669
3651,31,3.4416704382950263
3651,14,2.589558389170952
3651,11,2.314509696577971
3651,16,2.817207868957715
3651,21,2.116004843043227
3651,17,3.497950946756707
3651,15,5.277875137833219
3651,9,3.0636995534439158
3651,16,2.3288913720362245
3651,3,1.4526991676575505
3651,5,1.8413972740927136
3651,13,1.666653738064563
3651,14,3.1001525801772067
3651,18,2.1815798395684936
3651,15,2.594443846667413
3651,21,2.3854622106803305
3651,14,2.238875447381593
3651,22,3.899431658501927
3651,26,2.9509742549834135
3651,14,2.4568633226185965
3651,18,3.166553179149808
3653,11,3.4014512703912834
3653,19,3.6825965279320343
3653,24,2.7549729048107134
3653,27,4.194976403400132
3653,12,2.228697328976471
3653,18,1.952246638447919
3653,8,1.7653399722801293
3653,8,2.4087657460486547
3653,7,1.9166320287572336
3653,11,2.4662808918250345
3653,3,1.2203578423610915
3653,10,2.3662819891901297
3653,6,1.5672444448560099
3653,12,2.3548384419373694
3653,13,2.3228819082357415
3653,11,4.0175843461067595
3653,5,1.8796858898244089
3653,6,1.324484255158798
3653,20,2.2389196368631294
3653,15,2.5183503737580257
3653,8,2.7602896873573344
3653,11,2.547114210258566
3653,11,2.6324085616957893
3653,11,4.104416394969192
3653,7,1.6464177657587007
3653,15,2.3639951851975343
3653,6,1.3472553102873803
3653,13,2.148674561423591
3653,2,1.1173696844993142
3653,2,1.1761389567505167
3653,15,2.9027674503848773
3653,12,1.738550156228372
3653,8,1.6293270363961931
3653,8,2.8486511855029653
3653,5,2.045028505523747
3653,7,3.288678947992893
3653,15,2.1877867376355935
3653,19,2.093140436158351
3653,10,2.841492691791419
3653,18,3.1841691385862787
3653,3,1.0195719401041667
3653,4,1.6761145497399328
3653,15,2.26748246070756
3653,21,3.8231283359953503
3653,16,2.442033213388608
3653,13,1.7013773741352232
3653,14,4.627714255025549
3653,11,6.320183764137482
3653,18,2.900546267583694
3653,27,3.8992678165535026
3653,11,2.0127366243513802
3653,9,2.462146550518705
3653,9,2.6846986670653727
3653,3,1.0438030876061752
3653,20,3.2223618142841985
3653,20,2.562435676942227
3653,19,3.9540607912527204
3653,20,2.432643786089964
3653,12,4.344129498333865
3653,31,3.166103229620999
3653,14,2.9475503006004793
3653,7,4.462724013051741
3653,8,2.053880505314205
3653,9,2.163062478514985
3653,3,1.185429501199572
3653,8,3.425784395679423
3653,21,2.512584663035491
3653,22,2.498551224774678
3653,6,1.9302935380703716
3653,5,1.349677770606644
3653,9,2.2090728244219524
3653,7,1.4420499895159233
3653,12,2.608957800085577
3653,18,4.450886980902749
3653,3,1.2913629028314344
3653,4,1.828782627258437
3653,2,1.0073706481228315
3653,6,1.2688031824600003
3653,9,2.935021261315855
3653,10,3.378864295742579
3653,5,1.2965341626550533
3653,10,1.5170129797015064
3653,16,2.5734567891992537
3653,12,1.9546295161495788
3653,9,4.957529249377425
3653,11,5.688324575095926
3653,23,2.3592102528407506
3653,30,3.3284434245829453
3662,18,1.8370675170126964
3662,26,4.051303363623748
3662,30,4.057254036661638
3662,34,3.5022303973938866
3662,12,2.8238664252155536
3662,23,2.7828438025272884
3662,8,3.4006361477853306
3662,8,2.75005212193068
3662,17,3.5618803012838622
3662,9,4.110250119285523
3662,12,1.809451621799626
3662,15,2.1254951931024024
3662,9,3.263875706467341
3662,9,1.6937285654687573
3662,15,4.799430243926776
3662,8,2.9997764503038153
3662,4,1.776242015727138
3662,10,2.099456386793727
3662,25,3.2781867077006313
3662,19,5.269437802093356
3662,14,2.559990861688672
3662,17,2.3020790831235183
3662,23,3.722431313354104
3662,22,5.367564263511981
3662,11,3.6951340142816296
3662,20,2.8872451671161334
3662,5,1.3934386461992276
3662,8,3.646820775965723
3662,5,1.6755701321003498
3662,11,2.4670228355703068
3662,1,1.0
3662,6,1.21838749256395
3662,13,2.096027385443313
3662,12,2.922828840219139
3662,19,3.4209389367080045
3662,14,4.396463002232143
3662,9,1.7479220892654381
3662,1,1.0
3662,21,3.0471913747130253
3662,16,3.415294830430028
3662,20,2.806134694492399
3662,17,2.2930626672146652
3662,7,1.5802940933199616
3662,6,2.2166110220837396
3662,26,3.4132335293465124
3662,32,2.7033148524716326
3662,22,2.595775969028005
3662,32,3.1303520314368227
3662,35,2.6029566546109586
3662,28,3.96631295209202
3662,18,3.234974758582781
3662,20,3.02150669950948
3662,21,3.480507706623648
3662,12,2.1848665537389445
3662,13,2.223029132903604
3662,6,1.3769680047757977
3662,33,3.24222152964584
3662,30,3.120085765969892
3662,17,2.474989166155061
3662,22,2.900920168834741
3662,12,3.007586123464206
3662,20,2.2434850506673154
3662,8,2.7826543827269745
3662,7,1.6519666014316459
3662,8,2.0991944872685244
3662,11,1.5940812394906494
3662,7,2.901733515661564
3662,8,2.901310124302169
3662,34,3.541090070424594
3662,38,4.932393045149172
3662,15,3.6446805942457043
3662,8,3.7185608679434234
3662,22,4.255175677347321
3662,12,4.899456719850351
3662,19,7.575522379171497
3662,34,3.0036491321471837
3662,7,3.1731039569328336
3662,15,3.498926696073774
3662,6,1.581917210198508
3662,6,1.7631673765024345
3662,17,2.1994421238003707
3662,18,2.920362816143467
3662,13,1.6463003790380577
3662,21,2.1224930661169683
3662,23,2.9354461722144918
3662,21,2.533922651188365
3662,22,3.1097239721567265
3662,15,2.505139745704058
3662,24,4.16320799537954
3662,19,3.291537574335908
3692,12,3.1354493871094666
3692,16,2.409133740299435
3692,32,3.090048973571651
3692,30,4.356835869155318
3692,20,3.5031605365587404
3692,15,4.64075874810633
3692,6,1.620812149727319
3692,7,1.6267454900920328
3692,12,2.255859061846371
3692,8,2.2755360280170867
3692,6,2.4415802301004472
3692,13,5.726195721549985
3692,10,4.069862304339971
3692,6,1.888524333943907
3692,18,3.801520291744007
3692,10,4.047586029051452
3692,11,3.807300597960783
3692,6,3.748840244738729
3692,34,6.1334857398994975
3692,26,8.642132870006039
3692,13,5.066257014332555
3692,12,3.5686553883186605
3692,14,3.8755808185522698
3692,6,4.398741827031941
3692,19,2.8252556287949995
3692,9,2.5440149836895887
3692,10,2.608059982253299
3692,9,2.26113594600107
3692,10,1.405888937151258
3692,9,3.234901854307889
3692,6,1.8623293677056822
3692,6,1.9362857179904998
3692,15,1.5817073937087045
3692,23,2.782905636745089
3692,15,3.6352982168098436
3692,11,1.8877286818520342
3692,5,1.177207100591716
3692,20,2.3151493188846404
3692,25,2.0453307447412734
3692,16,3.467766232285026
3692,12,2.8560929091385834
3692,9,3.5248417501354874
3692,7,2.0461170145110654
3692,33,3.0850212161579975
3692,26,2.5278869551969825
3692,20,2.898104948689261
3692,22,1.869772669175837
3692,27,4.288572004467378
3692,23,2.5111197171301227
3692,23,2.877631640845952
3692,24,3.2726314669782135
3692,22,2.5215244067009546
3692,20,2.293866573128333
3692,8,2.5086416760152623
3692,7,1.6125201157574287
3692,21,2.66797168474242
3692,23,3.3843499531193815
3692,18,7.101699055585421
3692,18,3.834862907644925
3692,16,3.7740818335719366
3692,18,2.2124305699074713
3692,7,2.5924518659172677
3692,8,2.3312465447539212
3692,9,3.5769057000735014
3692,10,1.7483660304088107
3692,5,4.18147006886896
3692,6,2.299153544584148
3692,34,3.3789463089315577
3692,29,4.019229335215435
3692,11,2.3182280387930994
3692,5,2.232213545276978
3692,18,2.397166003884324
3692,14,3.082172150350595
3692,19,3.70949511681492
3692,32,6.327170405338459
3692,9,1.8928715267080825
3692,18,4.590314479152756
3692,4,1.749650352370893
3692,5,1.2014525412864043
3692,14,2.468155660555222
3692,17,2.60881505103593
3692,17,3.689013429429821
3692,20,2.4009694188222754
3692,17,3.4822357478396038
3692,14,2.4247206332215954
3692,26,3.0193289238741787
3692,23,2.5845240874489357
3692,28,4.487876166355352
3692,15,1.984776905575391
3699,12,1.9940604932967054
3699,15,2.4375774347521584
3699,28,5.921316912969682
3699,32,5.949655116435744
3699,18,5.040863322113541
3699,15,3.454058103107735
3699,10,5.731542265135197
3699,10,1.771192276548679
3699,18,4.154429277768416
3699,19,3.8464417368946386
3699,16,5.662408928923396
3699,23,2.911904935756991
3699,16,5.726972453157818
3699,9,2.4850715925554363
3699,17,4.452594344624718
3699,15,2.699026893803747
3699,5,1.6990538524822678
3699,6,1.6800375367451978
3699,29,2.709308778849949
3699,16,3.144543063828226
3699,11,1.883276949831463
3699,17,2.8333582321817614
3699,24,2.5910618332971342
3699,11,1.70986313147325
3699,10,3.4756980124391563
3699,7,1.5292472222222222
3699,3,1.0676942491436812
3699,8,1.4462650789013303
3699,9,1.9804220296017
3699,11,1.6446489164615083
3699,4,2.267375695102959
3699,10,3.873932342256257
3699,16,1.7836267069607916
3699,15,2.15313258089245
3699,17,2.944172792828522
3699,14,3.673569309735952
3699,15,2.0632944044169474
3699,9,2.16141414642334
3699,19,3.582238462217451
3699,24,3.1562979845472823
3699,13,1.9879181528938406
3699,17,2.53636079586106
3699,9,1.9934636488340192
3699,1,1.0
3699,34,2.9703930224478627
3699,36,3.330535751879636
3699,35,3.0092641591337497
3699,25,1.920894581789874
3699,35,2.6740517047366312
3699,28,2.453276788726444
3699,26,2.576193753414508
3699,19,2.523732738832708
3699,13,2.9598642284308596
3699,8,1.5499786850178223
3699,11,2.0108140671980825
3699,14,3.7949007811969833
3699,25,3.432009602952775
3699,27,2.32485574784523
3699,16,2.2590559111519553
3699,18,4.0474566175145075
3699,19,3.693276155109504
3699,22,2.2519387557373975
3699,8,2.1673667729054604
3699,6,3.30216560942229
3699,7,2.219460684479591
3699,10,1.8037817501420028
3699,6,3.173119281792488
3699,12,3.726627667537603
3699,35,2.701425322954073
3699,32,3.4319663065855637
3699,14,2.9623979370203863
3699,10,3.565703566015614
3699,9,1.7288257878327191
3699,9,2.2054526127712086
3699,28,6.05161077242918
3699,30,5.427573348416764
3699,12,2.437535886968807
3699,16,4.749075768253951
3699,3,2.0873027671005966
3699,6,1.3322183944880628
3699,22,3.4558201293542927
3699,15,4.214608858585535
3699,31,3.2567384581347656
3699,31,2.425011091843206
3699,37,1.9100300782778505
3699,19,2.3373913902087766
3699,19,2.1442300008302437
3699,29,2.9746665421609246
3699,26,3.4022695847465894
3699,20,2.334541113241272
3705,17,2.3524413813272096
3705,15,1.9723845486976002
3705,19,4.3450614515251225
3705,20,5.498067347766448
3705,15,3.460022721402629
3705,22,2.955001418810096
3705,8,2.4036475665347643
3705,11,4.098629762887728
3705,18,2.2362975811126775
3705,5,2.1663667062166843
3705,9,3.1357439879542834
3705,9,5.365435069685268
3705,7,1.5904760311204205
3705,5,3.3151223614611602
3705,17,5.746574678064129
3705,13,7.747076791332655
3705,10,2.061876155930633
3705,8,1.8879912550154092
3705,28,8.086819460927577
3705,12,4.869542547987013
3705,14,2.1842346329938693
3705,9,3.444712609769928
3705,15,3.9766062589062945
3705,8,1.4957163771293642
3705,10,2.438066812503425
3705,9,1.7395725474384238
3705,3,1.021152
3705,9,2.565196612765191
3705,6,3.117304111596105
3705,6,1.7993935790725326
3705,2,1.2961728909250776
3705,4,1.473114951989026
3705,15,1.982489569044353
3705,14,2.104701430650105
3705,16,2.9429108676327607
3705,12,2.5023075048732943
3705,4,1.2877218934911243
3705,1,1.0
3705,17,2.4452457402270897
3705,21,2.378109843064355
3705,11,2.2359914421198575
3705,12,2.733075150102934
3705,7,1.9820011009809624
3705,10,1.187025130862555
3705,33,3.3823267680039395
3705,22,2.8563487778275958
3705,22,6.143799703816845
3705,20,2.7190548661812417
3705,31,2.6735497445873895
3705,23,3.3281445685682605
3705,21,3.900560744928229
3705,17,2.450925272506828
3705,10,4.6136408282295
3705,12,2.5505810513347567
3705,4,2.0248562627540134
3705,3,1.1700821861236441
3705,18,2.3333426956471066
3705,18,2.2424088437024396
3705,22,4.456535343846744
3705,17,3.081456896297019
3705,13,2.2437344844255818
3705,16,2.0732483840834437
3705,9,3.558567871356787
3705,4,2.7050634355809797
3705,6,2.3452480140113843
3705,7,1.5783402118939749
3705,5,1.731956455147388
3705,9,1.6905987594904015
3705,32,2.445877037825555
3705,28,3.3181663582486935
3705,12,2.5174940950775313
3705,7,3.5601524960051103
3705,8,2.130399983524033
3705,9,1.2138411341925295
3705,21,3.9826241118421746
3705,16,2.366930749210133
3705,5,3.0277433588546683
3705,11,2.925611157405377
3705,4,1.4261853143557357
3705,6,1.052037983929876
3705,14,2.7684166989702246
3705,15,3.6458846462671453
3705,25,6.234610251462789
3705,22,1.9806413769681983
3705,19,3.598115090414436
3705,17,2.343727829654951
3705,25,2.8022180894877646
3705,20,2.6761724061285133
3705,23,2.648887139099398
3705,16,3.102428156236724
3715,18,2.6065591651325346
3715,14,3.071841694723899
3715,28,4.578042675937009
3715,25,3.875808291160304
3715,11,7.097129194044283
3715,18,7.477388951435739
3715,11,2.3983013812037206
3715,11,5.007713818678044
3715,19,2.597973903369468
3715,8,3.9857689523957127
3715,8,3.198925964518471
3715,5,3.971235448341171
3715,7,2.18209173713899
3715,11,3.6337182256553127
3715,14,2.5122200043675638
3715,16,3.4178463123659797
3715,12,2.069003968768447
3715,4,1.9887876346955742
3715,34,3.8266351979833475
3715,26,3.2210747752810627
3715,14,2.836023740510697
3715,16,2.6610657210113575
3715,14,2.8350446941205045
3715,14,2.8951279396899436
3715,9,1.6971413251409944
3715,13,3.892302543230874
3715,1,1.0
3715,9,2.261413787591307
3715,3,1.631916123267717
3715,5,2.722278901640081
3715,2,1.1729075207057014
3715,4,1.3285835787433913
3715,18,3.0816318549082173
3715,22,2.8817091710686134
3715,9,1.8871204086433893
3715,12,2.755008549886173
3715,8,1.8928152561456184
3715,6,2.84348613240628
3715,20,2.7471258650330483
3715,22,2.7944703507299193
3715,14,3.941224938700782
3715,19,2.45114652122203
3715,7,3.253236125974111
3715,7,1.5418216966128515
3715,18,3.2442743501854308
3715,24,3.5514285471977485
3715,26,5.053875894056009
3715,18,2.200004579437074
3715,26,2.702489366610272
3715,19,2.3572707375184154
3715,18,2.782397113377476
3715,21,4.372860391855562
3715,10,1.711493365547302
3715,9,2.6625326300677257
3715,9,1.6073809025521384
3715,5,2.314524029164624
3715,15,4.459254366523964
3715,19,2.31955093898749
3715,22,4.00805177733663
3715,17,4.345343119771731
3715,10,4.213119934316309
3715,20,2.448639586498598
3715,8,3.836826798077872
3715,7,3.0039466708603597
3715,8,2.1501590018903594
3715,9,1.8241560730236144
3715,5,3.181688083589916
3715,6,3.601043281433167
3715,29,4.693065622228306
3715,28,3.473631293550703
3715,10,2.0809643638120114
3715,5,3.3993727103652285
3715,18,2.2592103354679605
3715,8,1.5753337066252493
3715,22,3.793784267254709
3715,27,4.76829868120946
3715,16,4.6180567818384946
3715,19,3.8210334927842857
3715,8,1.171039697542533
3715,5,1.5868709763496003
3715,18,3.626841885670998
3715,23,2.878004969934448
3715,15,2.1678301551167647
3715,13,3.4204340225873686
3715,26,2.0878111793312253
3715,18,2.6001370117992915
3715,17,2.1092661875889775
3715,19,3.3928969262101254
3715,29,2.999611945124732
3715,24,2.7713341719770894
3718,26,2.8083041507085746
3718,14,2.2589228080168366
3718,24,3.894134411119966
3718,36,3.6512244385609947
3718,19,3.7433689795954406
3718,22,2.768745498858344
3718,13,5.750057819788549
3718,7,2.877172231464689
3718,17,2.0229666024973305
3718,11,2.0527999895862257
3718,14,2.3945218917341133
3718,11,5.376275033516134
3718,8,1.7653618248310576
3718,6,2.1367596020761246
3718,17,8.968272222530501
3718,13,3.823127532116693
3718,13,3.382786676811912
3718,11,3.0624647220931003
3718,26,3.593859569477364
3718,25,4.083766895797985
3718,11,1.7875606429399757
3718,15,4.985800162763513
3718,22,4.212196095733611
3718,20,5.736177243938739
3718,9,1.8411214769183668
3718,21,2.7968235984324443
3718,7,2.4546429765280533
3718,11,1.698573585907507
3718,7,2.6258878181748377
3718,5,1.093285110318404
3718,11,1.9021400082090794
3718,19,5.07787153651843
3718,14,2.3409247321838373
3718,16,3.003299969205802
3718,13,2.803975032891562
3718,15,2.561191304327229
3718,2,1.031477627471384
3718,19,2.4836628159284087
3718,19,2.539481358706665
3718,15,2.1914238811606688
3718,23,2.9256677319726077
3718,11,3.3436387307090945
3718,7,1.7009039761890268
3718,26,2.788610479881345
3718,38,3.273944581453775
3718,32,3.5609015417057686
3718,33,3.0602473976962004
3718,39,2.52765454019106
3718,34,1.8903596093824753
3718,22,2.3919115291266047
3718,21,2.5300927642290714
3718,16,2.507460327151838
3718,10,1.751747929292585
3718,22,1.8212232409095477
3718,7,1.9996038176119093
3718,20,3.366046180203248
3718,19,2.734756298878873
3718,22,2.4762817743154826
3718,20,2.4268812303715808
3718,12,2.4069379078807596
3718,27,2.652998441858897
3718,6,2.2284655906147868
3718,8,1.623381902567738
3718,7,1.8387919271602868
3718,8,1.4979609978452386
3718,2,1.84813410849807
3718,7,1.9811430139904231
3718,32,4.763296065001684
3718,40,4.63313833312266
3718,11,2.2233133116120274
3718,8,3.980640567114125
3718,21,2.987142689428513
3718,24,1.778339601120073
3718,19,1.5710592066345423
3718,21,5.467209472341305
3718,14,1.971391829196883
3718,11,2.0733079601065554
3718,4,1.229048649164303
3718,5,1.8575650678728695
3718,19,2.668129830926954
3718,17,2.602513231459202
3718,22,1.6143155408259284
3718,16,2.567176838832617
3718,20,3.0861525870991064
3718,17,2.5650803940120155
3718,32,2.975888593183652
3718,22,2.2607640915863936
3718,14,2.9253014636337547
3718,22,3.4892267424538903
3737,22,2.7900243221290695
3737,20,3.8035207456839992
3737,22,2.8415142018219024
3737,37,4.720578965207323
3737,15,2.712540201582904
3737,22,2.285295489223207
3737,7,1.7961329871727045
3737,10,1.8109965979940352
3737,12,1.7884327372881412
3737,12,1.7270420728634273
3737,8,1.6144229803400025
3737,8,3.1525303402119484
3737,6,1.6587383619216152
3737,10,2.0640420731499654
3737,14,6.385118728304893
3737,17,6.3602304652761426
3737,8,2.5762878657399217
3737,3,1.3347213959944477
3737,24,4.966101339108767
3737,25,5.565856341196579
3737,18,2.670040902305912
3737,12,3.0819710553896087
3737,17,2.246464514875866
3737,19,3.2902306536464154
3737,8,2.18602407950549
3737,12,4.251099570055205
3737,8,1.766136431263638
3737,6,1.475004849095813
3737,4,1.4280531779275178
3737,9,1.9087453640282002
3737,3,1.6861463753035033
3737,3,2.1126327578023023
3737,15,1.8298258292225678
3737,15,2.2636306049492956
3737,12,2.112436680325098
3737,14,1.909484503089407
3737,1,1.0
3737,1,1.0
3737,15,1.992001275755985
3737,20,1.712762963612707
3737,12,1.4778631832155782
3737,17,3.6863490350284582
3737,2,1.1287745243927565
3737,6,1.7503654847214711
3737,21,5.004738428477035
3737,23,2.497144193678911
3737,23,2.4559429055977438
3737,19,1.9852575403528172
3737,26,3.7792920089149944
3737,21,2.897978807082279
3737,19,3.801982024551667
3737,19,3.634741234106946
3737,11,2.6298514919576683
3737,12,2.524974286487762
3737,6,1.7075085111139507
3737,8,2.5219128762182654
3737,12,1.8655088848946872
3737,16,3.030486154985258
3737,22,2.477211686557614
3737,19,2.355311054665357
3737,18,4.6050957534495485
3737,25,3.388953388791292
3737,9,3.1886160390989535
3737,16,2.978406713909421
3737,6,1.9981387379633477
3737,11,1.8388353979796248
3737,7,1.9318826685290709
3737,10,2.2533322261627196
3737,35,5.989849330275336
3737,29,7.250229966807356
3737,13,3.45661708764499
3737,11,3.807971747217648
3737,10,1.6675894782011023
3737,19,3.6401735149020573
3737,17,3.6797444454804227
3737,26,4.706931395317587
3737,8,1.4736478219329032
3737,16,3.4591979580636556
3737,1,1.0
3737,4,1.7074141375356084
3737,14,2.1007831793299787
3737,18,2.264700007600213
3737,13,2.682782269303026
3737,13,1.3254054390721899
3737,24,5.753379380767225
3737,21,2.949488269700113
3737,13,2.8830059173660794
3737,19,2.770335611866309
3737,32,4.93541872602226
3737,28,3.2692297146904528
3740,13,4.2375437018374855
3740,14,4.841511984415345
3740,24,5.052346478718835
3740,27,5.885341322133557
3740,7,2.7942046777324134
3740,15,5.5007641105676335
3740,9,3.7461365408695375
3740,11,2.2020463825890277
3740,12,2.9967948284137895
3740,19,2.1640376843303293
3740,9,1.78502758975371
3740,9,4.1307406373095406
3740,9,1.744056657613542
3740,4,1.5812329954021227
3740,13,3.4977431390438674
3740,8,1.5208470900727398
3740,6,2.483305556773826
3740,5,1.5957652712106238
3740,28,4.550266822563991
3740,19,2.6011096732300056
3740,20,3.281382960616746
3740,15,2.80264485758969
3740,17,3.083643794706729
3740,13,4.529167796220153
3740,7,2.112496734280204
3740,12,3.6197644509674585
3740,3,1.264898236453727
3740,7,2.6002895928349528
3740,5,1.457438836411736
3740,5,2.059049502153803
3740,10,1.7296240894901145
3740,3,1.129238513076897
3740,15,2.2355049025719107
3740,12,1.8180303499870527
3740,14,3.5080043007845076
3740,21,6.61591287
3740,10,2.654591616891963
3740,3,1.051721402100694
3740,15,2.2782132032866618
3740,19,3.7778711966702243
3740,20,2.1089450320915057
3740,23,1.691388278612524
3740,7,2.5511877295051373
3740,4,2.8449757990350633
3740,25,2.740890732632833
3740,24,2.9175090517973654
3740,27,3.1468148921199015
3740,21,2.503402445507709
3740,30,2.522291057080387
3740,29,2.1646805035118244
3740,22,2.1221155559657676
3740,18,3.1835696386912438
3740,17,2.691818046035413
3740,10,2.3405998113760194
3740,7,2.378649695327265
3740,6,2.578819065821665
3740,26,2.638875098350431
3740,28,2.9058945851628946
3740,16,4.918355116162903
3740,14,7.000078787437297
3740,11,2.2608360036091706
3740,17,2.0948130563991896
3740,10,4.655538368165265
3740,7,2.2198344377682613
3740,5,1.8827449243043928
3740,10,1.8350833415537229
3740,4,2.7740789685872316
3740,12,2.063106385352421
3740,31,3.3697307018335736
3740,28,4.612840792614292
3740,12,2.6893630862172544
3740,6,2.9432595710872547
3740,2,1.3337675830771798
3740,4,1.5869489892301631
3740,23,5.21814498159935
3740,31,5.940711354719875
3740,12,2.264987740295487
3740,16,5.233184590241482
3740,4,1.2034168517345327
3740,5,1.9267861484728461
3740,15,1.834577391205357
3740,23,2.8721621990216537
3740,24,2.8263455004320406
3740,19,1.4085639126651692
3740,26,2.148513035888641
3740,26,2.4069634701012212
3740,19,2.5663045709231507
3740,21,3.4095437740571515
3740,20,3.5768787722885587
3740,22,1.4725794117193842
3753,24,4.464220196526481
3753,20,2.1578684608623333
3753,28,3.3957229429755547
3753,33,4.232263604144144
3753,17,3.290927692757975
3753,19,4.524147610413521
3753,7,2.9322582586938046
3753,11,2.65926712561522
3753,20,2.8514004103830075
3753,15,3.1932056554630477
3753,11,2.998661366432511
3753,10,7.441082031025734
3753,13,5.078470746930784
3753,7,1.4492965129828734
3753,20,2.6368755163247877
3753,16,3.310380609344329
3753,13,3.9470051423198207
3753,10,3.1322056152194717
3753,25,3.4788833297172084
3753,24,4.784466942022347
3753,12,3.280151245398282
3753,12,3.159255707227421
3753,22,4.949873929119786
3753,14,6.0206470668897625
3753,17,2.9571091221202845
3753,5,1.991859757011771
3753,6,1.8898249122617308
3753,3,2.2779557314639596
3753,11,2.079749121718317
3753,6,2.3306743606044305
3753,2,1.0262476202365718
3753,2,1.5200867398781257
3753,17,2.0916352575107835
3753,16,5.763423583743788
3753,11,2.7600530207914216
3753,14,2.2274874577844392
3753,15,1.9491775558605282
3753,3,1.389182833627278
3753,16,3.162490571909241
3753,26,3.0486899552849462
3753,17,2.1540046716151986
3753,16,4.384643881617373
3753,6,1.2350915623941323
3753,10,1.5395320584317536
3753,33,3.028622069390051
3753,25,2.606535942660144
3753,24,2.0331941881923967
3753,24,2.905834925826058
3753,25,3.052444578382685
3753,22,2.7340800449985156
3753,23,6.117668807684018
3753,24,2.1620358790955883
3753,16,4.412627967996189
3753,17,3.311250552989139
3753,14,1.7375970279039126
3753,10,1.299841549609215
3753,17,2.104596594668916
3753,18,2.3083878144236225
3753,25,2.221054732971998
3753,18,3.1834500501458907
3753,15,2.7865034094729038
3753,27,2.628740448033943
3753,10,2.235574452597145
3753,9,2.513828526608067
3753,8,1.801048478384157
3753,9,2.080263901020224
3753,12,4.955152528444302
3753,9,2.407281657624959
3753,34,3.117110755272682
3753,28,3.2601346369679716
3753,16,2.9526343310034995
3753,10,2.5868364491724605
3753,12,2.0030485353228027
3753,7,2.602700035952834
3753,23,3.1183964880896404
3753,21,4.039186724804735
3753,10,2.708044009846529
3753,19,4.083975977979581
3753,10,2.2038386957770757
3753,6,1.5676543149959152
3753,18,1.8376059457236258
3753,13,3.036349193228288
3753,17,2.1379102637659333
3753,11,2.566697402048029
3753,23,2.775623530348593
3753,13,3.6130506860910083
3753,22,2.318662328802582
3753,29,2.6191852404682936
3753,24,2.7816384493332325
3753,18,2.1535353375920887
3759,22,2.382063286714503
3759,16,2.4055880641297662
3759,22,3.0769293823917185
3759,29,3.7816485596645077
3759,14,2.8625223686653567
3759,21,2.381408255206254
3759,11,3.1591654921451826
3759,15,3.5973651241074465
3759,12,3.3511706361062648
3759,17,2.8440627393759277
3759,12,2.4666685848757246
3759,12,1.4231989519132584
3759,10,1.6410962910136826
3759,7,1.9717233985258091
3759,27,8.454066351329383
3759,10,5.052231952018001
3759,14,1.7605077146866988
3759,4,2.076696341064413
3759,26,6.175109581577631
3759,22,6.112453781127099
3759,15,1.7638384823951212
3759,19,3.51939925023898
3759,13,4.582498385130092
3759,14,3.583136347443362
3759,8,3.3743598499413654
3759,12,1.653633613835574
3759,6,1.6124195478797776
3759,5,1.7747856523605545
3759,4,1.1382784726187625
3759,3,1.3252566019001257
3759,12,1.9507898163171284
3759,4,1.1648751794404957
3759,10,2.148332427900172
3759,11,1.5740825938582474
3759,15,5.633396906904862
3759,20,4.315222211565044
3759,17,2.2597188506009394
3759,5,1.3736130706784515
3759,15,1.722218470771958
3759,20,2.1256097702476304
3759,14,1.9309932886703092
3759,18,1.9694705689695926
3759,3,2.0251588238601226
3759,3,2.0831730028705455
3759,39,3.8089703058272315
3759,24,3.302056936851008
3759,24,2.88761744257889
3759,23,2.8054864947562677
3759,30,4.6002228331953425
3759,19,2.2524035500899777
3759,23,4.717411966039399
3759,16,5.470781661692272
3759,12,2.0139729837909703
3759,11,2.740610963146212
3759,9,1.7903531062367215
3759,7,2.5912334730143565
3759,22,1.8832751599818205
3759,25,3.3970124016869203
3759,19,3.010203236851617
3759,22,2.1875580462881827
3759,14,2.896515097261018
3759,18,3.1571311865989915
3759,11,2.1356668874645517
3759,6,4.274698222031917
3759,9,2.0211716409656924
3759,9,1.4851168224948312
3759,6,3.131221575351084
3759,8,2.5461175138751337
3759,30,2.834802602071955
3759,31,2.67639380122576
3759,13,3.3802877134726237
3759,7,4.172926874438181
3759,19,1.999526338865678
3759,14,2.1675216340278802
3759,19,3.50459407018964
3759,21,2.790404363406147
3759,11,2.4891794866635397
3759,13,3.0119608650454626
3759,4,1.2623181381401218
3759,5,1.3731537028316374
3759,15,1.796452491087278
3759,17,1.9972803699975346
3759,21,1.7251789842129461
3759,12,2.163072540664434
3759,25,2.8799317960002604
3759,21,3.501965675843527
3759,26,2.3017539184622966
3759,28,1.8147895015907594
3759,21,4.922617824514497
3759,26,2.532229633935022
3765,14,1.8210104766457722
3765,9,1.7332193753645988
3765,20,3.57498803159345
3765,29,2.7538032835878825
3765,9,3.4617004706120498
3765,25,3.8169992310734013
3765,8,1.5489547614544725
3765,5,1.8775875370112138
3765,6,1.0956761961594388
3765,12,2.454816464902441
3765,8,2.2499166919139295
3765,3,2.6651948765671474
3765,7,2.7804380002847506
3765,7,2.0289367039832396
3765,19,5.95103578753761
3765,5,1.9261597317029011
3765,6,3.0287865831512324
3765,11,2.765381667016266
3765,21,2.2426605729164772
3765,30,4.101118070144859
3765,7,2.8887224092198913
3765,13,2.437466019051877
3765,14,2.535327937174975
3765,18,3.0913846659180493
3765,6,2.143651800880381
3765,13,3.265910686003093
3765,7,3.119815659706688
3765,3,1.0240628324676138
3765,6,2.2220812265749177
3765,3,1.2097805827586052
3765,6,1.8289083303157554
3765,1,1.0
3765,14,2.021359405642619
3765,12,2.3124338808819593
3765,11,1.884251688882282
3765,13,2.3623569960735127
3765,6,1.150739232853583
3765,13,3.232861331536087
3765,19,3.346529861059545
3765,15,1.7057186718540103
3765,8,1.9023047052512454
3765,25,2.6523352654971095
3765,9,2.0265729723114196
3765,17,2.6139839276625856
3765,32,3.6312133149540613
3765,31,2.5306392512322007
3765,25,3.608903795417954
3765,25,2.695232904510446
3765,23,3.713576838967563
3765,25,4.137975848603173
3765,18,3.1066428494414686
3765,21,2.9429866402018914
3765,12,3.0904376328610557
3765,8,1.4570714798410391
3765,8,4.699207661472544
3765,3,1.0789760590957636
3765,19,3.6219289039549762
3765,20,4.509853732362789
3765,13,2.8656657262182312
3765,11,3.0102547323177444
3765,9,1.546329064866449
3765,21,2.4909851119528836
3765,6,2.1622331310227163
3765,6,1.7535212021263715
3765,8,3.3408391111111113
3765,10,2.037501884349252
3765,3,1.1400370341871573
3765,7,1.5340834849000766
3765,25,2.3806391184107
3765,23,3.346029776526713
3765,6,1.8383503191592716
3765,6,3.081416377314815
3765,13,1.7719098847451644
3765,15,1.9633277314317148
3765,21,5.88784261652119
3765,21,5.193665986962113
3765,9,2.1083384181700007
3765,5,1.7721577996620244
3765,7,1.9385968365875432
3765,3,1.0203324099722992
3765,11,2.219702782862082
3765,7,2.8473517086861753
3765,16,2.506775118661719
3765,18,5.695834884803181
3765,25,2.714330336975685
3765,10,2.2747967054449036
3765,18,4.3846686093372185
3765,17,1.9428275849614438
3765,16,3.587254204300131
3765,17,3.024920985028272
3813,15,3.7038086767560774
3813,19,2.445640363034868
3813,19,4.608368385499468
3813,23,4.138542447625109
3813,15,7.520526160060502
3813,16,4.233793333427792
3813,8,4.24945341448284
3813,16,3.0784786596481375
3813,12,4.978818906034956
3813,13,3.687929201696417
3813,7,1.5655903124065782
3813,10,3.0877946746565663
3813,7,1.9228687247521268
3813,10,1.3689475670733429
3813,18,4.038129112571711
3813,20,2.4796459292276833
3813,10,2.956644774668769
3813,7,2.114093591458501
3813,24,3.8186172223027897
3813,26,2.4968709340905346
3813,13,2.112743264558649
3813,11,3.1138008561900596
3813,12,4.187055619635653
3813,18,5.686114134999555
3813,10,2.1066259442653346
3813,9,1.8445866293900899
3813,4,2.346356740976155
3813,12,2.625805726377042
3813,3,1.3703105965968607
3813,1,1.0
3813,4,1.098599162199901
3813,16,1.9346977874207003
3813,9,2.0278375450322383
3813,20,2.3045326625429134
3813,19,2.8799616667578642
3813,7,1.9477370235668405
3813,3,1.1401832844136512
3813,24,3.3204662745466105
3813,23,2.2688639924319367
3813,13,2.145618438920523
3813,19,3.8950203958693526
3813,9,1.8750102082414453
3813,10,1.6344732146570875
3813,32,2.2528137277425433
3813,24,2.1955107975974175
3813,26,2.460319181948678
3813,23,2.268988641232972
3813,29,2.935663907029591
3813,19,3.9468626299017027
3813,21,5.289344562734488
3813,28,2.3162449959185927
3813,16,3.834686293903161
3813,18,3.863154300381205
3813,10,2.5689312051489632
3813,9,4.33139948597614
3813,18,2.879774267303211
3813,16,2.428541427202852
3813,19,5.369146518545513
3813,19,2.2515038694898677
3813,12,2.863797930516433
3813,27,3.2390512637490216
3813,5,1.2873919480130633
3813,9,1.9099942175328783
3813,7,1.5999828180347895
3813,10,2.3650290210525142
3813,5,1.87038464
3813,7,1.897379613458463
3813,27,3.5733564278847068
3813,15,2.6408812629395726
3813,18,2.5618681333469047
3813,7,2.318610393480896
3813,14,2.3464991884667663
3813,9,2.344709164594737
3813,21,4.5505929232818
3813,17,3.3197434181573584
3813,11,2.403234027545157
3813,11,2.46841021041905
3813,4,1.0559913006497597
3813,8,1.411653440369222
3813,14,2.693029412903716
3813,17,1.9950473412473961
3813,17,1.9515619950412109
3813,21,2.078970290962938
3813,19,2.7519525278275307
3813,21,3.5541433241942606
3813,13,3.137119998329523
3813,20,2.182099530936894
3813,13,2.435220700725114
3813,22,2.445823768715082
3839,19,2.6378067357281294
3839,18,2.577849257360729
3839,27,3.944856150136698
3839,30,3.949490235471179
3839,16,3.50886309192203
3839,18,3.8378543716156215
3839,9,4.906127033463256
3839,8,3.316715692026332
3839,11,2.1517164092646888
3839,10,2.6407540891400614
3839,12,2.760688820616743
3839,8,2.4176797256174236
3839,14,2.273085686248488
3839,6,2.8119723968499284
3839,17,4.29138743026589
3839,11,3.7654047942216775
3839,12,1.9307282914907247
3839,7,1.2655474910603386
3839,27,4.086401483162583
3839,19,5.412766671515644
3839,6,2.751919695982968
3839,8,2.311245408026195
3839,19,2.9708725131055083
3839,7,3.754307933805825
3839,9,1.5587305899510995
3839,12,3.096523405028097
3839,11,1.4218597989406552
3839,15,1.8179348969354092
3839,7,1.3405322265026574
3839,8,3.9368823351152877
3839,9,1.834889578445217
3839,4,1.0454421768707483
3839,15,1.7412346875
3839,21,1.8104960008576154
3839,16,2.2953994245610954
3839,14,2.764248023797686
3839,7,4.474567754691629
3839,2,1.139987967976306
3839,19,2.067763156379514
3839,24,1.9576481273139485
3839,12,2.1028930022940013
3839,21,2.185459162041454
3839,8,1.6612102909289896
3839,11,1.8976541726624936
3839,25,2.2486477988780593
3839,28,3.6258390894926347
3839,23,2.342373180386678
3839,27,2.4377209497984156
3839,16,2.9346317781976072
3839,21,2.850025013665778
3839,26,2.4537906908342046
3839,28,2.635046366897666
3839,24,2.6523575466666665
3839,17,2.8972091298329707
3839,5,1.4766134251986316
3839,5,1.637408435479579
3839,15,3.060842693615937
3839,16,2.4879364084572053
3839,24,2.5226648570448087
3839,26,5.451669537842215
3839,20,2.2700587210299235
3839,17,1.8486813981746195
3839,10,2.6916214244731966
3839,5,3.938365241233079
3839,5,1.59227745196172
3839,11,3.1551898513621257
3839,2,1.734588458190744
3839,10,2.2935240986806074
3839,32,2.3542223023961815
3839,17,3.161515175159567
3839,13,4.464507036726349
3839,8,2.2833674613736163
3839,8,1.6940616253593546
3839,14,2.3669967310734665
3839,20,3.5514943144697257
3839,17,3.188411749792609
3839,9,2.577554461568058
3839,12,4.344114138027376
3839,6,1.69202485493408
3839,5,1.739000208089687
3839,15,2.2912378568278062
3839,12,2.4714491462313606
3839,20,2.0533807478366204
3839,14,1.9739385532647347
3839,16,1.8427348877005019
3839,16,2.1433717073390204
3839,23,2.3443826570857933
3839,20,3.430376348966559
3839,18,2.150814916714271
3839,17,3.2049764603790636
3854,17,2.767329222252225
3854,24,5.176264941429811
3854,22,2.762013538480718
3854,29,5.101666548647509
3854,15,2.1187097462162816
3854,29,3.393579731859369
3854,8,2.316629156282203
3854,15,2.6228529304796657
3854,19,4.196673434877848
3854,14,2.0169779535830057
3854,5,2.6027180585609915
3854,19,5.168708352931506
3854,10,2.3300206360088755
3854,10,2.594524339190409
3854,17,2.49228934974856
3854,16,3.3379543484165652
3854,7,2.869818467091571
3854,8,2.392936833137247
3854,34,6.655047106815702
3854,23,6.705726636012009
3854,7,1.8130184929988107
3854,14,3.7246985409490145
3854,13,3.8105027178056137
3854,8,5.42608004839237
3854,10,2.0146366579343122
3854,5,1.4816411798068765
3854,8,1.848488190548508
3854,8,2.0496683822544663
3854,3,1.3899763385613846
3854,6,1.9748210291145298
3854,1,1.0
3854,7,3.198245342732484
3854,23,2.8353512861269095
3854,10,1.7301361539253992
3854,19,2.4203200879734297
3854,10,2.1716649976900113
3854,9,2.7926062507082356
3854,9,1.9537674288684912
3854,26,3.3473757426222663
3854,26,4.999169785824184
3854,18,2.173372319636114
3854,18,2.38405394758237
3854,9,3.130434154028539
3854,3,1.2261546782044348
3854,40,4.122664606220325
3854,25,2.4659630744882315
3854,20,3.338981629995095
3854,18,3.221615243935732
3854,35,2.405178055254268
3854,32,3.0967728598816486
3854,26,3.749138563414377
3854,22,3.5406175770896287
3854,19,3.91122114084995
3854,12,2.3112705207869513
3854,9,3.8224619318461213
3854,3,2.3168034727643243
3854,23,2.5503171518938066
3854,24,2.727226185868179
3854,20,3.3969468740138993
3854,24,3.7600958211000766
3854,19,3.2535458814115445
3854,21,2.1894728277045044
3854,9,3.5195659527497374
3854,6,1.8833603311792748
3854,7,2.3260051300073625
3854,10,2.2727039443239256
3854,7,1.6707523430708004
3854,15,3.139082703792259
3854,34,4.189999678708973
3854,24,4.478324312047645
3854,15,5.108527157958722
3854,8,4.500357675402596
3854,17,2.748333236561838
3854,19,3.5227843932258027
3854,23,4.80784589047589
3854,34,6.523651882300017
3854,15,3.9963886370866613
3854,18,3.3971345317650723
3854,4,1.7013738884094605
3854,5,1.5559877292186535
3854,18,2.8300301839372946
3854,20,3.0286671902213005
3854,20,2.1778328488454424
3854,21,3.4393668609142765
3854,24,8.416195148355476
3854,24,3.717566929232517
3854,28,2.8200443336829153
3854,27,2.7627625423867332
3854,18,3.878198243521232
3854,19,2.4478481257208764
