subject_id,realization,model,MC,m2,MC_lin
299,0,Real,11.4546,0.0726204,11.4136
299,0,BrokenStick,9.26243,0.0456113,9.28571
299,0,Uniform,7.59343,0.0276404,7.54303
299,0,Reshuffle,10.9402,0.0736846,10.9264
299,0,SignFlip,12.1776,0.110696,12.0573
299,0,RealAsym,11.4406,0.0295916,11.4665
299,1,Real,11.2555,0.0726204,10.9407
299,1,BrokenStick,9.64388,0.0438396,9.55842
299,1,Uniform,7.41572,0.0276404,7.43479
299,1,Reshuffle,10.5989,0.0687405,10.6571
299,1,SignFlip,12.3207,0.125264,12.0299
299,1,RealAsym,11.1531,0.0283469,11.2078
299,2,Real,11.0808,0.0726204,11.0629
299,2,BrokenStick,9.39807,0.0453679,9.37815
299,2,Uniform,7.47447,0.0276404,7.53476
299,2,Reshuffle,10.9122,0.0723279,11.0512
299,2,SignFlip,12.2013,0.111521,12.2071
299,2,RealAsym,11.0054,0.0283987,10.97
299,3,Real,11.2062,0.0726204,11.2038
299,3,BrokenStick,9.16991,0.0452939,9.08532
299,3,Uniform,7.16282,0.0276404,7.17226
299,3,Reshuffle,10.9021,0.0745941,11.059
299,3,SignFlip,12.2839,0.112318,12.2622
299,3,RealAsym,11.0574,0.0287897,11.0503
299,4,Real,11.0882,0.0726204,11.1294
299,4,BrokenStick,9.07609,0.0417243,9.09102
299,4,Uniform,7.33198,0.0276404,7.27136
299,4,Reshuffle,11.3013,0.0737792,11.2522
299,4,SignFlip,12.1734,0.115256,12.1178
299,4,RealAsym,11.4437,0.0236206,11.4385
501,0,Real,11.7399,0.0731611,11.7781
501,0,BrokenStick,9.06592,0.0396139,9.1444
501,0,Uniform,7.95286,0.0289017,7.90444
501,0,Reshuffle,11.396,0.0683861,11.1904
501,0,SignFlip,12.1566,0.0985804,11.9175
501,0,RealAsym,13.374,0.0285756,13.421
501,1,Real,11.7303,0.0731611,11.8012
501,1,BrokenStick,9.20603,0.0381264,9.08561
501,1,Uniform,7.23504,0.0289017,7.22721
501,1,Reshuffle,11.4789,0.0713359,11.4657
501,1,SignFlip,11.6075,0.099343,11.7791
501,1,RealAsym,11.9391,0.0297831,11.9736
501,2,Real,11.4313,0.0731611,11.3738
501,2,BrokenStick,8.84951,0.0388634,8.98303
501,2,Uniform,7.87418,0.0289017,7.86559
501,2,Reshuffle,11.1826,0.0659832,11.1619
501,2,SignFlip,11.7973,0.0996683,11.801
501,2,RealAsym,12.4028,0.0277591,12.4529
501,3,Real,11.3277,0.0731611,11.4927
501,3,BrokenStick,9.42356,0.0421458,9.38078
501,3,Uniform,7.90133,0.0289017,7.9402
501,3,Reshuffle,11.3348,0.0678299,11.5256
501,3,SignFlip,11.7864,0.0863101,11.8139
501,3,RealAsym,13.1618,0.0283167,13.2874
501,4,Real,11.779,0.0731611,11.6793
501,4,BrokenStick,8.9594,0.038775,9.10331
501,4,Uniform,7.7569,0.0289017,7.76848
501,4,Reshuffle,11.4613,0.0677279,11.4969
501,4,SignFlip,11.3891,0.100825,11.3516
501,4,RealAsym,13.5733,0.0341952,13.5737
542,0,Real,11.0302,0.0631754,10.9768
542,0,BrokenStick,9.48541,0.0451436,9.52698
542,0,Uniform,7.37316,0.0280463,7.42508
542,0,Reshuffle,11.536,0.0699232,11.6454
542,0,SignFlip,12.128,0.09939,11.9522
542,0,RealAsym,13.0204,0.031513,12.9609
542,1,Real,10.9381,0.0631754,10.9748
542,1,BrokenStick,9.55755,0.0430504,9.47743
542,1,Uniform,7.40879,0.0280463,7.54239
542,1,Reshuffle,11.4375,0.0712672,11.5106
542,1,SignFlip,11.3701,0.0856291,11.5064
542,1,RealAsym,12.2724,0.0240016,12.3679
542,2,Real,11.0922,0.0631754,11.0368
542,2,BrokenStick,8.90812,0.0437103,9.08701
542,2,Uniform,7.38502,0.0280463,7.4017
542,2,Reshuffle,11.571,0.0720488,11.5643
542,2,SignFlip,12.3642,0.117273,12.3499
542,2,RealAsym,11.9773,0.0252998,11.9741
542,3,Real,11.0261,0.0631754,11.1226
542,3,BrokenStick,8.74797,0.0388,8.7958
542,3,Uniform,7.4888,0.0280463,7.47042
542,3,Reshuffle,11.7187,0.0738208,11.5507
542,3,SignFlip,11.8314,0.0985915,11.8819
542,3,RealAsym,11.9933,0.0204417,12.0496
542,4,Real,11.3022,0.0631754,11.2051
542,4,BrokenStick,9.06138,0.0396873,9.12366
542,4,Uniform,7.38937,0.0280463,7.40554
542,4,Reshuffle,11.3349,0.0742103,11.3637
542,4,SignFlip,12.1549,0.110692,12.225
542,4,RealAsym,12.2221,0.0209849,12.2542
573,0,Real,10.4797,0.0545109,10.3965
573,0,BrokenStick,9.23038,0.0383136,9.26253
573,0,Uniform,7.34116,0.027043,7.29122
573,0,Reshuffle,10.2902,0.0549406,10.569
573,0,SignFlip,11.1088,0.0669847,11.1129
573,0,RealAsym,11.6724,0.0264162,11.6131
573,1,Real,10.5843,0.0545109,10.6879
573,1,BrokenStick,8.50179,0.0344396,8.47364
573,1,Uniform,7.29527,0.027043,7.28401
573,1,Reshuffle,10.6765,0.0575099,10.8137
573,1,SignFlip,10.7564,0.0643961,10.7373
573,1,RealAsym,11.7297,0.025906,11.779
573,2,Real,10.3351,0.0545109,10.3206
573,2,BrokenStick,9.05675,0.0363289,8.9032
573,2,Uniform,7.31031,0.027043,7.41859
573,2,Reshuffle,10.2869,0.0559551,10.4438
573,2,SignFlip,10.5626,0.0660794,10.7493
573,2,RealAsym,12.2457,0.0236835,12.2612
573,3,Real,10.9493,0.0545109,10.9811
573,3,BrokenStick,8.54939,0.0339743,8.56645
573,3,Uniform,7.28267,0.027043,7.29729
573,3,Reshuffle,10.4295,0.0556394,10.2446
573,3,SignFlip,10.8654,0.0699061,10.8696
573,3,RealAsym,11.4813,0.0221554,11.479
573,4,Real,10.6382,0.0545109,10.7079
573,4,BrokenStick,9.20618,0.0393979,9.1277
573,4,Uniform,7.14007,0.027043,7.20188
573,4,Reshuffle,10.0442,0.0561122,10.1348
573,4,SignFlip,10.6601,0.0640548,10.6297
573,4,RealAsym,11.9499,0.0232755,11.9476
605,0,Real,11.3297,0.0679992,11.1569
605,0,BrokenStick,9.26202,0.0408257,9.23305
605,0,Uniform,7.32359,0.0288757,7.29002
605,0,Reshuffle,10.7336,0.0715979,11.0322
605,0,SignFlip,11.2377,0.0836826,11.3371
605,0,RealAsym,12.8229,0.0286079,12.752
605,1,Real,11.2765,0.0679992,11.3877
605,1,BrokenStick,9.66728,0.0456191,9.68968
605,1,Uniform,7.30877,0.0288757,7.32747
605,1,Reshuffle,11.0754,0.0665837,11.0706
605,1,SignFlip,11.5476,0.0843992,11.2352
605,1,RealAsym,12.4732,0.0356152,12.561
605,2,Real,11.3553,0.0679992,11.2352
605,2,BrokenStick,8.92893,0.039293,8.89072
605,2,Uniform,7.53741,0.0288757,7.60234
605,2,Reshuffle,11.2241,0.0733733,11.1419
605,2,SignFlip,11.2158,0.0816516,11.2266
605,2,RealAsym,12.2936,0.0223672,12.3499
605,3,Real,11.2539,0.0679992,11.3576
605,3,BrokenStick,10.0857,0.045512,10.048
605,3,Uniform,7.60908,0.0288757,7.72278
605,3,Reshuffle,10.9344,0.0700284,10.9684
605,3,SignFlip,11.6685,0.0856489,11.4816
605,3,RealAsym,12.0547,0.0229698,12.0935
605,4,Real,11.2296,0.0679992,11.313
605,4,BrokenStick,9.31791,0.0406093,9.29502
605,4,Uniform,7.34556,0.0288757,7.43033
605,4,Reshuffle,11.0871,0.0725854,11.1849
605,4,SignFlip,11.2515,0.0839579,11.2935
605,4,RealAsym,12.8556,0.0281088,12.8399
619,0,Real,10.9128,0.0578188,10.7018
619,0,BrokenStick,8.87991,0.0364312,8.93683
619,0,Uniform,8.56348,0.0372872,8.62435
619,0,Reshuffle,10.4585,0.0518649,10.3566
619,0,SignFlip,10.282,0.0739433,10.4935
619,0,RealAsym,14.1266,0.0392952,14.187
619,1,Real,10.8362,0.0578188,10.682
619,1,BrokenStick,8.9889,0.0372309,9.06628
619,1,Uniform,8.46197,0.0372872,8.54612
619,1,Reshuffle,10.637,0.0620083,10.6311
619,1,SignFlip,10.658,0.0622884,10.593
619,1,RealAsym,14.2302,0.0417669,14.2025
619,2,Real,10.6962,0.0578188,10.7516
619,2,BrokenStick,9.6396,0.0413769,9.5671
619,2,Uniform,8.70453,0.0372872,8.75367
619,2,Reshuffle,10.8959,0.0625966,10.7516
619,2,SignFlip,11.0919,0.0651066,11.0134
619,2,RealAsym,14.1421,0.0355571,14.1582
619,3,Real,10.5965,0.0578188,10.6174
619,3,BrokenStick,9.15612,0.0408458,9.19505
619,3,Uniform,8.47887,0.0372872,8.59348
619,3,Reshuffle,11.1447,0.0614116,11.0558
619,3,SignFlip,10.4933,0.0735495,10.7089
619,3,RealAsym,13.603,0.0375075,13.5755
619,4,Real,10.7246,0.0578188,10.5857
619,4,BrokenStick,10.269,0.0462077,10.2107
619,4,Uniform,8.57067,0.0372872,8.54415
619,4,Reshuffle,10.2828,0.0533555,10.2138
619,4,SignFlip,11.044,0.0719729,11.1214
619,4,RealAsym,13.7076,0.0393478,13.8021
748,0,Real,9.95427,0.0543296,9.99156
748,0,BrokenStick,9.34017,0.0395823,9.2834
748,0,Uniform,8.04894,0.0330671,8.1068
748,0,Reshuffle,10.0603,0.0574097,10.1773
748,0,SignFlip,10.3459,0.0570999,10.3999
748,0,RealAsym,13.153,0.0354764,13.1786
748,1,Real,10.5125,0.0543296,10.4567
748,1,BrokenStick,8.38365,0.0349753,8.45801
748,1,Uniform,7.72218,0.0330671,7.83469
748,1,Reshuffle,9.71302,0.0507538,9.6778
748,1,SignFlip,10.3255,0.0577415,10.2181
748,1,RealAsym,12.762,0.0361311,12.9394
748,2,Real,10.1066,0.0543296,10.2135
748,2,BrokenStick,9.27265,0.0405178,9.30899
748,2,Uniform,8.21912,0.0330671,8.19496
748,2,Reshuffle,10.4569,0.0589923,10.4279
748,2,SignFlip,9.9716,0.0576285,10.1418
748,2,RealAsym,13.2118,0.0264209,13.3055
748,3,Real,10.4656,0.0543296,10.5634
748,3,BrokenStick,8.44336,0.0388344,8.44057
748,3,Uniform,8.14826,0.0330671,8.18891
748,3,Reshuffle,9.29368,0.0478501,9.33446
748,3,SignFlip,10.4101,0.0566548,10.4004
748,3,RealAsym,12.8139,0.0284723,12.8222
748,4,Real,10.097,0.0543296,10.0659
748,4,BrokenStick,9.26777,0.0420919,9.19309
748,4,Uniform,8.21624,0.0330671,8.36559
748,4,Reshuffle,10.7595,0.0633899,10.8906
748,4,SignFlip,10.0073,0.0571556,10.0329
748,4,RealAsym,13.0005,0.029694,13.0724
758,0,Real,10.8669,0.0585051,10.9295
758,0,BrokenStick,9.80657,0.0506612,9.86593
758,0,Uniform,8.04008,0.032866,8.08092
758,0,Reshuffle,10.7804,0.0642431,10.8888
758,0,SignFlip,11.1753,0.0707903,11.0415
758,0,RealAsym,13.9239,0.0288286,13.9827
758,1,Real,10.904,0.0585051,10.7374
758,1,BrokenStick,9.45468,0.0437623,9.39988
758,1,Uniform,7.96645,0.032866,7.99986
758,1,Reshuffle,10.8762,0.0657837,10.8694
758,1,SignFlip,10.7683,0.0674362,10.7948
758,1,RealAsym,13.079,0.025493,13.0346
758,2,Real,10.8525,0.0585051,10.8651
758,2,BrokenStick,9.7447,0.0465202,9.9146
758,2,Uniform,8.19149,0.032866,8.29037
758,2,Reshuffle,10.8276,0.0670763,10.8477
758,2,SignFlip,10.6102,0.0703905,10.646
758,2,RealAsym,12.3642,0.034343,12.4008
758,3,Real,10.6467,0.0585051,10.7687
758,3,BrokenStick,9.13515,0.0428422,9.18548
758,3,Uniform,8.05061,0.032866,8.08847
758,3,Reshuffle,10.7855,0.0640496,10.7756
758,3,SignFlip,10.8471,0.0669827,10.7683
758,3,RealAsym,11.5831,0.0324874,11.6285
758,4,Real,10.775,0.0585051,10.7254
758,4,BrokenStick,9.10923,0.0438113,9.20681
758,4,Uniform,8.21412,0.032866,8.20584
758,4,Reshuffle,11.4172,0.0710878,11.392
758,4,SignFlip,10.8395,0.0657607,10.7577
758,4,RealAsym,12.9587,0.0401329,13.0132
781,0,Real,10.371,0.0619428,10.4248
781,0,BrokenStick,9.23963,0.043449,9.30737
781,0,Uniform,8.26567,0.0319613,8.2244
781,0,Reshuffle,11.0753,0.0644605,11.2464
781,0,SignFlip,11.5811,0.0860711,11.7077
781,0,RealAsym,12.146,0.03323,12.1886
781,1,Real,10.6843,0.0619428,10.7778
781,1,BrokenStick,9.53756,0.0441912,9.45715
781,1,Uniform,7.92737,0.0319613,8.04378
781,1,Reshuffle,11.1437,0.0660932,11.0756
781,1,SignFlip,11.3985,0.0882579,11.5167
781,1,RealAsym,11.8229,0.0337174,11.9006
781,2,Real,10.5902,0.0619428,10.6609
781,2,BrokenStick,9.66923,0.042961,9.61085
781,2,Uniform,7.808,0.0319613,7.85773
781,2,Reshuffle,10.965,0.0655192,10.9283
781,2,SignFlip,11.0869,0.0870581,11.1596
781,2,RealAsym,11.7622,0.0302997,11.73
781,3,Real,10.4307,0.0619428,10.4965
781,3,BrokenStick,10.0378,0.0458932,9.94915
781,3,Uniform,8.00262,0.0319613,8.05421
781,3,Reshuffle,10.5728,0.0641183,10.7435
781,3,SignFlip,11.7358,0.085303,11.6837
781,3,RealAsym,12.2133,0.0305907,12.1286
781,4,Real,10.379,0.0619428,10.4184
781,4,BrokenStick,9.66137,0.0455042,9.72895
781,4,Uniform,8.24195,0.0319613,8.20032
781,4,Reshuffle,11.0031,0.0667706,11.1019
781,4,SignFlip,11.0489,0.0772366,11.0848
781,4,RealAsym,12.4947,0.0293762,12.4974
901,0,Real,9.24879,0.0486807,9.18112
901,0,BrokenStick,9.0598,0.0395085,9.00636
901,0,Uniform,8.10939,0.0328342,8.15925
901,0,Reshuffle,8.89739,0.0477464,8.96658
901,0,SignFlip,8.7934,0.0512603,8.88592
901,0,RealAsym,13.3271,0.0428376,13.3053
901,1,Real,9.43781,0.0486807,9.37985
901,1,BrokenStick,8.98083,0.0380369,9.06454
901,1,Uniform,7.98627,0.0328342,8.041
901,1,Reshuffle,10.0605,0.0494929,9.88888
901,1,SignFlip,9.39758,0.0519976,9.4607
901,1,RealAsym,12.3498,0.0344243,12.428
901,2,Real,9.16171,0.0486807,9.15255
901,2,BrokenStick,8.75518,0.0376927,8.80499
901,2,Uniform,8.06067,0.0328342,8.09236
901,2,Reshuffle,9.55303,0.0516187,9.6299
901,2,SignFlip,9.20517,0.0519715,9.32064
901,2,RealAsym,13.2928,0.0345837,13.2744
901,3,Real,9.02567,0.0486807,9.06381
901,3,BrokenStick,9.02367,0.0385752,9.09685
901,3,Uniform,8.18898,0.0328342,8.2129
901,3,Reshuffle,9.49292,0.0500736,9.50255
901,3,SignFlip,9.2716,0.0519985,9.28435
901,3,RealAsym,12.9803,0.0244221,12.9717
901,4,Real,9.46985,0.0486807,9.49695
901,4,BrokenStick,8.96321,0.037677,9.05964
901,4,Uniform,8.20669,0.0328342,8.22899
901,4,Reshuffle,9.42016,0.0488683,9.46472
901,4,SignFlip,9.17286,0.0511044,9.2105
901,4,RealAsym,13.0628,0.0381221,13.141
917,0,Real,8.94341,0.0453182,8.98629
917,0,BrokenStick,8.79487,0.0365066,8.75147
917,0,Uniform,8.18395,0.0312283,8.24126
917,0,Reshuffle,9.05583,0.0452425,9.03471
917,0,SignFlip,8.49055,0.0480725,8.45769
917,0,RealAsym,12.9627,0.0288315,12.9433
917,1,Real,8.88756,0.0453182,8.81191
917,1,BrokenStick,8.87071,0.0357741,8.85699
917,1,Uniform,7.76382,0.0312283,7.76954
917,1,Reshuffle,8.89624,0.0441939,8.93191
917,1,SignFlip,8.52661,0.0480667,8.6421
917,1,RealAsym,12.7481,0.0300203,12.6811
917,2,Real,9.03905,0.0453182,8.99312
917,2,BrokenStick,8.51739,0.0390745,8.53064
917,2,Uniform,8.08691,0.0312283,8.15601
917,2,Reshuffle,10.1582,0.0610823,10.1894
917,2,SignFlip,8.57274,0.0483128,8.53751
917,2,RealAsym,13.8696,0.0386808,13.8505
917,3,Real,8.68912,0.0453182,8.86891
917,3,BrokenStick,8.88396,0.0365441,8.90104
917,3,Uniform,8.02687,0.0312283,8.14252
917,3,Reshuffle,9.17921,0.0462124,9.1436
917,3,SignFlip,8.79435,0.0479084,8.66548
917,3,RealAsym,13.3186,0.0307575,13.4127
917,4,Real,8.86611,0.0453182,8.87914
917,4,BrokenStick,8.46093,0.037729,8.49795
917,4,Uniform,7.76266,0.0312283,7.90477
917,4,Reshuffle,8.6867,0.0453476,8.70865
917,4,SignFlip,8.63793,0.0482917,8.69217
917,4,RealAsym,13.9507,0.0315489,13.9445
962,0,Real,9.99267,0.0527469,10.0692
962,0,BrokenStick,9.11416,0.0418253,9.0038
962,0,Uniform,8.87589,0.0384118,8.90274
962,0,Reshuffle,9.73065,0.0525425,9.94874
962,0,SignFlip,9.87634,0.0579554,9.95277
962,0,RealAsym,12.5272,0.0319548,12.6814
962,1,Real,9.75101,0.0527469,9.85948
962,1,BrokenStick,9.6917,0.0476102,9.81128
962,1,Uniform,8.70044,0.0384118,8.727
962,1,Reshuffle,10.1356,0.0543699,10.1527
962,1,SignFlip,9.84457,0.0556255,9.92088
962,1,RealAsym,13.4711,0.0384457,13.5666
962,2,Real,9.72358,0.0527469,9.79088
962,2,BrokenStick,10.7002,0.055605,10.8053
962,2,Uniform,8.88276,0.0384118,8.85902
962,2,Reshuffle,9.92931,0.0543791,9.70941
962,2,SignFlip,9.52539,0.0564485,9.58622
962,2,RealAsym,13.3901,0.0339147,13.3643
962,3,Real,9.96339,0.0527469,9.97256
962,3,BrokenStick,9.9294,0.0452979,9.96102
962,3,Uniform,8.48852,0.0384118,8.44349
962,3,Reshuffle,9.33196,0.0519563,9.27126
962,3,SignFlip,9.58705,0.0593775,9.79101
962,3,RealAsym,12.3196,0.0317735,12.2837
962,4,Real,9.87686,0.0527469,9.89041
962,4,BrokenStick,9.64931,0.0463861,9.7145
962,4,Uniform,8.48722,0.0384118,8.49164
962,4,Reshuffle,9.67999,0.0522917,9.71023
962,4,SignFlip,9.61442,0.0586605,9.64698
962,4,RealAsym,13.535,0.0331277,13.5561
970,0,Real,10.5966,0.0558822,10.6907
970,0,BrokenStick,8.18343,0.0344865,8.21146
970,0,Uniform,7.55463,0.0310769,7.63264
970,0,Reshuffle,10.6901,0.0575017,10.6077
970,0,SignFlip,10.5011,0.0654789,10.7122
970,0,RealAsym,14.6158,0.0356237,14.631
970,1,Real,10.6365,0.0558822,10.7602
970,1,BrokenStick,9.4506,0.0435387,9.48241
970,1,Uniform,7.46191,0.0310769,7.48588
970,1,Reshuffle,10.5331,0.0593093,10.505
970,1,SignFlip,10.6175,0.0623523,10.5944
970,1,RealAsym,15.0923,0.0321885,15.1367
970,2,Real,10.7447,0.0558822,10.7465
970,2,BrokenStick,9.39851,0.0414553,9.56026
970,2,Uniform,7.86624,0.0310769,7.85692
970,2,Reshuffle,10.2803,0.0537438,10.2193
970,2,SignFlip,11.0907,0.0671451,11.037
970,2,RealAsym,14.1863,0.0361211,14.2753
970,3,Real,10.2842,0.0558822,10.4146
970,3,BrokenStick,8.58455,0.0358238,8.62841
970,3,Uniform,7.74855,0.0310769,7.7039
970,3,Reshuffle,10.7749,0.060111,10.7485
970,3,SignFlip,10.9619,0.0658386,10.8618
970,3,RealAsym,12.5446,0.0310832,12.582
970,4,Real,10.3773,0.0558822,10.5338
970,4,BrokenStick,9.1163,0.0385008,9.18058
970,4,Uniform,7.71286,0.0310769,7.80686
970,4,Reshuffle,11.1373,0.0586333,10.9681
970,4,SignFlip,10.9081,0.0678019,10.9362
970,4,RealAsym,14.4264,0.0294649,14.4443
1021,0,Real,8.1247,0.0394137,8.12956
1021,0,BrokenStick,8.30524,0.0314604,8.33911
1021,0,Uniform,8.262,0.0306814,8.29578
1021,0,Reshuffle,8.16789,0.0404756,8.20454
1021,0,SignFlip,7.80939,0.0410732,7.7444
1021,0,RealAsym,14.5544,0.0392552,14.6823
1021,1,Real,8.13422,0.0394137,8.11287
1021,1,BrokenStick,8.05243,0.0327609,8.0803
1021,1,Uniform,8.20825,0.0306814,8.25086
1021,1,Reshuffle,8.05424,0.0390579,8.08193
1021,1,SignFlip,8.08496,0.0406032,8.11069
1021,1,RealAsym,11.8736,0.0399641,11.9265
1021,2,Real,8.26719,0.0394137,8.27064
1021,2,BrokenStick,7.92592,0.0347012,7.97454
1021,2,Uniform,7.6419,0.0306814,7.70684
1021,2,Reshuffle,8.02988,0.0390018,8.09263
1021,2,SignFlip,7.78502,0.0416825,7.85781
1021,2,RealAsym,12.5383,0.0352584,12.5297
1021,3,Real,8.16961,0.0394137,8.29295
1021,3,BrokenStick,8.54985,0.0349089,8.47058
1021,3,Uniform,7.94346,0.0306814,7.99925
1021,3,Reshuffle,8.32866,0.0402499,8.26018
1021,3,SignFlip,8.30972,0.0409404,8.23553
1021,3,RealAsym,13.4262,0.0425344,13.503
1021,4,Real,8.2833,0.0394137,8.38955
1021,4,BrokenStick,8.45344,0.0356833,8.52694
1021,4,Uniform,8.18511,0.0306814,8.21401
1021,4,Reshuffle,8.39205,0.0376083,8.37811
1021,4,SignFlip,7.80065,0.0414001,7.75513
1021,4,RealAsym,14.242,0.0444253,14.1424
1079,0,Real,9.54417,0.0492052,9.48849
1079,0,BrokenStick,8.57745,0.0343576,8.46761
1079,0,Uniform,8.04929,0.0309108,8.04469
1079,0,Reshuffle,9.62911,0.054808,9.71659
1079,0,SignFlip,8.76979,0.0534757,8.91991
1079,0,RealAsym,14.032,0.0439276,14.0755
1079,1,Real,9.38089,0.0492052,9.4809
1079,1,BrokenStick,8.31575,0.0318755,8.36436
1079,1,Uniform,7.57745,0.0309108,7.64961
1079,1,Reshuffle,9.77315,0.0501306,9.93744
1079,1,SignFlip,9.2976,0.0570569,9.20086
1079,1,RealAsym,14.4555,0.0348545,14.5603
1079,2,Real,9.535,0.0492052,9.58895
1079,2,BrokenStick,8.78967,0.0363157,8.65627
1079,2,Uniform,7.9462,0.0309108,7.95618
1079,2,Reshuffle,9.80993,0.0505434,9.57693
1079,2,SignFlip,9.1157,0.0577062,9.17104
1079,2,RealAsym,13.6137,0.0362647,13.5655
1079,3,Real,9.41538,0.0492052,9.44877
1079,3,BrokenStick,9.07692,0.0363542,9.00833
1079,3,Uniform,8.05807,0.0309108,8.06131
1079,3,Reshuffle,9.65721,0.0501837,9.73052
1079,3,SignFlip,8.99682,0.0569212,9.05335
1079,3,RealAsym,13.5139,0.0377674,13.6042
1079,4,Real,9.04957,0.0492052,9.05104
1079,4,BrokenStick,9.11803,0.037666,9.06962
1079,4,Uniform,8.00699,0.0309108,7.97959
1079,4,Reshuffle,9.69831,0.0493347,9.70952
1079,4,SignFlip,9.28936,0.056689,9.27891
1079,4,RealAsym,13.5806,0.0325471,13.5819
1083,0,Real,8.93095,0.0433552,9.04661
1083,0,BrokenStick,9.46924,0.0393555,9.39903
1083,0,Uniform,8.40342,0.0325918,8.41227
1083,0,Reshuffle,9.30006,0.0443756,9.3469
1083,0,SignFlip,8.66356,0.0478984,8.67337
1083,0,RealAsym,12.7228,0.0224502,12.7489
1083,1,Real,9.16665,0.0433552,9.2425
1083,1,BrokenStick,9.11273,0.0339941,9.05836
1083,1,Uniform,8.18157,0.0325918,8.20811
1083,1,Reshuffle,9.2666,0.0410704,9.24554
1083,1,SignFlip,8.8142,0.0475326,8.83162
1083,1,RealAsym,13.3114,0.0297669,13.2968
1083,2,Real,9.25799,0.0433552,9.26568
1083,2,BrokenStick,8.59965,0.0337753,8.5733
1083,2,Uniform,8.53177,0.0325918,8.51325
1083,2,Reshuffle,9.41252,0.0444315,9.48869
1083,2,SignFlip,9.07425,0.0478643,9.14422
1083,2,RealAsym,12.7355,0.0262211,12.7526
1083,3,Real,9.07743,0.0433552,9.13429
1083,3,BrokenStick,8.5365,0.0350211,8.5671
1083,3,Uniform,8.47303,0.0325918,8.50618
1083,3,Reshuffle,9.27424,0.0419844,9.34232
1083,3,SignFlip,8.74138,0.0460069,8.76114
1083,3,RealAsym,14.1149,0.027296,14.1349
1083,4,Real,9.2783,0.0433552,9.35006
1083,4,BrokenStick,8.3526,0.0344394,8.3479
1083,4,Uniform,8.61339,0.0325918,8.62411
1083,4,Reshuffle,9.34392,0.0439946,9.3815
1083,4,SignFlip,9.34108,0.0485829,9.33379
1083,4,RealAsym,12.1265,0.0286968,12.1261
1113,0,Real,9.44322,0.0488181,9.52157
1113,0,BrokenStick,8.65972,0.0339399,8.67065
1113,0,Uniform,8.04203,0.0307974,8.11395
1113,0,Reshuffle,9.62756,0.0505164,9.61477
1113,0,SignFlip,9.07042,0.0507772,9.14451
1113,0,RealAsym,13.0224,0.0350338,13.0131
1113,1,Real,9.95216,0.0488181,9.86054
1113,1,BrokenStick,8.64788,0.0343928,8.76944
1113,1,Uniform,8.36842,0.0307974,8.30581
1113,1,Reshuffle,9.86224,0.0499695,10.011
1113,1,SignFlip,9.73157,0.051854,9.91588
1113,1,RealAsym,13.1366,0.0316271,13.1308
1113,2,Real,9.16567,0.0488181,9.16281
1113,2,BrokenStick,9.17674,0.0377427,9.12753
1113,2,Uniform,7.98047,0.0307974,8.00446
1113,2,Reshuffle,10.0509,0.0500089,10.0128
1113,2,SignFlip,10.1664,0.0514692,10.0997
1113,2,RealAsym,14.2972,0.0279985,14.3178
1113,3,Real,9.33405,0.0488181,9.42501
1113,3,BrokenStick,8.83947,0.0364345,9.08849
1113,3,Uniform,7.9469,0.0307974,7.9797
1113,3,Reshuffle,9.44678,0.0442277,9.47851
1113,3,SignFlip,9.8218,0.0512971,9.92725
1113,3,RealAsym,13.3364,0.0304494,13.3035
1113,4,Real,9.9549,0.0488181,9.93166
1113,4,BrokenStick,8.37926,0.032206,8.34114
1113,4,Uniform,8.18437,0.0307974,8.16018
1113,4,Reshuffle,9.8564,0.0491479,9.87973
1113,4,SignFlip,9.21707,0.052279,9.27114
1113,4,RealAsym,13.1805,0.0250938,13.2713
1147,0,Real,10.2994,0.0567111,10.2852
1147,0,BrokenStick,9.7122,0.0493676,9.73737
1147,0,Uniform,7.67312,0.0349219,7.71803
1147,0,Reshuffle,9.99383,0.0565986,10.0618
1147,0,SignFlip,11.4069,0.0875874,11.5551
1147,0,RealAsym,12.2624,0.03565,12.2447
1147,1,Real,10.1704,0.0567111,10.1773
1147,1,BrokenStick,9.36992,0.0468247,9.29138
1147,1,Uniform,7.77068,0.0349219,7.83115
1147,1,Reshuffle,10.2551,0.0612972,10.2786
1147,1,SignFlip,11.2329,0.0871853,11.3156
1147,1,RealAsym,12.7906,0.0311175,12.811
1147,2,Real,10.2309,0.0567111,10.2769
1147,2,BrokenStick,9.43243,0.047424,9.39158
1147,2,Uniform,7.85941,0.0349219,7.93379
1147,2,Reshuffle,10.7105,0.0621993,10.7371
1147,2,SignFlip,10.9865,0.0777704,10.9744
1147,2,RealAsym,11.7718,0.033815,11.7234
1147,3,Real,10.2811,0.0567111,10.356
1147,3,BrokenStick,8.99489,0.0445271,8.93076
1147,3,Uniform,8.01185,0.0349219,8.0586
1147,3,Reshuffle,10.3609,0.0589434,10.1948
1147,3,SignFlip,11.3585,0.086157,11.4372
1147,3,RealAsym,12.9615,0.0294646,13.0555
1147,4,Real,10.2463,0.0567111,10.32
1147,4,BrokenStick,9.02782,0.0479035,9.15606
1147,4,Uniform,7.94777,0.0349219,7.96294
1147,4,Reshuffle,10.0562,0.0628447,10.1036
1147,4,SignFlip,11.0595,0.0786486,11.0671
1147,4,RealAsym,12.1219,0.0320243,12.0788
1236,0,Real,9.84484,0.0553442,9.87772
1236,0,BrokenStick,9.60475,0.0467777,9.69901
1236,0,Uniform,8.19809,0.0368372,8.24897
1236,0,Reshuffle,9.7317,0.0528705,9.75264
1236,0,SignFlip,9.86894,0.0594051,9.74957
1236,0,RealAsym,13.6561,0.0407509,13.7298
1236,1,Real,10.1537,0.0553442,10.1654
1236,1,BrokenStick,9.35925,0.0473204,9.426
1236,1,Uniform,8.80536,0.0368372,8.73464
1236,1,Reshuffle,10.097,0.0566661,10.0837
1236,1,SignFlip,10.156,0.059369,9.99832
1236,1,RealAsym,13.3658,0.0384009,13.5678
1236,2,Real,9.88213,0.0553442,9.89443
1236,2,BrokenStick,9.77897,0.0493774,9.79106
1236,2,Uniform,8.53604,0.0368372,8.67295
1236,2,Reshuffle,10.333,0.0604335,10.4337
1236,2,SignFlip,9.50516,0.0581262,9.49713
1236,2,RealAsym,14.2079,0.0408964,14.1577
1236,3,Real,9.8086,0.0553442,9.81438
1236,3,BrokenStick,9.73317,0.0477464,9.62786
1236,3,Uniform,8.57238,0.0368372,8.55107
1236,3,Reshuffle,10.067,0.0562387,9.90472
1236,3,SignFlip,9.68443,0.0578021,9.79212
1236,3,RealAsym,11.9923,0.0418044,12.0477
1236,4,Real,10.1863,0.0553442,10.1706
1236,4,BrokenStick,9.68482,0.0485022,9.6619
1236,4,Uniform,8.61067,0.0368372,8.69833
1236,4,Reshuffle,9.9846,0.0564249,10.0354
1236,4,SignFlip,10.087,0.0596161,10.0049
1236,4,RealAsym,13.6146,0.0463086,13.6775
1257,0,Real,9.95483,0.052799,9.97473
1257,0,BrokenStick,9.17023,0.0406389,9.26107
1257,0,Uniform,7.74978,0.030512,7.78398
1257,0,Reshuffle,10.3544,0.0555559,10.3795
1257,0,SignFlip,9.948,0.0586477,9.94697
1257,0,RealAsym,12.449,0.0345438,12.4841
1257,1,Real,10.1463,0.052799,10.1572
1257,1,BrokenStick,9.03943,0.0384603,9.10305
1257,1,Uniform,7.97738,0.030512,7.99703
1257,1,Reshuffle,10.3293,0.0551714,10.3671
1257,1,SignFlip,10.3676,0.0583888,10.3166
1257,1,RealAsym,13.1518,0.0261061,13.1548
1257,2,Real,9.5645,0.052799,9.626
1257,2,BrokenStick,9.0533,0.0359263,8.94896
1257,2,Uniform,7.89461,0.030512,7.86944
1257,2,Reshuffle,9.6791,0.051831,9.79641
1257,2,SignFlip,9.8705,0.0583192,10.0036
1257,2,RealAsym,13.9477,0.0343374,14.0673
1257,3,Real,10.1754,0.052799,10.155
1257,3,BrokenStick,8.94983,0.039785,8.94596
1257,3,Uniform,7.88566,0.030512,7.8944
1257,3,Reshuffle,9.77322,0.0495164,9.78558
1257,3,SignFlip,9.77897,0.0583467,9.86705
1257,3,RealAsym,12.9635,0.0323175,12.9707
1257,4,Real,10.0323,0.052799,10.194
1257,4,BrokenStick,9.48227,0.0440443,9.49113
1257,4,Uniform,7.73346,0.030512,7.68633
1257,4,Reshuffle,9.9569,0.0554389,10.0133
1257,4,SignFlip,9.69433,0.0592466,9.85839
1257,4,RealAsym,13.1654,0.0322917,13.1946
1284,0,Real,9.70411,0.0506273,9.59002
1284,0,BrokenStick,9.45955,0.0431073,9.44615
1284,0,Uniform,8.28699,0.0352213,8.3148
1284,0,Reshuffle,9.62829,0.0525788,9.59266
1284,0,SignFlip,9.39013,0.0532793,9.36714
1284,0,RealAsym,12.4698,0.0367448,12.5564
1284,1,Real,9.65364,0.0506273,9.66985
1284,1,BrokenStick,9.56,0.0431845,9.56173
1284,1,Uniform,8.44744,0.0352213,8.44478
1284,1,Reshuffle,9.35479,0.0522004,9.38922
1284,1,SignFlip,9.20827,0.0552911,9.22424
1284,1,RealAsym,12.3861,0.0385865,12.3296
1284,2,Real,9.58074,0.0506273,9.66482
1284,2,BrokenStick,8.85285,0.0418966,8.90762
1284,2,Uniform,8.07016,0.0352213,8.14511
1284,2,Reshuffle,9.25685,0.0514522,9.23969
1284,2,SignFlip,9.69436,0.0563641,9.48859
1284,2,RealAsym,12.3549,0.0420614,12.3492
1284,3,Real,9.00386,0.0506273,9.07654
1284,3,BrokenStick,9.20176,0.0409878,9.25461
1284,3,Uniform,8.46582,0.0352213,8.47056
1284,3,Reshuffle,9.31557,0.0500567,9.31113
1284,3,SignFlip,9.61341,0.0551322,9.56544
1284,3,RealAsym,13.0222,0.0451382,13.0561
1284,4,Real,9.49082,0.0506273,9.5146
1284,4,BrokenStick,9.65691,0.0459411,9.67063
1284,4,Uniform,8.17563,0.0352213,8.1823
1284,4,Reshuffle,8.98304,0.0497381,9.10841
1284,4,SignFlip,9.39658,0.0551149,9.47852
1284,4,RealAsym,14.8721,0.0359121,14.8636
1353,0,Real,10.805,0.0598317,10.8089
1353,0,BrokenStick,9.67903,0.0423673,9.63604
1353,0,Uniform,8.30778,0.0341539,8.33156
1353,0,Reshuffle,10.6453,0.0609444,10.8487
1353,0,SignFlip,10.4382,0.064868,10.5292
1353,0,RealAsym,13.4796,0.0373809,13.5188
1353,1,Real,10.5413,0.0598317,10.5567
1353,1,BrokenStick,9.29742,0.0430047,9.36315
1353,1,Uniform,8.37921,0.0341539,8.36407
1353,1,Reshuffle,11.0489,0.0674994,11.0103
1353,1,SignFlip,10.7155,0.0650594,10.8071
1353,1,RealAsym,13.994,0.038285,13.9495
1353,2,Real,10.1654,0.0598317,10.2445
1353,2,BrokenStick,9.22635,0.0441536,9.41444
1353,2,Uniform,8.48965,0.0341539,8.55819
1353,2,Reshuffle,10.5728,0.0591993,10.6384
1353,2,SignFlip,10.5967,0.0645466,10.6371
1353,2,RealAsym,14.488,0.0417104,14.5303
1353,3,Real,10.3146,0.0598317,10.3386
1353,3,BrokenStick,9.88124,0.0491023,9.83678
1353,3,Uniform,8.32698,0.0341539,8.2523
1353,3,Reshuffle,10.6515,0.0617459,10.5928
1353,3,SignFlip,10.6964,0.0649844,10.6163
1353,3,RealAsym,13.4218,0.040282,13.4433
1353,4,Real,10.6885,0.0598317,10.6711
1353,4,BrokenStick,9.14457,0.0392438,9.17071
1353,4,Uniform,8.23733,0.0341539,8.29471
1353,4,Reshuffle,10.5705,0.0593165,10.5497
1353,4,SignFlip,10.816,0.0648311,10.814
1353,4,RealAsym,13.7048,0.033787,13.8242
1418,0,Real,10.9929,0.0690627,10.9495
1418,0,BrokenStick,9.75619,0.0462644,9.64571
1418,0,Uniform,8.30082,0.033034,8.33903
1418,0,Reshuffle,10.8759,0.0671699,10.8882
1418,0,SignFlip,10.8665,0.0853733,10.7658
1418,0,RealAsym,9.8123,0.0299587,9.85902
1418,1,Real,10.9028,0.0690627,10.7921
1418,1,BrokenStick,10.4912,0.0520964,10.5271
1418,1,Uniform,8.22659,0.033034,8.28362
1418,1,Reshuffle,11.2397,0.068428,11.3402
1418,1,SignFlip,10.7333,0.0817472,10.6819
1418,1,RealAsym,13.9367,0.0318569,13.8236
1418,2,Real,11.0211,0.0690627,10.9016
1418,2,BrokenStick,9.54946,0.0434384,9.53656
1418,2,Uniform,8.35149,0.033034,8.38783
1418,2,Reshuffle,10.9839,0.0707793,11.261
1418,2,SignFlip,11.1732,0.0772568,10.9774
1418,2,RealAsym,13.6222,0.03,13.6731
1418,3,Real,10.8184,0.0690627,10.916
1418,3,BrokenStick,10.3253,0.0489874,10.2016
1418,3,Uniform,8.07909,0.033034,8.18996
1418,3,Reshuffle,11.2163,0.0703539,11.0461
1418,3,SignFlip,10.5576,0.0838434,10.6229
1418,3,RealAsym,13.5537,0.0356925,13.5609
1418,4,Real,11.024,0.0690627,11.06
1418,4,BrokenStick,10.3355,0.0497186,10.431
1418,4,Uniform,7.94975,0.033034,7.94088
1418,4,Reshuffle,10.8249,0.0682574,10.9114
1418,4,SignFlip,10.7918,0.0812665,10.9892
1418,4,RealAsym,13.1397,0.0387095,13.1614
1420,0,Real,8.18392,0.0363191,8.21946
1420,0,BrokenStick,8.81932,0.0351356,8.86138
1420,0,Uniform,7.96747,0.0310035,7.99372
1420,0,Reshuffle,8.04032,0.0365342,7.9608
1420,0,SignFlip,7.58992,0.0369576,7.58546
1420,0,RealAsym,13.4361,0.0397233,13.4734
1420,1,Real,7.78717,0.0363191,7.75589
1420,1,BrokenStick,8.50235,0.0337182,8.54982
1420,1,Uniform,8.2634,0.0310035,8.29196
1420,1,Reshuffle,7.69218,0.0368822,7.64258
1420,1,SignFlip,7.6285,0.0367483,7.60345
1420,1,RealAsym,13.4613,0.0335576,13.5014
1420,2,Real,7.76107,0.0363191,7.72889
1420,2,BrokenStick,9.15701,0.0357243,9.18986
1420,2,Uniform,8.24756,0.0310035,8.26542
1420,2,Reshuffle,7.75997,0.0350814,7.76319
1420,2,SignFlip,7.66566,0.0370746,7.6107
1420,2,RealAsym,12.6192,0.0264009,12.6144
1420,3,Real,8.11302,0.0363191,7.99708
1420,3,BrokenStick,8.90317,0.0352505,9.02596
1420,3,Uniform,8.3763,0.0310035,8.37684
1420,3,Reshuffle,7.97529,0.0361993,8.02364
1420,3,SignFlip,7.76471,0.0369102,7.87552
1420,3,RealAsym,13.7659,0.0335632,13.8192
1420,4,Real,7.852,0.0363191,7.86273
1420,4,BrokenStick,8.01664,0.033296,8.08932
1420,4,Uniform,7.84702,0.0310035,7.85663
1420,4,Reshuffle,7.86677,0.0351703,7.88754
1420,4,SignFlip,7.56679,0.0370112,7.59501
1420,4,RealAsym,13.4361,0.0377115,13.3584
1454,0,Real,9.64558,0.051008,9.72979
1454,0,BrokenStick,8.84523,0.03862,8.7685
1454,0,Uniform,8.53147,0.0360246,8.5587
1454,0,Reshuffle,9.77378,0.0567259,9.65682
1454,0,SignFlip,9.36961,0.0551647,9.4563
1454,0,RealAsym,13.7392,0.035649,13.7965
1454,1,Real,9.9743,0.051008,9.8383
1454,1,BrokenStick,8.95873,0.0377827,8.96053
1454,1,Uniform,8.67377,0.0360246,8.66237
1454,1,Reshuffle,9.11787,0.048684,9.10104
1454,1,SignFlip,9.25614,0.0537011,9.19029
1454,1,RealAsym,13.5835,0.037616,13.7488
1454,2,Real,9.62745,0.051008,9.74598
1454,2,BrokenStick,9.01867,0.0369086,8.97728
1454,2,Uniform,8.58977,0.0360246,8.63651
1454,2,Reshuffle,9.19977,0.0532392,9.1357
1454,2,SignFlip,9.34116,0.0549405,9.31073
1454,2,RealAsym,13.652,0.0361958,13.6778
1454,3,Real,10.0064,0.051008,9.89013
1454,3,BrokenStick,9.30314,0.0401765,9.35047
1454,3,Uniform,8.61419,0.0360246,8.53731
1454,3,Reshuffle,8.83787,0.0459126,8.88103
1454,3,SignFlip,9.4506,0.055229,9.42249
1454,3,RealAsym,13.76,0.0378555,13.8077
1454,4,Real,9.47572,0.051008,9.51747
1454,4,BrokenStick,8.88204,0.0395528,8.8928
1454,4,Uniform,8.30725,0.0360246,8.31235
1454,4,Reshuffle,9.49536,0.0529958,9.54314
1454,4,SignFlip,9.49699,0.0550756,9.52766
1454,4,RealAsym,13.6188,0.0341371,13.5828
1796,0,Real,8.76146,0.0382057,8.90741
1796,0,BrokenStick,7.67072,0.0295012,7.66799
1796,0,Uniform,7.61401,0.0280785,7.67282
1796,0,Reshuffle,8.56467,0.044697,8.62356
1796,0,SignFlip,8.6757,0.043924,8.60903
1796,0,RealAsym,11.4154,0.0312119,11.4844
1796,1,Real,8.62447,0.0382057,8.73566
1796,1,BrokenStick,8.15687,0.0294835,8.25158
1796,1,Uniform,7.8924,0.0280785,7.96812
1796,1,Reshuffle,8.81158,0.0423859,8.72779
1796,1,SignFlip,8.76571,0.0420165,8.67931
1796,1,RealAsym,12.9255,0.0250233,12.983
1796,2,Real,8.97935,0.0382057,8.83483
1796,2,BrokenStick,7.9434,0.0298109,7.92229
1796,2,Uniform,7.3705,0.0280785,7.39754
1796,2,Reshuffle,8.78791,0.0418546,8.83826
1796,2,SignFlip,8.513,0.042832,8.48278
1796,2,RealAsym,11.6995,0.0321213,11.7355
1796,3,Real,8.48766,0.0382057,8.58511
1796,3,BrokenStick,8.3571,0.0302923,8.3842
1796,3,Uniform,7.83959,0.0280785,7.78594
1796,3,Reshuffle,8.69336,0.0423859,8.59612
1796,3,SignFlip,8.28505,0.0439748,8.26816
1796,3,RealAsym,11.8863,0.0303249,11.8606
1796,4,Real,8.22154,0.0382057,8.44844
1796,4,BrokenStick,8.41073,0.0301125,8.40753
1796,4,Uniform,7.77287,0.0280785,7.8414
1796,4,Reshuffle,8.74438,0.0433212,8.82706
1796,4,SignFlip,8.46468,0.0453429,8.38692
1796,4,RealAsym,12.246,0.0224572,12.325
1850,0,Real,10.1341,0.0509746,10.0941
1850,0,BrokenStick,8.48213,0.0307484,8.47668
1850,0,Uniform,7.68523,0.0298626,7.67687
1850,0,Reshuffle,10.0336,0.0482871,10.0268
1850,0,SignFlip,9.9194,0.0543058,10.0193
1850,0,RealAsym,12.8881,0.020789,12.8526
1850,1,Real,10.0228,0.0509746,10.0125
1850,1,BrokenStick,8.15891,0.0299596,8.17526
1850,1,Uniform,7.43964,0.0298626,7.51441
1850,1,Reshuffle,9.93115,0.0511654,9.90603
1850,1,SignFlip,10.1229,0.0576952,10.0089
1850,1,RealAsym,12.0064,0.0137041,12.0737
1850,2,Real,10.2185,0.0509746,10.2032
1850,2,BrokenStick,8.34645,0.0307344,8.33265
1850,2,Uniform,7.70824,0.0298626,7.76882
1850,2,Reshuffle,10.3821,0.0547105,10.4222
1850,2,SignFlip,10.1173,0.0602262,10.0674
1850,2,RealAsym,12.9693,0.0305321,13.0661
1850,3,Real,9.97113,0.0509746,9.96635
1850,3,BrokenStick,8.18761,0.0301549,8.24062
1850,3,Uniform,7.50307,0.0298626,7.5556
1850,3,Reshuffle,9.9786,0.0512358,9.93202
1850,3,SignFlip,9.65133,0.054851,9.78277
1850,3,RealAsym,13.1995,0.0299282,13.2551
1850,4,Real,9.70762,0.0509746,9.88478
1850,4,BrokenStick,8.27582,0.0299953,8.26876
1850,4,Uniform,8.01192,0.0298626,8.14095
1850,4,Reshuffle,10.1657,0.054403,10.2146
1850,4,SignFlip,10.0082,0.0602131,10.088
1850,4,RealAsym,13.2819,0.0332939,13.246
1889,0,Real,8.85792,0.0357445,8.91526
1889,0,BrokenStick,7.20306,0.0232077,7.26331
1889,0,Uniform,7.52553,0.0246628,7.56981
1889,0,Reshuffle,8.74048,0.0374935,8.88926
1889,0,SignFlip,8.60636,0.039939,8.58967
1889,0,RealAsym,12.1347,0.0297686,12.1312
1889,1,Real,8.82772,0.0357445,8.99069
1889,1,BrokenStick,7.61642,0.0237079,7.61014
1889,1,Uniform,7.44191,0.0246628,7.40253
1889,1,Reshuffle,8.97061,0.0359841,8.97869
1889,1,SignFlip,8.92106,0.0396069,8.81287
1889,1,RealAsym,12.4716,0.0255614,12.556
1889,2,Real,8.77951,0.0357445,8.87087
1889,2,BrokenStick,8.07215,0.0256761,8.04221
1889,2,Uniform,7.4535,0.0246628,7.446
1889,2,Reshuffle,8.84719,0.0374673,8.98653
1889,2,SignFlip,8.53715,0.0394792,8.50761
1889,2,RealAsym,13.0502,0.0223608,13.0903
1889,3,Real,8.7738,0.0357445,8.85059
1889,3,BrokenStick,7.81351,0.0249617,7.69907
1889,3,Uniform,7.21216,0.0246628,7.27582
1889,3,Reshuffle,9.00045,0.0382962,8.93231
1889,3,SignFlip,9.16457,0.0427434,9.17893
1889,3,RealAsym,13.6982,0.0170872,13.6807
1889,4,Real,8.63254,0.0357445,8.74634
1889,4,BrokenStick,6.75615,0.0231865,6.79572
1889,4,Uniform,7.38045,0.0246628,7.38204
1889,4,Reshuffle,8.82181,0.0391747,8.81468
1889,4,SignFlip,9.13596,0.0427936,9.24386
1889,4,RealAsym,14.1715,0.0330245,14.2133
1946,0,Real,8.47539,0.0430832,8.51122
1946,0,BrokenStick,8.30379,0.0349919,8.31842
1946,0,Uniform,8.55738,0.0324107,8.66363
1946,0,Reshuffle,8.78275,0.0420106,8.85732
1946,0,SignFlip,8.33732,0.0439096,8.42553
1946,0,RealAsym,13.5205,0.0359647,13.4209
1946,1,Real,8.35128,0.0430832,8.47141
1946,1,BrokenStick,8.44196,0.0357386,8.46751
1946,1,Uniform,8.29665,0.0324107,8.28744
1946,1,Reshuffle,8.69973,0.0419416,8.67307
1946,1,SignFlip,7.99637,0.0439422,8.04334
1946,1,RealAsym,13.0653,0.0287761,13.0364
1946,2,Real,8.39912,0.0430832,8.45081
1946,2,BrokenStick,8.43279,0.0368223,8.40624
1946,2,Uniform,8.36363,0.0324107,8.33153
1946,2,Reshuffle,8.47104,0.0417464,8.59942
1946,2,SignFlip,8.41542,0.0435621,8.41548
1946,2,RealAsym,13.0796,0.0273628,13.1846
1946,3,Real,8.46189,0.0430832,8.52361
1946,3,BrokenStick,8.73827,0.0386713,8.79757
1946,3,Uniform,8.34522,0.0324107,8.43419
1946,3,Reshuffle,8.96153,0.0419593,8.89883
1946,3,SignFlip,8.20567,0.0438679,8.23527
1946,3,RealAsym,14.4376,0.0225673,14.4494
1946,4,Real,8.44199,0.0430832,8.4722
1946,4,BrokenStick,8.85116,0.0376762,8.86294
1946,4,Uniform,8.39834,0.0324107,8.41569
1946,4,Reshuffle,8.20339,0.0417077,8.22482
1946,4,SignFlip,8.01987,0.043883,8.0907
1946,4,RealAsym,13.2854,0.0241382,13.3801
1967,0,Real,7.60283,0.0325244,7.55022
1967,0,BrokenStick,7.77288,0.0273013,7.81979
1967,0,Uniform,7.911,0.0272775,7.85953
1967,0,Reshuffle,7.48459,0.0319379,7.5761
1967,0,SignFlip,7.43522,0.0336628,7.50405
1967,0,RealAsym,10.9684,0.0287465,11.0157
1967,1,Real,7.5736,0.0325244,7.61613
1967,1,BrokenStick,8.47804,0.0337147,8.48812
1967,1,Uniform,7.84138,0.0272775,7.87815
1967,1,Reshuffle,7.43266,0.0326946,7.43255
1967,1,SignFlip,7.66361,0.0333081,7.65138
1967,1,RealAsym,12.7945,0.0234334,12.8017
1967,2,Real,7.66284,0.0325244,7.83181
1967,2,BrokenStick,7.77456,0.0284346,7.85162
1967,2,Uniform,7.95555,0.0272775,7.9819
1967,2,Reshuffle,7.3166,0.0317197,7.41479
1967,2,SignFlip,7.39982,0.0337289,7.36245
1967,2,RealAsym,11.5981,0.0196164,11.6844
1967,3,Real,7.58379,0.0325244,7.57942
1967,3,BrokenStick,7.91768,0.0295948,8.00662
1967,3,Uniform,7.26945,0.0272775,7.28083
1967,3,Reshuffle,7.43994,0.0316483,7.52167
1967,3,SignFlip,7.29573,0.0336086,7.23983
1967,3,RealAsym,12.3819,0.0235917,12.4582
1967,4,Real,7.37793,0.0325244,7.3752
1967,4,BrokenStick,7.48669,0.0285811,7.48084
1967,4,Uniform,7.77483,0.0272775,7.85197
1967,4,Reshuffle,7.45107,0.0328602,7.44279
1967,4,SignFlip,7.62249,0.0341971,7.68932
1967,4,RealAsym,12.725,0.031369,12.6937
2028,0,Real,9.73452,0.048157,9.71829
2028,0,BrokenStick,9.05005,0.0347796,8.96976
2028,0,Uniform,7.52566,0.0285254,7.58935
2028,0,Reshuffle,9.88968,0.0491163,9.90073
2028,0,SignFlip,9.7781,0.0520534,9.89872
2028,0,RealAsym,13.8647,0.0255006,13.9288
2028,1,Real,9.97987,0.048157,10.0753
2028,1,BrokenStick,9.73647,0.0405812,9.68459
2028,1,Uniform,7.58543,0.0285254,7.64951
2028,1,Reshuffle,9.85323,0.0502661,9.90057
2028,1,SignFlip,9.81313,0.051171,9.62759
2028,1,RealAsym,13.3138,0.0366202,13.4336
2028,2,Real,9.67229,0.048157,9.74543
2028,2,BrokenStick,9.26042,0.0348089,9.24473
2028,2,Uniform,7.40211,0.0285254,7.40496
2028,2,Reshuffle,10.1444,0.048289,10.1374
2028,2,SignFlip,9.46133,0.0513531,9.46023
2028,2,RealAsym,12.7208,0.0304318,12.7885
2028,3,Real,9.76425,0.048157,9.88283
2028,3,BrokenStick,8.02587,0.0303681,8.03099
2028,3,Uniform,7.64552,0.0285254,7.68088
2028,3,Reshuffle,9.88381,0.0494581,9.92879
2028,3,SignFlip,9.54579,0.0520741,9.57394
2028,3,RealAsym,13.0249,0.0348692,13.0236
2028,4,Real,9.73302,0.048157,9.77063
2028,4,BrokenStick,8.50369,0.0340237,8.53887
2028,4,Uniform,7.39392,0.0285254,7.38676
2028,4,Reshuffle,9.18214,0.0449988,9.27395
2028,4,SignFlip,9.78026,0.0513254,9.71975
2028,4,RealAsym,14.1453,0.0366431,14.1362
2129,0,Real,9.97089,0.0488676,10.0989
2129,0,BrokenStick,9.52828,0.0402667,9.52997
2129,0,Uniform,7.72126,0.0298377,7.64749
2129,0,Reshuffle,9.26406,0.048438,9.27444
2129,0,SignFlip,9.31286,0.0522181,9.23294
2129,0,RealAsym,12.9677,0.0213997,12.9978
2129,1,Real,10.3612,0.0488676,10.2223
2129,1,BrokenStick,8.56089,0.0363199,8.56767
2129,1,Uniform,7.60564,0.0298377,7.6765
2129,1,Reshuffle,8.93474,0.0447683,8.905
2129,1,SignFlip,9.41613,0.051894,9.41487
2129,1,RealAsym,13.3653,0.0301144,13.4252
2129,2,Real,9.71492,0.0488676,9.78964
2129,2,BrokenStick,9.21394,0.0366634,9.21088
2129,2,Uniform,8.05501,0.0298377,8.02424
2129,2,Reshuffle,9.97434,0.046536,9.99127
2129,2,SignFlip,9.63404,0.0528932,9.71246
2129,2,RealAsym,12.9551,0.0280456,12.9584
2129,3,Real,9.77574,0.0488676,9.81921
2129,3,BrokenStick,8.88088,0.0354848,8.88463
2129,3,Uniform,8.04343,0.0298377,7.99216
2129,3,Reshuffle,10.0904,0.0504294,10.083
2129,3,SignFlip,9.56755,0.051648,9.52056
2129,3,RealAsym,13.3766,0.0310693,13.4033
2129,4,Real,10.0433,0.0488676,10.056
2129,4,BrokenStick,9.08586,0.0399722,9.08618
2129,4,Uniform,7.6944,0.0298377,7.67522
2129,4,Reshuffle,9.7835,0.0491442,9.75357
2129,4,SignFlip,9.39262,0.0520312,9.44135
2129,4,RealAsym,12.2096,0.0306489,12.3969
2351,0,Real,9.91784,0.0491084,9.96707
2351,0,BrokenStick,8.13535,0.0324922,8.22569
2351,0,Uniform,7.93782,0.0302038,7.92334
2351,0,Reshuffle,9.44708,0.0483591,9.3577
2351,0,SignFlip,9.67416,0.065891,9.69246
2351,0,RealAsym,11.2267,0.028234,11.2685
2351,1,Real,9.911,0.0491084,9.90037
2351,1,BrokenStick,7.51087,0.0313742,7.61877
2351,1,Uniform,7.60422,0.0302038,7.59248
2351,1,Reshuffle,10.1306,0.04908,9.97433
2351,1,SignFlip,9.77277,0.0574516,9.679
2351,1,RealAsym,12.0512,0.0328654,12.1496
2351,2,Real,9.89462,0.0491084,9.84005
2351,2,BrokenStick,8.45312,0.0332421,8.45737
2351,2,Uniform,7.5227,0.0302038,7.51994
2351,2,Reshuffle,10.0328,0.0504622,9.93871
2351,2,SignFlip,10.3666,0.0670967,10.2747
2351,2,RealAsym,12.4139,0.0264768,12.4717
2351,3,Real,9.81235,0.0491084,9.87585
2351,3,BrokenStick,8.77902,0.0337107,8.75693
2351,3,Uniform,7.42819,0.0302038,7.54167
2351,3,Reshuffle,10.2531,0.0538791,10.1415
2351,3,SignFlip,9.47194,0.0584169,9.68139
2351,3,RealAsym,12.2262,0.026378,12.2882
2351,4,Real,9.77869,0.0491084,9.95383
2351,4,BrokenStick,8.05753,0.0327433,8.13664
2351,4,Uniform,7.74493,0.0302038,7.80112
2351,4,Reshuffle,9.86862,0.0473198,9.91917
2351,4,SignFlip,9.96629,0.0580378,10.0581
2351,4,RealAsym,12.2203,0.0284356,12.1977
2405,0,Real,10.2348,0.0555573,10.1784
2405,0,BrokenStick,9.53887,0.0432081,9.61004
2405,0,Uniform,8.0198,0.0300245,8.08792
2405,0,Reshuffle,9.50117,0.053833,9.53582
2405,0,SignFlip,10.3253,0.0638235,10.2653
2405,0,RealAsym,12.9616,0.0328652,13.0214
2405,1,Real,10.2922,0.0555573,10.3012
2405,1,BrokenStick,8.90319,0.0378934,8.88934
2405,1,Uniform,7.88811,0.0300245,7.88893
2405,1,Reshuffle,10.384,0.0578403,10.1138
2405,1,SignFlip,9.85082,0.0626028,9.92094
2405,1,RealAsym,12.9302,0.0265411,12.9294
2405,2,Real,10.6225,0.0555573,10.5526
2405,2,BrokenStick,9.74798,0.0453918,9.57166
2405,2,Uniform,8.12654,0.0300245,8.10429
2405,2,Reshuffle,10.1384,0.0554466,10.1087
2405,2,SignFlip,9.64991,0.062182,9.83386
2405,2,RealAsym,12.6443,0.0301473,12.7088
2405,3,Real,10.1038,0.0555573,10.0505
2405,3,BrokenStick,9.17266,0.0411003,9.09271
2405,3,Uniform,7.87798,0.0300245,7.8742
2405,3,Reshuffle,10.3854,0.059851,10.5413
2405,3,SignFlip,10.2208,0.061929,10.2604
2405,3,RealAsym,12.1552,0.0271941,12.1429
2405,4,Real,10.0918,0.0555573,10.1631
2405,4,BrokenStick,9.26636,0.0410385,9.17515
2405,4,Uniform,7.82618,0.0300245,7.86036
2405,4,Reshuffle,9.8647,0.0565917,9.99562
2405,4,SignFlip,10.0746,0.0625479,10.0327
2405,4,RealAsym,12.6113,0.0260452,12.6335
2471,0,Real,9.58711,0.046743,9.57951
2471,0,BrokenStick,8.52426,0.0299455,8.55919
2471,0,Uniform,7.44203,0.0249093,7.40633
2471,0,Reshuffle,9.21235,0.0470553,9.29437
2471,0,SignFlip,9.32532,0.0520015,9.41151
2471,0,RealAsym,12.1018,0.0202677,12.0989
2471,1,Real,9.32049,0.046743,9.30534
2471,1,BrokenStick,8.39333,0.0319626,8.40182
2471,1,Uniform,7.28151,0.0249093,7.27625
2471,1,Reshuffle,9.87485,0.047512,9.85121
2471,1,SignFlip,9.27008,0.0516578,9.40966
2471,1,RealAsym,12.3818,0.0246976,12.3419
2471,2,Real,9.18495,0.046743,9.19877
2471,2,BrokenStick,8.36076,0.0328823,8.42811
2471,2,Uniform,7.19546,0.0249093,7.22189
2471,2,Reshuffle,9.20078,0.0447491,9.2747
2471,2,SignFlip,9.57654,0.0523957,9.54064
2471,2,RealAsym,12.1241,0.0212447,12.1786
2471,3,Real,9.50301,0.046743,9.55634
2471,3,BrokenStick,8.78646,0.0354844,8.75566
2471,3,Uniform,7.15736,0.0249093,7.15946
2471,3,Reshuffle,9.68741,0.0470097,9.5454
2471,3,SignFlip,9.51304,0.0518928,9.47932
2471,3,RealAsym,13.5496,0.0272368,13.5455
2471,4,Real,9.29139,0.046743,9.26059
2471,4,BrokenStick,8.49725,0.0314381,8.46966
2471,4,Uniform,7.31891,0.0249093,7.33552
2471,4,Reshuffle,9.284,0.0481458,9.42192
2471,4,SignFlip,9.20303,0.0510187,9.33236
2471,4,RealAsym,12.2578,0.0258021,12.2268
2473,0,Real,9.11607,0.04353,9.1142
2473,0,BrokenStick,8.45204,0.0322208,8.51036
2473,0,Uniform,7.98277,0.0276186,7.99336
2473,0,Reshuffle,8.81424,0.0420792,8.77156
2473,0,SignFlip,9.07246,0.0465535,9.05923
2473,0,RealAsym,12.7329,0.0264903,12.8034
2473,1,Real,9.13054,0.04353,9.25803
2473,1,BrokenStick,8.20006,0.0305162,8.29084
2473,1,Uniform,7.4014,0.0276186,7.43088
2473,1,Reshuffle,9.13346,0.0439174,9.10467
2473,1,SignFlip,9.09216,0.0483954,9.12293
2473,1,RealAsym,11.2252,0.0201152,11.2689
2473,2,Real,8.79595,0.04353,8.84592
2473,2,BrokenStick,8.03281,0.029217,8.11091
2473,2,Uniform,7.70946,0.0276186,7.69776
2473,2,Reshuffle,9.23546,0.0449648,9.17604
2473,2,SignFlip,9.23539,0.046198,9.18629
2473,2,RealAsym,12.8536,0.0307321,12.8775
2473,3,Real,9.44922,0.04353,9.23901
2473,3,BrokenStick,8.10609,0.0306428,8.15925
2473,3,Uniform,7.75414,0.0276186,7.74828
2473,3,Reshuffle,8.86401,0.04632,8.93535
2473,3,SignFlip,9.0637,0.0480402,9.15654
2473,3,RealAsym,13.0802,0.0238014,13.0918
2473,4,Real,8.9955,0.04353,8.99687
2473,4,BrokenStick,8.30443,0.0302931,8.42426
2473,4,Uniform,7.35111,0.0276186,7.33348
2473,4,Reshuffle,9.61657,0.0441638,9.56632
2473,4,SignFlip,9.28584,0.0477932,9.24847
2473,4,RealAsym,11.3105,0.0261268,11.3063
2550,0,Real,9.66822,0.048297,9.59908
2550,0,BrokenStick,8.77536,0.0349305,8.82549
2550,0,Uniform,7.52254,0.0294894,7.53082
2550,0,Reshuffle,9.57995,0.0499254,9.5601
2550,0,SignFlip,9.42717,0.055282,9.4326
2550,0,RealAsym,13.0809,0.0273496,13.0239
2550,1,Real,9.90154,0.048297,9.94002
2550,1,BrokenStick,8.28337,0.0338833,8.29649
2550,1,Uniform,8.02431,0.0294894,8.013
2550,1,Reshuffle,9.92832,0.0498666,10.088
2550,1,SignFlip,9.82522,0.056011,9.79644
2550,1,RealAsym,12.6425,0.0299792,12.6536
2550,2,Real,9.79971,0.048297,9.81552
2550,2,BrokenStick,9.38657,0.040475,9.42383
2550,2,Uniform,7.7793,0.0294894,7.87474
2550,2,Reshuffle,10.0424,0.0490477,9.94276
2550,2,SignFlip,9.61989,0.0574793,9.68624
2550,2,RealAsym,12.691,0.0236798,12.6708
2550,3,Real,9.50222,0.048297,9.64787
2550,3,BrokenStick,8.70257,0.0355615,8.73779
2550,3,Uniform,7.62106,0.0294894,7.71472
2550,3,Reshuffle,9.4918,0.049517,9.63322
2550,3,SignFlip,9.97173,0.058698,9.91066
2550,3,RealAsym,12.4783,0.023702,12.4065
2550,4,Real,10.0136,0.048297,9.836
2550,4,BrokenStick,8.9761,0.0376476,9.00593
2550,4,Uniform,7.57811,0.0294894,7.56611
2550,4,Reshuffle,9.96409,0.0510845,9.70786
2550,4,SignFlip,9.74559,0.0578371,9.68668
2550,4,RealAsym,12.3111,0.0331121,12.2236
2595,0,Real,9.17501,0.0436936,9.26055
2595,0,BrokenStick,9.01516,0.0370052,8.98935
2595,0,Uniform,8.30479,0.035034,8.35329
2595,0,Reshuffle,9.18282,0.0391575,9.1968
2595,0,SignFlip,9.54711,0.0487754,9.63379
2595,0,RealAsym,14.8847,0.0279183,14.9775
2595,1,Real,9.44728,0.0436936,9.443
2595,1,BrokenStick,8.44858,0.034435,8.45474
2595,1,Uniform,8.55454,0.035034,8.56825
2595,1,Reshuffle,9.89033,0.0496745,9.93792
2595,1,SignFlip,9.19595,0.0514176,9.26326
2595,1,RealAsym,12.4083,0.0305782,12.3521
2595,2,Real,9.1394,0.0436936,9.21124
2595,2,BrokenStick,9.6787,0.0459173,9.83478
2595,2,Uniform,8.65703,0.035034,8.70182
2595,2,Reshuffle,9.05909,0.0465289,9.13399
2595,2,SignFlip,9.43597,0.045923,9.44806
2595,2,RealAsym,12.5204,0.0317705,12.5913
2595,3,Real,9.36727,0.0436936,9.3781
2595,3,BrokenStick,9.67152,0.0402276,9.63525
2595,3,Uniform,8.52344,0.035034,8.51669
2595,3,Reshuffle,9.1076,0.0458501,9.13224
2595,3,SignFlip,9.0783,0.0506514,9.07712
2595,3,RealAsym,14.2951,0.0346665,14.3229
2595,4,Real,9.26946,0.0436936,9.41611
2595,4,BrokenStick,8.90978,0.0383495,9.01263
2595,4,Uniform,8.61954,0.035034,8.6907
2595,4,Reshuffle,8.73913,0.0441847,8.72965
2595,4,SignFlip,9.17577,0.0502669,9.29099
2595,4,RealAsym,13.362,0.0294092,13.4215
2692,0,Real,9.22217,0.0437276,9.26013
2692,0,BrokenStick,7.22766,0.0243032,7.26383
2692,0,Uniform,8.10218,0.0299246,8.04345
2692,0,Reshuffle,9.24613,0.0486996,9.23371
2692,0,SignFlip,8.86501,0.0480509,8.92438
2692,0,RealAsym,13.0888,0.0288769,13.0435
2692,1,Real,9.26026,0.0437276,9.32502
2692,1,BrokenStick,7.40503,0.0271791,7.40468
2692,1,Uniform,8.05647,0.0299246,8.02636
2692,1,Reshuffle,9.31061,0.0516263,9.10703
2692,1,SignFlip,9.47317,0.0441957,9.43452
2692,1,RealAsym,13.3763,0.0251776,13.4248
2692,2,Real,9.16804,0.0437276,9.06074
2692,2,BrokenStick,7.88225,0.0268878,7.97266
2692,2,Uniform,8.05178,0.0299246,8.08198
2692,2,Reshuffle,8.94345,0.0478851,9.12035
2692,2,SignFlip,9.11758,0.0476273,9.17024
2692,2,RealAsym,14.27,0.0262202,14.3108
2692,3,Real,9.20652,0.0437276,9.27521
2692,3,BrokenStick,7.64099,0.0263518,7.66285
2692,3,Uniform,8.02679,0.0299246,8.02469
2692,3,Reshuffle,8.81695,0.0423052,8.93863
2692,3,SignFlip,9.29406,0.0446098,9.32492
2692,3,RealAsym,13.3717,0.0284664,13.3401
2692,4,Real,9.20151,0.0437276,9.23348
2692,4,BrokenStick,8.1766,0.0305283,8.24948
2692,4,Uniform,8.31294,0.0299246,8.21193
2692,4,Reshuffle,9.12473,0.0483891,9.11466
2692,4,SignFlip,9.28504,0.0491165,9.27001
2692,4,RealAsym,12.3528,0.0317124,12.4044
2702,0,Real,8.17489,0.0375882,8.11853
2702,0,BrokenStick,8.2704,0.0312778,8.30375
2702,0,Uniform,8.10526,0.0321042,8.1115
2702,0,Reshuffle,7.6509,0.0343644,7.64173
2702,0,SignFlip,7.79366,0.0381747,7.94643
2702,0,RealAsym,12.7518,0.0241506,12.7962
2702,1,Real,8.18813,0.0375882,8.16697
2702,1,BrokenStick,8.36753,0.0299789,8.31404
2702,1,Uniform,8.23193,0.0321042,8.21373
2702,1,Reshuffle,7.68875,0.034284,7.73162
2702,1,SignFlip,8.06036,0.0382968,8.14996
2702,1,RealAsym,14.3943,0.0339525,14.3838
2702,2,Real,7.97916,0.0375882,7.94198
2702,2,BrokenStick,7.82004,0.0290773,7.89833
2702,2,Uniform,7.94066,0.0321042,8.00992
2702,2,Reshuffle,8.13876,0.038132,8.14756
2702,2,SignFlip,7.69962,0.0382988,7.76766
2702,2,RealAsym,14.9155,0.0372554,14.9172
2702,3,Real,8.13997,0.0375882,8.24541
2702,3,BrokenStick,8.26807,0.0297013,8.20793
2702,3,Uniform,8.34308,0.0321042,8.38122
2702,3,Reshuffle,8.26641,0.0364347,8.23167
2702,3,SignFlip,7.55463,0.0383785,7.52529
2702,3,RealAsym,13.0697,0.0257311,13.0499
2702,4,Real,7.97461,0.0375882,7.96841
2702,4,BrokenStick,8.35537,0.0311423,8.32124
2702,4,Uniform,8.00865,0.0321042,7.97698
2702,4,Reshuffle,8.28535,0.0375418,8.3583
2702,4,SignFlip,8.10539,0.0383551,8.12207
2702,4,RealAsym,13.6039,0.0372931,13.556
2772,0,Real,10.29,0.0532068,10.1861
2772,0,BrokenStick,9.59668,0.0462856,9.63911
2772,0,Uniform,8.15753,0.0362927,8.19033
2772,0,Reshuffle,10.5179,0.059721,10.5582
2772,0,SignFlip,10.1581,0.061174,10.1446
2772,0,RealAsym,12.4892,0.0256939,12.4323
2772,1,Real,10.1395,0.0532068,10.1013
2772,1,BrokenStick,8.90488,0.0451013,9.05392
2772,1,Uniform,8.4632,0.0362927,8.44598
2772,1,Reshuffle,10.5337,0.0562687,10.5622
2772,1,SignFlip,10.4515,0.0645886,10.5145
2772,1,RealAsym,13.232,0.0396414,13.2344
2772,2,Real,10.2131,0.0532068,10.1385
2772,2,BrokenStick,9.79957,0.0481395,9.83216
2772,2,Uniform,8.31072,0.0362927,8.35427
2772,2,Reshuffle,10.609,0.0625821,10.6225
2772,2,SignFlip,9.99454,0.0593175,10.1106
2772,2,RealAsym,13.0738,0.034461,13.1398
2772,3,Real,10.2765,0.0532068,10.2884
2772,3,BrokenStick,9.35765,0.0447644,9.45298
2772,3,Uniform,8.24218,0.0362927,8.25656
2772,3,Reshuffle,9.90833,0.0573214,9.96727
2772,3,SignFlip,10.2172,0.0653607,10.1209
2772,3,RealAsym,13.1005,0.0345175,13.0924
2772,4,Real,10.4812,0.0532068,10.4099
2772,4,BrokenStick,9.69131,0.0473023,9.57012
2772,4,Uniform,8.33115,0.0362927,8.32278
2772,4,Reshuffle,10.644,0.0613832,10.7254
2772,4,SignFlip,10.1796,0.0613092,10.2189
2772,4,RealAsym,12.5739,0.039235,12.5959
2773,0,Real,10.0322,0.0568442,10.0905
2773,0,BrokenStick,8.95905,0.0374468,8.90484
2773,0,Uniform,7.83364,0.032932,7.88071
2773,0,Reshuffle,10.2806,0.0598577,10.1171
2773,0,SignFlip,10.3317,0.059801,10.2066
2773,0,RealAsym,13.1559,0.0313098,13.1687
2773,1,Real,10.11,0.0568442,10.173
2773,1,BrokenStick,9.55538,0.0408096,9.65444
2773,1,Uniform,7.88404,0.032932,7.96763
2773,1,Reshuffle,10.0036,0.059663,10.251
2773,1,SignFlip,10.0027,0.0598631,10.0385
2773,1,RealAsym,13.9967,0.0424886,13.9205
2773,2,Real,10.1398,0.0568442,10.0727
2773,2,BrokenStick,8.8632,0.0353812,8.86592
2773,2,Uniform,8.21383,0.032932,8.18049
2773,2,Reshuffle,9.89768,0.0584764,9.90796
2773,2,SignFlip,10.1078,0.0594145,10.0936
2773,2,RealAsym,13.4215,0.042667,13.3347
2773,3,Real,9.93545,0.0568442,9.98675
2773,3,BrokenStick,8.75928,0.0365377,8.75601
2773,3,Uniform,8.13869,0.032932,8.07342
2773,3,Reshuffle,9.55074,0.0533979,9.6915
2773,3,SignFlip,9.95957,0.0603673,9.96222
2773,3,RealAsym,13.7612,0.0248466,13.8535
2773,4,Real,10.0605,0.0568442,9.93594
2773,4,BrokenStick,9.15356,0.0378357,9.12944
2773,4,Uniform,7.77397,0.032932,7.79126
2773,4,Reshuffle,10.0405,0.0584746,10.1395
2773,4,SignFlip,10.1133,0.0599371,10.0508
2773,4,RealAsym,10.7675,0.031669,10.7676
2776,0,Real,10.0466,0.0620616,10.2697
2776,0,BrokenStick,9.17802,0.0408663,9.24248
2776,0,Uniform,8.22989,0.0335569,8.1862
2776,0,Reshuffle,11.1143,0.06043,11.0847
2776,0,SignFlip,11.1295,0.069095,11.1156
2776,0,RealAsym,15.3206,0.0309112,15.4009
2776,1,Real,11.3643,0.0620616,11.2644
2776,1,BrokenStick,9.09825,0.0398799,9.18739
2776,1,Uniform,8.47663,0.0335569,8.53473
2776,1,Reshuffle,10.8432,0.0650797,10.915
2776,1,SignFlip,11.5802,0.0691067,11.4864
2776,1,RealAsym,14.8034,0.0454948,14.7502
2776,2,Real,11.2812,0.0620616,11.0976
2776,2,BrokenStick,9.12779,0.0382698,9.32699
2776,2,Uniform,8.21185,0.0335569,8.32159
2776,2,Reshuffle,11.4356,0.0671015,11.4912
2776,2,SignFlip,10.94,0.0762356,11.2767
2776,2,RealAsym,14.5248,0.0395652,14.5327
2776,3,Real,10.8812,0.0620616,11.0
2776,3,BrokenStick,9.02107,0.0349734,9.08854
2776,3,Uniform,8.12882,0.0335569,8.1267
2776,3,Reshuffle,11.537,0.0681236,11.6711
2776,3,SignFlip,11.0676,0.0670342,11.0978
2776,3,RealAsym,11.8363,0.0403246,11.8447
2776,4,Real,11.3769,0.0620616,11.3233
2776,4,BrokenStick,9.18738,0.0360894,9.10601
2776,4,Uniform,8.30968,0.0335569,8.33964
2776,4,Reshuffle,10.6754,0.0700567,10.8722
2776,4,SignFlip,11.1373,0.0765607,11.2676
2776,4,RealAsym,14.4213,0.043468,14.4845
2788,0,Real,8.89807,0.0493438,9.06592
2788,0,BrokenStick,8.08577,0.0310493,8.13933
2788,0,Uniform,8.44629,0.0324529,8.40863
2788,0,Reshuffle,9.38898,0.0494292,9.29201
2788,0,SignFlip,9.22834,0.0551497,9.15445
2788,0,RealAsym,14.0661,0.0248682,13.9783
2788,1,Real,9.41942,0.0493438,9.36343
2788,1,BrokenStick,7.98124,0.0349002,7.89978
2788,1,Uniform,8.27934,0.0324529,8.28048
2788,1,Reshuffle,8.83153,0.047399,8.86115
2788,1,SignFlip,9.23845,0.0538596,9.25611
2788,1,RealAsym,13.4069,0.0298116,13.4536
2788,2,Real,9.50889,0.0493438,9.59048
2788,2,BrokenStick,8.64938,0.032635,8.55858
2788,2,Uniform,8.10239,0.0324529,8.11513
2788,2,Reshuffle,9.15066,0.0412263,9.2328
2788,2,SignFlip,9.20157,0.0517551,9.28938
2788,2,RealAsym,12.7348,0.0276933,12.7394
2788,3,Real,9.29836,0.0493438,9.42695
2788,3,BrokenStick,8.71911,0.0340314,8.80022
2788,3,Uniform,8.38245,0.0324529,8.37547
2788,3,Reshuffle,8.85204,0.0507639,8.74803
2788,3,SignFlip,9.12386,0.0523513,9.19589
2788,3,RealAsym,10.9588,0.0292583,10.9877
2788,4,Real,9.47952,0.0493438,9.42479
2788,4,BrokenStick,8.71592,0.0361342,8.72257
2788,4,Uniform,7.72879,0.0324529,7.78907
2788,4,Reshuffle,8.83846,0.0498361,8.97526
2788,4,SignFlip,9.03541,0.0536393,9.18985
2788,4,RealAsym,14.2148,0.0304769,14.2875
2794,0,Real,9.25629,0.0441189,9.29408
2794,0,BrokenStick,9.09983,0.0330694,9.08776
2794,0,Uniform,8.70597,0.0326428,8.80613
2794,0,Reshuffle,9.57658,0.0445801,9.58653
2794,0,SignFlip,8.77823,0.0450628,8.82754
2794,0,RealAsym,13.4625,0.0288875,13.4351
2794,1,Real,9.09472,0.0441189,9.25397
2794,1,BrokenStick,7.68714,0.0276126,7.73556
2794,1,Uniform,8.78261,0.0326428,8.77788
2794,1,Reshuffle,8.9991,0.0415339,9.1382
2794,1,SignFlip,9.05146,0.0474455,9.14377
2794,1,RealAsym,14.384,0.0270497,14.4143
2794,2,Real,9.12638,0.0441189,9.3236
2794,2,BrokenStick,8.25053,0.0284874,8.19052
2794,2,Uniform,8.68483,0.0326428,8.7665
2794,2,Reshuffle,8.58503,0.044582,8.68897
2794,2,SignFlip,8.71595,0.0460846,8.74433
2794,2,RealAsym,12.8516,0.0423988,12.8995
2794,3,Real,9.08361,0.0441189,8.90531
2794,3,BrokenStick,7.2596,0.0272525,7.37818
2794,3,Uniform,8.57587,0.0326428,8.52458
2794,3,Reshuffle,8.84994,0.0392071,8.80999
2794,3,SignFlip,9.05684,0.0465304,9.00946
2794,3,RealAsym,15.3161,0.0307661,15.2949
2794,4,Real,9.20024,0.0441189,9.16845
2794,4,BrokenStick,8.03092,0.0279356,7.96733
2794,4,Uniform,8.477,0.0326428,8.52523
2794,4,Reshuffle,8.23973,0.036832,8.2106
2794,4,SignFlip,9.11089,0.047404,9.12678
2794,4,RealAsym,14.5137,0.0338391,14.4979
2804,0,Real,9.78541,0.0453984,9.78388
2804,0,BrokenStick,8.61224,0.0368817,8.62639
2804,0,Uniform,8.22524,0.0331535,8.32053
2804,0,Reshuffle,9.23018,0.0439237,9.24911
2804,0,SignFlip,9.64498,0.0546045,9.69978
2804,0,RealAsym,13.5708,0.03188,13.5414
2804,1,Real,9.26457,0.0453984,9.24148
2804,1,BrokenStick,8.24823,0.0349677,8.25439
2804,1,Uniform,8.28807,0.0331535,8.32555
2804,1,Reshuffle,9.38673,0.0425109,9.26399
2804,1,SignFlip,9.74044,0.0506279,9.62513
2804,1,RealAsym,13.1141,0.0309866,13.1741
2804,2,Real,9.30436,0.0453984,9.32949
2804,2,BrokenStick,8.2886,0.0370169,8.4063
2804,2,Uniform,8.16404,0.0331535,8.14409
2804,2,Reshuffle,9.8745,0.0517025,9.98896
2804,2,SignFlip,9.75285,0.057013,9.73859
2804,2,RealAsym,12.4321,0.0416513,12.4652
2804,3,Real,9.69717,0.0453984,9.57518
2804,3,BrokenStick,8.30309,0.035308,8.34188
2804,3,Uniform,8.41383,0.0331535,8.34794
2804,3,Reshuffle,9.27371,0.0431381,9.27301
2804,3,SignFlip,9.53119,0.0541279,9.64652
2804,3,RealAsym,13.5682,0.025812,13.5299
2804,4,Real,9.2492,0.0453984,9.31261
2804,4,BrokenStick,9.00142,0.0368168,9.01125
2804,4,Uniform,8.36008,0.0331535,8.37129
2804,4,Reshuffle,10.0018,0.0451354,9.89812
2804,4,SignFlip,9.48231,0.0492919,9.46669
2804,4,RealAsym,13.2521,0.0294932,13.3015
2823,0,Real,9.92935,0.0572667,9.82501
2823,0,BrokenStick,9.33176,0.0384123,9.34869
2823,0,Uniform,8.74121,0.0350309,8.73364
2823,0,Reshuffle,9.64069,0.0548219,9.69419
2823,0,SignFlip,9.82935,0.061278,9.67355
2823,0,RealAsym,12.8889,0.0225759,12.9574
2823,1,Real,9.92244,0.0572667,9.91812
2823,1,BrokenStick,9.31206,0.0403526,9.22193
2823,1,Uniform,8.74038,0.0350309,8.64586
2823,1,Reshuffle,9.95796,0.0603287,9.87936
2823,1,SignFlip,9.95587,0.0615925,9.81537
2823,1,RealAsym,13.445,0.0346996,13.5346
2823,2,Real,9.89577,0.0572667,9.9531
2823,2,BrokenStick,9.17358,0.0392223,9.1477
2823,2,Uniform,8.69438,0.0350309,8.65964
2823,2,Reshuffle,9.80132,0.0576711,9.8162
2823,2,SignFlip,9.73244,0.0619027,9.69783
2823,2,RealAsym,13.8411,0.0407909,13.9623
2823,3,Real,10.0596,0.0572667,10.0559
2823,3,BrokenStick,9.18592,0.0413972,9.25163
2823,3,Uniform,8.6211,0.0350309,8.57133
2823,3,Reshuffle,9.67628,0.0584548,9.78191
2823,3,SignFlip,9.60376,0.0613642,9.63911
2823,3,RealAsym,11.7055,0.0477674,11.6028
2823,4,Real,9.66926,0.0572667,9.83858
2823,4,BrokenStick,9.6839,0.04467,9.80779
2823,4,Uniform,8.72531,0.0350309,8.66899
2823,4,Reshuffle,8.8642,0.0505908,8.92987
2823,4,SignFlip,9.99566,0.0606142,10.066
2823,4,RealAsym,13.8531,0.0378374,13.9022
2830,0,Real,9.68087,0.0492658,9.61282
2830,0,BrokenStick,9.55706,0.0452038,9.66064
2830,0,Uniform,9.33573,0.040124,9.23145
2830,0,Reshuffle,9.18124,0.0505288,9.36516
2830,0,SignFlip,9.21184,0.0499386,9.28451
2830,0,RealAsym,14.8939,0.0363369,14.7749
2830,1,Real,9.61775,0.0492658,9.62845
2830,1,BrokenStick,10.4777,0.0457016,10.3837
2830,1,Uniform,9.08091,0.040124,9.12196
2830,1,Reshuffle,9.22995,0.0479247,9.19481
2830,1,SignFlip,9.27365,0.0498351,9.36903
2830,1,RealAsym,14.3734,0.039592,14.3871
2830,2,Real,9.54447,0.0492658,9.5946
2830,2,BrokenStick,9.47293,0.0468491,9.36441
2830,2,Uniform,9.14616,0.040124,9.22439
2830,2,Reshuffle,8.71124,0.0457261,8.76073
2830,2,SignFlip,9.24575,0.0497956,9.35768
2830,2,RealAsym,13.128,0.0366744,13.117
2830,3,Real,9.38878,0.0492658,9.39618
2830,3,BrokenStick,9.54877,0.0469121,9.80121
2830,3,Uniform,9.21455,0.040124,9.22856
2830,3,Reshuffle,9.39993,0.0495359,9.4117
2830,3,SignFlip,9.13903,0.0498005,9.16743
2830,3,RealAsym,15.0908,0.034456,15.1418
2830,4,Real,9.56985,0.0492658,9.70508
2830,4,BrokenStick,9.42505,0.0461771,9.76603
2830,4,Uniform,9.32416,0.040124,9.35252
2830,4,Reshuffle,10.0332,0.0504423,9.97804
2830,4,SignFlip,8.92886,0.0499125,9.0554
2830,4,RealAsym,9.96055,0.0339797,10.091
2841,0,Real,10.2359,0.0591311,10.268
2841,0,BrokenStick,9.62652,0.0453262,9.65808
2841,0,Uniform,8.16447,0.0358689,8.19797
2841,0,Reshuffle,9.81085,0.0535179,9.95565
2841,0,SignFlip,10.1958,0.0642322,10.2799
2841,0,RealAsym,12.638,0.0348094,12.7391
2841,1,Real,10.4184,0.0591311,10.3614
2841,1,BrokenStick,8.84223,0.03864,8.8747
2841,1,Uniform,8.48087,0.0358689,8.45679
2841,1,Reshuffle,9.80058,0.0546613,10.0032
2841,1,SignFlip,10.4468,0.0633029,10.4443
2841,1,RealAsym,13.116,0.0361188,13.1603
2841,2,Real,10.2781,0.0591311,10.3527
2841,2,BrokenStick,9.29855,0.043882,9.33555
2841,2,Uniform,8.57451,0.0358689,8.62465
2841,2,Reshuffle,10.091,0.0523634,10.0809
2841,2,SignFlip,10.2972,0.0642765,10.41
2841,2,RealAsym,15.0339,0.0299912,15.0349
2841,3,Real,10.519,0.0591311,10.4025
2841,3,BrokenStick,9.91368,0.0476373,9.91157
2841,3,Uniform,8.43819,0.0358689,8.3541
2841,3,Reshuffle,10.1362,0.054152,10.1498
2841,3,SignFlip,10.0951,0.0649517,10.1567
2841,3,RealAsym,13.0474,0.0361362,13.0956
2841,4,Real,10.1572,0.0591311,10.337
2841,4,BrokenStick,9.32678,0.0417013,9.23915
2841,4,Uniform,8.16743,0.0358689,8.20119
2841,4,Reshuffle,10.2363,0.0644282,10.4227
2841,4,SignFlip,9.97859,0.063673,10.017
2841,4,RealAsym,13.2052,0.0351013,13.2851
2846,0,Real,9.25857,0.0446571,9.20081
2846,0,BrokenStick,8.57274,0.0328899,8.71507
2846,0,Uniform,8.40651,0.0342602,8.44704
2846,0,Reshuffle,8.9515,0.0444432,8.986
2846,0,SignFlip,9.03545,0.0454705,9.08854
2846,0,RealAsym,14.1684,0.0281025,14.1543
2846,1,Real,9.28586,0.0446571,9.4479
2846,1,BrokenStick,9.111,0.0359512,9.11538
2846,1,Uniform,8.55283,0.0342602,8.61978
2846,1,Reshuffle,9.33214,0.045698,9.45516
2846,1,SignFlip,9.2256,0.0467462,9.0809
2846,1,RealAsym,13.0089,0.0422585,13.1502
2846,2,Real,8.95438,0.0446571,9.07498
2846,2,BrokenStick,8.46416,0.0320015,8.45973
2846,2,Uniform,8.55359,0.0342602,8.53898
2846,2,Reshuffle,8.55643,0.0413802,8.53621
2846,2,SignFlip,9.37025,0.0470292,9.26496
2846,2,RealAsym,13.9414,0.0372812,14.0019
2846,3,Real,9.18086,0.0446571,9.24085
2846,3,BrokenStick,8.49424,0.0325167,8.52696
2846,3,Uniform,8.3135,0.0342602,8.32344
2846,3,Reshuffle,9.82539,0.0459565,9.91455
2846,3,SignFlip,8.87652,0.0471428,9.01744
2846,3,RealAsym,13.2285,0.0263949,13.254
2846,4,Real,9.36617,0.0446571,9.29866
2846,4,BrokenStick,8.16889,0.031151,8.20127
2846,4,Uniform,8.27273,0.0342602,8.32641
2846,4,Reshuffle,9.36156,0.0453675,9.29252
2846,4,SignFlip,8.95182,0.046283,9.01136
2846,4,RealAsym,14.0963,0.0264521,14.131
2850,0,Real,9.82177,0.0598019,9.92476
2850,0,BrokenStick,10.702,0.0555473,10.7774
2850,0,Uniform,9.00545,0.0418645,9.03664
2850,0,Reshuffle,9.80226,0.0585785,9.83348
2850,0,SignFlip,10.1073,0.0603203,10.0648
2850,0,RealAsym,14.1942,0.0344808,14.2125
2850,1,Real,10.1629,0.0598019,10.161
2850,1,BrokenStick,10.3241,0.0555713,10.3524
2850,1,Uniform,9.02929,0.0418645,9.21299
2850,1,Reshuffle,9.90959,0.0606274,9.8559
2850,1,SignFlip,10.0795,0.0604626,10.1013
2850,1,RealAsym,12.7916,0.036768,12.8337
2850,2,Real,10.0878,0.0598019,10.21
2850,2,BrokenStick,10.9581,0.0578593,10.9353
2850,2,Uniform,9.15738,0.0418645,9.1075
2850,2,Reshuffle,10.3765,0.0602873,10.3397
2850,2,SignFlip,10.0479,0.0603718,10.0801
2850,2,RealAsym,13.9014,0.0318799,13.9669
2850,3,Real,9.76104,0.0598019,9.81285
2850,3,BrokenStick,10.8279,0.0556816,10.7915
2850,3,Uniform,8.94898,0.0418645,8.95638
2850,3,Reshuffle,9.91047,0.0604226,10.0745
2850,3,SignFlip,9.68959,0.0604184,9.70341
2850,3,RealAsym,13.811,0.038264,13.8642
2850,4,Real,10.4256,0.0598019,10.2924
2850,4,BrokenStick,10.9258,0.0571146,10.9271
2850,4,Uniform,9.38937,0.0418645,9.38212
2850,4,Reshuffle,9.62144,0.0604747,9.73981
2850,4,SignFlip,10.2479,0.0606035,10.115
2850,4,RealAsym,14.5035,0.0342828,14.4351
2861,0,Real,9.18207,0.044446,9.37439
2861,0,BrokenStick,8.64623,0.0336807,8.57007
2861,0,Uniform,8.04517,0.0321445,8.0485
2861,0,Reshuffle,9.969,0.0491504,9.91665
2861,0,SignFlip,9.79108,0.0534109,9.78187
2861,0,RealAsym,12.588,0.0385434,12.5925
2861,1,Real,9.79612,0.044446,9.70136
2861,1,BrokenStick,8.22018,0.0325311,8.1147
2861,1,Uniform,8.26403,0.0321445,8.34481
2861,1,Reshuffle,9.80361,0.0479917,9.71491
2861,1,SignFlip,9.62994,0.0544154,9.64245
2861,1,RealAsym,11.1506,0.0272696,11.1354
2861,2,Real,9.24544,0.044446,9.42116
2861,2,BrokenStick,8.7859,0.035271,8.86653
2861,2,Uniform,8.00416,0.0321445,8.09652
2861,2,Reshuffle,9.9605,0.0476423,9.86447
2861,2,SignFlip,9.49884,0.055655,9.46978
2861,2,RealAsym,12.0767,0.0340627,12.1106
2861,3,Real,9.64345,0.044446,9.75863
2861,3,BrokenStick,9.05961,0.0338991,9.02516
2861,3,Uniform,8.27858,0.0321445,8.2284
2861,3,Reshuffle,9.49516,0.0419434,9.41291
2861,3,SignFlip,9.69013,0.0533376,9.6644
2861,3,RealAsym,12.2347,0.0224409,12.2409
2861,4,Real,9.12347,0.044446,9.17709
2861,4,BrokenStick,8.61971,0.0356171,8.69133
2861,4,Uniform,7.8188,0.0321445,7.90601
2861,4,Reshuffle,9.4865,0.0468745,9.40154
2861,4,SignFlip,9.68952,0.0545337,9.74436
2861,4,RealAsym,12.6275,0.033269,12.6633
2916,0,Real,9.88577,0.0516982,9.77573
2916,0,BrokenStick,10.1095,0.0448045,10.0698
2916,0,Uniform,8.30567,0.0339255,8.34608
2916,0,Reshuffle,9.44864,0.0537525,9.58745
2916,0,SignFlip,9.42321,0.0563538,9.47036
2916,0,RealAsym,12.7033,0.0371916,12.7791
2916,1,Real,9.34338,0.0516982,9.2108
2916,1,BrokenStick,8.54434,0.0333426,8.53367
2916,1,Uniform,8.32646,0.0339255,8.23909
2916,1,Reshuffle,10.0853,0.0513872,10.0628
2916,1,SignFlip,9.53273,0.0556698,9.53461
2916,1,RealAsym,13.2238,0.0270264,13.1515
2916,2,Real,9.64582,0.0516982,9.61962
2916,2,BrokenStick,9.52288,0.040457,9.46718
2916,2,Uniform,8.26214,0.0339255,8.35031
2916,2,Reshuffle,9.61571,0.0535483,9.67176
2916,2,SignFlip,9.60314,0.0557134,9.66382
2916,2,RealAsym,13.9104,0.0391072,13.8464
2916,3,Real,9.70996,0.0516982,9.71019
2916,3,BrokenStick,8.40165,0.0350458,8.37848
2916,3,Uniform,8.45413,0.0339255,8.40078
2916,3,Reshuffle,9.68234,0.0533912,9.69311
2916,3,SignFlip,9.25022,0.0551031,9.22965
2916,3,RealAsym,13.2462,0.04386,13.2935
2916,4,Real,9.49531,0.0516982,9.73424
2916,4,BrokenStick,8.86282,0.035035,8.83053
2916,4,Uniform,7.86492,0.0339255,7.9052
2916,4,Reshuffle,9.27646,0.0513579,9.36049
2916,4,SignFlip,9.97677,0.056886,9.84918
2916,4,RealAsym,12.5479,0.0336642,12.5793
3023,0,Real,9.95411,0.0526906,9.90207
3023,0,BrokenStick,9.33115,0.0381153,9.23103
3023,0,Uniform,8.43147,0.0334155,8.44681
3023,0,Reshuffle,9.58455,0.0481416,9.55919
3023,0,SignFlip,10.1097,0.0563025,10.1158
3023,0,RealAsym,12.8157,0.0345445,12.7313
3023,1,Real,10.0688,0.0526906,10.0708
3023,1,BrokenStick,9.04442,0.0391757,9.18725
3023,1,Uniform,8.57341,0.0334155,8.72424
3023,1,Reshuffle,9.82324,0.0523995,9.8242
3023,1,SignFlip,10.0036,0.0551849,10.1025
3023,1,RealAsym,14.255,0.0499806,14.2112
3023,2,Real,10.0002,0.0526906,10.0665
3023,2,BrokenStick,8.97711,0.037527,8.87516
3023,2,Uniform,8.38175,0.0334155,8.42982
3023,2,Reshuffle,9.88824,0.0481346,9.75102
3023,2,SignFlip,9.87527,0.0550864,9.73999
3023,2,RealAsym,13.406,0.042892,13.6242
3023,3,Real,10.1999,0.0526906,10.2267
3023,3,BrokenStick,9.68032,0.0402691,9.62614
3023,3,Uniform,8.20603,0.0334155,8.25753
3023,3,Reshuffle,9.487,0.051818,9.38414
3023,3,SignFlip,10.022,0.0546806,10.0427
3023,3,RealAsym,14.0202,0.0397243,14.0334
3023,4,Real,10.1385,0.0526906,10.0864
3023,4,BrokenStick,8.81147,0.0353803,8.89296
3023,4,Uniform,8.57432,0.0334155,8.56457
3023,4,Reshuffle,8.47485,0.0416167,8.48601
3023,4,SignFlip,9.70113,0.0551756,9.69304
3023,4,RealAsym,13.4616,0.0326307,13.5079
3026,0,Real,9.71456,0.0586294,9.86913
3026,0,BrokenStick,9.67544,0.0444029,9.64009
3026,0,Uniform,9.02294,0.0411239,9.08952
3026,0,Reshuffle,10.162,0.0571789,10.1608
3026,0,SignFlip,10.3273,0.0712258,10.2233
3026,0,RealAsym,13.0878,0.0290845,13.0214
3026,1,Real,9.73188,0.0586294,9.7985
3026,1,BrokenStick,10.3202,0.0510224,10.2527
3026,1,Uniform,9.07393,0.0411239,9.05228
3026,1,Reshuffle,10.0248,0.0542457,9.93655
3026,1,SignFlip,9.94552,0.06322,10.0257
3026,1,RealAsym,12.2005,0.040644,12.3064
3026,2,Real,10.0608,0.0586294,9.89049
3026,2,BrokenStick,9.43686,0.0419083,9.40405
3026,2,Uniform,9.18174,0.0411239,9.22162
3026,2,Reshuffle,10.1212,0.0557038,10.0416
3026,2,SignFlip,9.71726,0.0715331,9.77138
3026,2,RealAsym,13.4543,0.0477151,13.5717
3026,3,Real,9.62467,0.0586294,9.71912
3026,3,BrokenStick,10.0609,0.0453478,9.98635
3026,3,Uniform,8.91236,0.0411239,8.95772
3026,3,Reshuffle,10.2141,0.0581685,10.1912
3026,3,SignFlip,9.8332,0.0666603,9.85399
3026,3,RealAsym,13.9539,0.0388969,13.9136
3026,4,Real,9.57688,0.0586294,9.58593
3026,4,BrokenStick,9.60292,0.0436373,9.60335
3026,4,Uniform,9.25214,0.0411239,9.2252
3026,4,Reshuffle,10.1258,0.0518519,9.99664
3026,4,SignFlip,9.4457,0.072712,9.49227
3026,4,RealAsym,13.4894,0.0426122,13.4907
3031,0,Real,10.8001,0.0775439,10.8444
3031,0,BrokenStick,10.5205,0.0543399,10.3926
3031,0,Uniform,8.94968,0.0397312,8.99246
3031,0,Reshuffle,10.6062,0.0691679,10.5659
3031,0,SignFlip,11.0726,0.0809946,10.9932
3031,0,RealAsym,12.0152,0.036202,12.0732
3031,1,Real,10.5876,0.0775439,10.657
3031,1,BrokenStick,10.4673,0.0558531,10.306
3031,1,Uniform,8.95941,0.0397312,8.94839
3031,1,Reshuffle,10.559,0.0672572,10.706
3031,1,SignFlip,10.9115,0.079222,11.1683
3031,1,RealAsym,12.9693,0.0339491,12.9583
3031,2,Real,10.7967,0.0775439,10.7918
3031,2,BrokenStick,10.3204,0.0576547,10.3966
3031,2,Uniform,8.69228,0.0397312,8.56644
3031,2,Reshuffle,11.1104,0.0718199,11.1191
3031,2,SignFlip,11.2844,0.0799069,11.2433
3031,2,RealAsym,13.5662,0.039154,13.5346
3031,3,Real,10.6658,0.0775439,10.7122
3031,3,BrokenStick,10.6335,0.0564624,10.7091
3031,3,Uniform,9.1535,0.0397312,9.16666
3031,3,Reshuffle,10.9132,0.0737309,11.0779
3031,3,SignFlip,11.3284,0.0803202,11.284
3031,3,RealAsym,12.9848,0.0306237,13.0512
3031,4,Real,10.5742,0.0775439,10.7947
3031,4,BrokenStick,10.3093,0.0573235,10.5022
3031,4,Uniform,9.11424,0.0397312,9.09784
3031,4,Reshuffle,10.7979,0.0735338,10.7955
3031,4,SignFlip,11.2679,0.0806639,11.3444
3031,4,RealAsym,13.0597,0.0415481,12.9226
3035,0,Real,11.5565,0.0794637,11.532
3035,0,BrokenStick,9.86348,0.0580765,10.059
3035,0,Uniform,7.73299,0.0373197,7.77211
3035,0,Reshuffle,11.7299,0.0886107,11.8004
3035,0,SignFlip,11.8351,0.101635,11.7448
3035,0,RealAsym,12.9729,0.0332864,12.9809
3035,1,Real,11.6322,0.0794637,11.4664
3035,1,BrokenStick,10.0003,0.0563669,10.0989
3035,1,Uniform,7.95886,0.0373197,7.95562
3035,1,Reshuffle,11.741,0.0870242,11.8889
3035,1,SignFlip,11.1434,0.0925333,11.3067
3035,1,RealAsym,13.6806,0.0475386,13.7518
3035,2,Real,11.8343,0.0794637,11.7826
3035,2,BrokenStick,10.0701,0.0620133,10.1956
3035,2,Uniform,8.18569,0.0373197,8.33059
3035,2,Reshuffle,11.2086,0.0851308,11.4787
3035,2,SignFlip,11.6534,0.0945008,11.752
3035,2,RealAsym,13.5634,0.0328442,13.5247
3035,3,Real,11.6258,0.0794637,11.592
3035,3,BrokenStick,10.6051,0.0617856,10.6442
3035,3,Uniform,8.25133,0.0373197,8.17939
3035,3,Reshuffle,11.6294,0.0810041,11.6218
3035,3,SignFlip,11.9258,0.100125,11.8204
3035,3,RealAsym,12.9314,0.0336952,13.0244
3035,4,Real,11.2772,0.0794637,11.5186
3035,4,BrokenStick,10.6909,0.0599891,10.6992
3035,4,Uniform,8.49431,0.0373197,8.47584
3035,4,Reshuffle,11.262,0.0781925,11.2301
3035,4,SignFlip,11.777,0.103592,11.8066
3035,4,RealAsym,12.6101,0.0389937,12.6156
3046,0,Real,11.9504,0.0953191,12.0141
3046,0,BrokenStick,11.1513,0.0681637,11.2097
3046,0,Uniform,8.96725,0.0433815,9.10957
3046,0,Reshuffle,11.6361,0.0941284,11.6869
3046,0,SignFlip,12.3426,0.121683,12.3525
3046,0,RealAsym,13.4646,0.0390084,13.5122
3046,1,Real,11.6936,0.0953191,11.8038
3046,1,BrokenStick,10.8857,0.0685572,10.838
3046,1,Uniform,9.25976,0.0433815,9.12733
3046,1,Reshuffle,12.0311,0.0917968,11.8178
3046,1,SignFlip,12.4619,0.126574,12.4276
3046,1,RealAsym,12.4706,0.0368134,12.5085
3046,2,Real,11.9195,0.0953191,11.8201
3046,2,BrokenStick,11.8081,0.0741935,11.6752
3046,2,Uniform,8.98912,0.0433815,8.98871
3046,2,Reshuffle,12.2105,0.0988768,12.0348
3046,2,SignFlip,12.4374,0.131584,12.4293
3046,2,RealAsym,12.9814,0.0366753,12.996
3046,3,Real,11.9944,0.0953191,11.9528
3046,3,BrokenStick,11.0784,0.0654677,11.0398
3046,3,Uniform,9.18236,0.0433815,9.17397
3046,3,Reshuffle,11.9529,0.0983479,11.9914
3046,3,SignFlip,12.2206,0.126279,12.3138
3046,3,RealAsym,12.9165,0.035428,12.9542
3046,4,Real,11.8137,0.0953191,11.901
3046,4,BrokenStick,10.9332,0.0672915,10.9738
3046,4,Uniform,9.06273,0.0433815,9.04574
3046,4,Reshuffle,12.0008,0.0975914,12.1737
3046,4,SignFlip,12.2747,0.129194,12.3681
3046,4,RealAsym,12.2644,0.030709,12.3553
3054,0,Real,11.7478,0.0730503,11.7637
3054,0,BrokenStick,10.2201,0.0540265,10.3348
3054,0,Uniform,8.77736,0.0391125,8.76645
3054,0,Reshuffle,11.5967,0.0776239,11.5471
3054,0,SignFlip,11.9202,0.0811956,11.7693
3054,0,RealAsym,12.6591,0.0349828,12.7873
3054,1,Real,11.3408,0.0730503,11.4309
3054,1,BrokenStick,10.2708,0.0612523,10.2584
3054,1,Uniform,8.64411,0.0391125,8.65952
3054,1,Reshuffle,11.8003,0.0811823,11.6863
3054,1,SignFlip,11.9881,0.104629,11.9981
3054,1,RealAsym,13.1714,0.038041,13.1343
3054,2,Real,11.5358,0.0730503,11.6493
3054,2,BrokenStick,11.2587,0.0598817,11.0676
3054,2,Uniform,8.49181,0.0391125,8.50286
3054,2,Reshuffle,11.7736,0.0805008,11.9364
3054,2,SignFlip,11.5327,0.0918556,11.2686
3054,2,RealAsym,13.9657,0.0429676,13.9506
3054,3,Real,11.6776,0.0730503,11.6481
3054,3,BrokenStick,10.9501,0.0598014,10.9301
3054,3,Uniform,8.66013,0.0391125,8.61933
3054,3,Reshuffle,11.7377,0.0779357,11.7144
3054,3,SignFlip,11.9821,0.109434,12.0278
3054,3,RealAsym,13.8028,0.0322891,13.8423
3054,4,Real,11.6996,0.0730503,11.8191
3054,4,BrokenStick,10.0432,0.0535207,9.99425
3054,4,Uniform,8.66091,0.0391125,8.73806
3054,4,Reshuffle,11.5329,0.0739855,11.5855
3054,4,SignFlip,11.6066,0.0828834,11.6796
3054,4,RealAsym,12.6393,0.0369007,12.5929
3167,0,Real,9.73803,0.056009,9.83601
3167,0,BrokenStick,9.63889,0.0496307,9.63307
3167,0,Uniform,8.68061,0.0384655,8.6856
3167,0,Reshuffle,9.42401,0.054791,9.59421
3167,0,SignFlip,9.27332,0.0596641,9.31893
3167,0,RealAsym,13.5652,0.032448,13.5256
3167,1,Real,9.92416,0.056009,9.86766
3167,1,BrokenStick,10.4971,0.0537191,10.5124
3167,1,Uniform,8.81024,0.0384655,8.72869
3167,1,Reshuffle,10.2996,0.0594926,10.2915
3167,1,SignFlip,9.52094,0.0596513,9.60798
3167,1,RealAsym,11.8191,0.032215,11.8468
3167,2,Real,9.83544,0.056009,9.77405
3167,2,BrokenStick,9.49345,0.0459208,9.50753
3167,2,Uniform,8.58318,0.0384655,8.60906
3167,2,Reshuffle,9.49206,0.0548626,9.56244
3167,2,SignFlip,8.97811,0.0616984,9.03449
3167,2,RealAsym,12.6482,0.0372082,12.7008
3167,3,Real,9.64946,0.056009,9.67373
3167,3,BrokenStick,9.4318,0.0455678,9.46275
3167,3,Uniform,8.653,0.0384655,8.67167
3167,3,Reshuffle,9.93319,0.0567998,9.78067
3167,3,SignFlip,9.55694,0.0627559,9.4479
3167,3,RealAsym,12.8908,0.0398091,13.1174
3167,4,Real,9.84182,0.056009,9.86102
3167,4,BrokenStick,10.0787,0.0497117,10.0612
3167,4,Uniform,8.64343,0.0384655,8.66199
3167,4,Reshuffle,9.64525,0.0549596,9.58413
3167,4,SignFlip,9.61144,0.0596969,9.52357
3167,4,RealAsym,13.6123,0.0452482,13.5551
3169,0,Real,9.25739,0.0417288,9.30134
3169,0,BrokenStick,9.03856,0.0352809,9.03029
3169,0,Uniform,8.17714,0.0346427,8.16009
3169,0,Reshuffle,10.2902,0.0508485,10.3738
3169,0,SignFlip,9.8224,0.0488416,9.93133
3169,0,RealAsym,11.1785,0.0327472,11.2198
3169,1,Real,9.31762,0.0417288,9.23733
3169,1,BrokenStick,9.06033,0.0343555,9.09604
3169,1,Uniform,8.49336,0.0346427,8.49564
3169,1,Reshuffle,9.1323,0.0443228,9.21972
3169,1,SignFlip,9.81764,0.0458805,9.93636
3169,1,RealAsym,14.4914,0.040591,14.568
3169,2,Real,9.42819,0.0417288,9.42576
3169,2,BrokenStick,8.1505,0.0335726,8.22279
3169,2,Uniform,8.26828,0.0346427,8.26076
3169,2,Reshuffle,8.84192,0.0426019,8.89962
3169,2,SignFlip,9.91534,0.0467894,9.88027
3169,2,RealAsym,13.2336,0.0396033,13.2423
3169,3,Real,9.01805,0.0417288,8.99636
3169,3,BrokenStick,9.43231,0.0373382,9.37702
3169,3,Uniform,8.54122,0.0346427,8.57444
3169,3,Reshuffle,9.97859,0.0513764,10.0452
3169,3,SignFlip,9.68556,0.0493298,9.75243
3169,3,RealAsym,13.7184,0.0414505,13.7514
3169,4,Real,9.32451,0.0417288,9.36929
3169,4,BrokenStick,8.85465,0.0350768,8.7392
3169,4,Uniform,8.387,0.0346427,8.4274
3169,4,Reshuffle,9.42282,0.0452546,9.43919
3169,4,SignFlip,9.18436,0.0445262,9.40601
3169,4,RealAsym,13.5173,0.0401162,13.4855
3174,0,Real,11.6104,0.0741051,11.4992
3174,0,BrokenStick,10.6991,0.0572226,10.7247
3174,0,Uniform,9.58856,0.0466805,9.664
3174,0,Reshuffle,11.6114,0.0733887,11.5717
3174,0,SignFlip,11.6116,0.0823901,11.4339
3174,0,RealAsym,13.5848,0.0429951,13.7321
3174,1,Real,11.3047,0.0741051,11.5076
3174,1,BrokenStick,10.8256,0.056808,10.8567
3174,1,Uniform,9.38371,0.0466805,9.28962
3174,1,Reshuffle,11.056,0.069097,11.1815
3174,1,SignFlip,11.4534,0.0847309,11.4646
3174,1,RealAsym,14.1009,0.0389454,14.1178
3174,2,Real,11.2138,0.0741051,11.0933
3174,2,BrokenStick,10.4054,0.0578186,10.4177
3174,2,Uniform,9.55393,0.0466805,9.54443
3174,2,Reshuffle,11.5715,0.0727756,11.3779
3174,2,SignFlip,11.4135,0.0862637,11.3964
3174,2,RealAsym,13.7972,0.0521099,13.8869
3174,3,Real,11.7174,0.0741051,11.5923
3174,3,BrokenStick,10.9199,0.0611291,11.0321
3174,3,Uniform,9.50502,0.0466805,9.45688
3174,3,Reshuffle,11.0985,0.0712918,11.1812
3174,3,SignFlip,11.1188,0.0895136,11.1849
3174,3,RealAsym,14.6119,0.0304583,14.5595
3174,4,Real,11.5289,0.0741051,11.6245
3174,4,BrokenStick,11.4537,0.0637168,11.4504
3174,4,Uniform,9.58493,0.0466805,9.69517
3174,4,Reshuffle,11.3867,0.0716064,11.4469
3174,4,SignFlip,11.7295,0.09695,11.7095
3174,4,RealAsym,13.3993,0.0362773,13.4856
3190,0,Real,9.53922,0.0440119,9.58257
3190,0,BrokenStick,8.10681,0.0360761,8.17668
3190,0,Uniform,8.27444,0.0341973,8.41431
3190,0,Reshuffle,9.09136,0.0428153,9.08613
3190,0,SignFlip,8.91808,0.053192,8.97454
3190,0,RealAsym,11.7237,0.0308103,11.7613
3190,1,Real,9.41841,0.0440119,9.60472
3190,1,BrokenStick,8.55889,0.0352863,8.55978
3190,1,Uniform,8.57183,0.0341973,8.54923
3190,1,Reshuffle,9.07942,0.0427859,9.04519
3190,1,SignFlip,9.55575,0.0501143,9.67858
3190,1,RealAsym,12.7405,0.0329098,12.7283
3190,2,Real,9.29199,0.0440119,9.36602
3190,2,BrokenStick,8.1184,0.0361091,8.15677
3190,2,Uniform,8.39046,0.0341973,8.3758
3190,2,Reshuffle,9.77345,0.0492735,9.67228
3190,2,SignFlip,9.93026,0.0506829,9.81711
3190,2,RealAsym,12.9371,0.0387397,12.9871
3190,3,Real,9.39193,0.0440119,9.28921
3190,3,BrokenStick,8.76851,0.0371026,8.79935
3190,3,Uniform,8.21224,0.0341973,8.2267
3190,3,Reshuffle,9.15609,0.0438467,9.30344
3190,3,SignFlip,9.28257,0.0535733,9.34681
3190,3,RealAsym,12.3068,0.038824,12.3924
3190,4,Real,9.63934,0.0440119,9.62152
3190,4,BrokenStick,8.81083,0.0360569,8.74578
3190,4,Uniform,8.37944,0.0341973,8.45566
3190,4,Reshuffle,10.0379,0.047133,9.86133
3190,4,SignFlip,9.67647,0.0521926,9.58292
3190,4,RealAsym,12.0694,0.0335785,12.1219
3219,0,Real,10.9842,0.0686924,11.0766
3219,0,BrokenStick,10.3676,0.0547445,10.4797
3219,0,Uniform,8.23697,0.0376186,8.23963
3219,0,Reshuffle,10.8546,0.0684963,10.9042
3219,0,SignFlip,11.8852,0.114258,11.8165
3219,0,RealAsym,13.0103,0.0332138,13.0551
3219,1,Real,11.1105,0.0686924,11.1597
3219,1,BrokenStick,10.7284,0.0571295,10.6952
3219,1,Uniform,8.4839,0.0376186,8.48364
3219,1,Reshuffle,10.9811,0.0699735,11.1636
3219,1,SignFlip,11.7599,0.109186,11.8923
3219,1,RealAsym,11.9448,0.0400445,11.884
3219,2,Real,11.1718,0.0686924,11.0764
3219,2,BrokenStick,10.132,0.053972,10.1734
3219,2,Uniform,8.50388,0.0376186,8.48619
3219,2,Reshuffle,11.5236,0.0711316,11.3513
3219,2,SignFlip,12.1623,0.0989521,12.0992
3219,2,RealAsym,12.0609,0.0348945,12.0992
3219,3,Real,10.9539,0.0686924,11.0137
3219,3,BrokenStick,9.84592,0.0523257,9.98874
3219,3,Uniform,8.12758,0.0376186,8.16002
3219,3,Reshuffle,10.9528,0.0647784,10.9031
3219,3,SignFlip,11.7321,0.0915149,11.8418
3219,3,RealAsym,11.737,0.0306774,11.744
3219,4,Real,11.3103,0.0686924,11.2756
3219,4,BrokenStick,10.327,0.0546889,10.4124
3219,4,Uniform,8.32088,0.0376186,8.32596
3219,4,Reshuffle,11.4808,0.0694875,11.2539
3219,4,SignFlip,12.0468,0.118826,12.1865
3219,4,RealAsym,11.1132,0.0304403,11.1494
3225,0,Real,9.52328,0.0476506,9.60222
3225,0,BrokenStick,8.9915,0.036111,9.05996
3225,0,Uniform,7.72701,0.0295187,7.7168
3225,0,Reshuffle,10.331,0.0511045,10.1648
3225,0,SignFlip,9.19824,0.0586914,9.20833
3225,0,RealAsym,13.3157,0.0285988,13.2992
3225,1,Real,9.34194,0.0476506,9.54063
3225,1,BrokenStick,8.30898,0.0343672,8.31597
3225,1,Uniform,7.8737,0.0295187,7.94551
3225,1,Reshuffle,10.0589,0.0542481,10.024
3225,1,SignFlip,9.71632,0.0580197,9.81508
3225,1,RealAsym,13.8419,0.0270989,13.808
3225,2,Real,9.32779,0.0476506,9.3976
3225,2,BrokenStick,9.26217,0.0391142,9.16578
3225,2,Uniform,7.70666,0.0295187,7.75859
3225,2,Reshuffle,9.78089,0.0483065,9.7235
3225,2,SignFlip,9.43754,0.0587351,9.56797
3225,2,RealAsym,12.7852,0.0284581,12.7592
3225,3,Real,9.61816,0.0476506,9.67291
3225,3,BrokenStick,8.15429,0.0333603,8.12749
3225,3,Uniform,7.47525,0.0295187,7.50974
3225,3,Reshuffle,10.2144,0.0528162,10.254
3225,3,SignFlip,9.98853,0.0611505,9.95352
3225,3,RealAsym,12.5735,0.0392149,12.6195
3225,4,Real,9.75999,0.0476506,9.7453
3225,4,BrokenStick,9.23219,0.0394785,9.2942
3225,4,Uniform,7.92645,0.0295187,7.99688
3225,4,Reshuffle,10.0343,0.0514799,10.0177
3225,4,SignFlip,10.0502,0.0607624,10.0019
3225,4,RealAsym,12.9919,0.0252582,13.0105
3226,0,Real,10.6731,0.0550646,10.6433
3226,0,BrokenStick,8.19306,0.0342212,8.3409
3226,0,Uniform,7.51178,0.0306081,7.54854
3226,0,Reshuffle,11.36,0.0599,11.2189
3226,0,SignFlip,11.2959,0.0771214,11.335
3226,0,RealAsym,12.8991,0.0291967,12.8379
3226,1,Real,10.6653,0.0550646,10.7615
3226,1,BrokenStick,8.49071,0.0354124,8.51878
3226,1,Uniform,7.51547,0.0306081,7.51227
3226,1,Reshuffle,11.0736,0.0575242,11.0502
3226,1,SignFlip,10.9156,0.0863457,10.8458
3226,1,RealAsym,10.7053,0.0380349,10.7297
3226,2,Real,10.9113,0.0550646,10.8065
3226,2,BrokenStick,8.95972,0.0347126,9.08666
3226,2,Uniform,7.51614,0.0306081,7.55631
3226,2,Reshuffle,10.6437,0.0577432,10.8498
3226,2,SignFlip,10.3004,0.0808091,10.3878
3226,2,RealAsym,12.9957,0.027857,13.0361
3226,3,Real,10.6237,0.0550646,10.7551
3226,3,BrokenStick,8.97491,0.0359044,8.93988
3226,3,Uniform,7.37519,0.0306081,7.3316
3226,3,Reshuffle,11.3286,0.0605723,11.3973
3226,3,SignFlip,10.7869,0.081653,10.7966
3226,3,RealAsym,11.975,0.0256289,11.9151
3226,4,Real,10.9179,0.0550646,10.8647
3226,4,BrokenStick,9.52867,0.0411075,9.51274
3226,4,Uniform,7.55681,0.0306081,7.585
3226,4,Reshuffle,10.9225,0.0647407,10.9675
3226,4,SignFlip,11.1662,0.0714572,11.1873
3226,4,RealAsym,13.3999,0.0278177,13.4696
3234,0,Real,11.3436,0.0615437,11.3452
3234,0,BrokenStick,9.39753,0.0431921,9.35919
3234,0,Uniform,8.19498,0.0335647,8.16264
3234,0,Reshuffle,11.0675,0.0691795,11.2959
3234,0,SignFlip,11.9821,0.08817,12.1546
3234,0,RealAsym,12.6766,0.04032,12.649
3234,1,Real,11.2487,0.0615437,11.2784
3234,1,BrokenStick,10.3146,0.0478705,10.1481
3234,1,Uniform,8.31043,0.0335647,8.35119
3234,1,Reshuffle,10.2434,0.0598647,10.3472
3234,1,SignFlip,11.4562,0.0812709,11.6111
3234,1,RealAsym,12.4465,0.037806,12.4314
3234,2,Real,11.1408,0.0615437,11.2102
3234,2,BrokenStick,9.39208,0.0434549,9.49552
3234,2,Uniform,8.27531,0.0335647,8.34348
3234,2,Reshuffle,11.2311,0.0627081,11.2747
3234,2,SignFlip,11.8219,0.0856106,11.9722
3234,2,RealAsym,13.8266,0.0351568,13.8139
3234,3,Real,11.1204,0.0615437,11.1526
3234,3,BrokenStick,9.43898,0.0428957,9.38441
3234,3,Uniform,8.25507,0.0335647,8.38324
3234,3,Reshuffle,10.9358,0.0627972,10.8956
3234,3,SignFlip,11.6865,0.0918617,11.7935
3234,3,RealAsym,13.6867,0.0362758,13.6619
3234,4,Real,10.673,0.0615437,10.7722
3234,4,BrokenStick,9.33648,0.0455164,9.30418
3234,4,Uniform,8.40191,0.0335647,8.39508
3234,4,Reshuffle,11.0752,0.0644702,11.0578
3234,4,SignFlip,11.6341,0.0785743,11.5151
3234,4,RealAsym,13.0784,0.0335636,13.1883
3236,0,Real,11.0829,0.0661628,11.1755
3236,0,BrokenStick,9.56362,0.0481869,9.64833
3236,0,Uniform,7.84696,0.0346757,7.94651
3236,0,Reshuffle,11.5288,0.0742445,11.5555
3236,0,SignFlip,11.3937,0.0916103,11.5332
3236,0,RealAsym,12.6854,0.0261428,12.6971
3236,1,Real,11.0916,0.0661628,11.1734
3236,1,BrokenStick,10.0133,0.0519222,9.94601
3236,1,Uniform,8.11824,0.0346757,8.11503
3236,1,Reshuffle,11.8189,0.0767536,11.7176
3236,1,SignFlip,12.0746,0.090222,11.8327
3236,1,RealAsym,12.7783,0.0408853,12.7969
3236,2,Real,11.055,0.0661628,11.0154
3236,2,BrokenStick,10.3847,0.0554343,10.3592
3236,2,Uniform,7.59198,0.0346757,7.64756
3236,2,Reshuffle,11.6555,0.0771835,11.6792
3236,2,SignFlip,11.7123,0.0970954,11.687
3236,2,RealAsym,13.2194,0.0305289,13.171
3236,3,Real,10.7846,0.0661628,11.0537
3236,3,BrokenStick,9.6663,0.0512131,9.58501
3236,3,Uniform,8.18028,0.0346757,8.23728
3236,3,Reshuffle,11.295,0.0725991,11.2546
3236,3,SignFlip,11.5056,0.0888245,11.5164
3236,3,RealAsym,13.1205,0.0297384,13.128
3236,4,Real,10.828,0.0661628,10.6429
3236,4,BrokenStick,9.17168,0.0470755,9.25812
3236,4,Uniform,7.88503,0.0346757,8.03402
3236,4,Reshuffle,11.3629,0.0724132,11.3324
3236,4,SignFlip,11.1217,0.0849203,11.2277
3236,4,RealAsym,12.1061,0.0351265,12.1715
3259,0,Real,11.1885,0.067385,11.136
3259,0,BrokenStick,9.68316,0.0467859,9.64331
3259,0,Uniform,8.30782,0.0342438,8.28117
3259,0,Reshuffle,11.4093,0.0745845,11.5925
3259,0,SignFlip,10.9348,0.0824416,11.0331
3259,0,RealAsym,13.3897,0.0320414,13.4034
3259,1,Real,11.4223,0.067385,11.187
3259,1,BrokenStick,9.7506,0.0506287,9.86867
3259,1,Uniform,8.40106,0.0342438,8.37508
3259,1,Reshuffle,11.3387,0.0724312,11.2102
3259,1,SignFlip,11.1176,0.08647,11.1803
3259,1,RealAsym,13.0991,0.0359807,13.054
3259,2,Real,11.165,0.067385,11.2332
3259,2,BrokenStick,9.03641,0.0463628,9.04284
3259,2,Uniform,8.16875,0.0342438,8.26605
3259,2,Reshuffle,11.4586,0.0706346,11.5339
3259,2,SignFlip,11.0348,0.0794721,11.0036
3259,2,RealAsym,13.9389,0.0316139,14.0325
3259,3,Real,11.0875,0.067385,11.3084
3259,3,BrokenStick,9.9745,0.05068,10.0424
3259,3,Uniform,8.51755,0.0342438,8.49365
3259,3,Reshuffle,11.0822,0.0667629,11.0405
3259,3,SignFlip,11.4706,0.0861525,11.5739
3259,3,RealAsym,12.1045,0.035739,12.0326
3259,4,Real,11.3918,0.067385,11.3783
3259,4,BrokenStick,9.31766,0.0480263,9.34119
3259,4,Uniform,8.01288,0.0342438,7.95484
3259,4,Reshuffle,11.0622,0.0679203,11.1186
3259,4,SignFlip,11.1457,0.0779702,11.1854
3259,4,RealAsym,13.8518,0.0322638,13.8459
3261,0,Real,10.1415,0.0534599,10.225
3261,0,BrokenStick,9.31671,0.0409679,9.35395
3261,0,Uniform,8.35774,0.0327689,8.36986
3261,0,Reshuffle,10.2042,0.0500271,10.1551
3261,0,SignFlip,10.6449,0.0667955,10.5258
3261,0,RealAsym,12.4375,0.0304745,12.5201
3261,1,Real,9.86573,0.0534599,9.81799
3261,1,BrokenStick,9.13548,0.0380569,9.17432
3261,1,Uniform,8.22547,0.0327689,8.27261
3261,1,Reshuffle,10.5813,0.0606062,10.4891
3261,1,SignFlip,9.61293,0.0653897,9.65774
3261,1,RealAsym,12.9756,0.0357895,13.0078
3261,2,Real,9.99181,0.0534599,9.95936
3261,2,BrokenStick,9.15528,0.0408276,9.28335
3261,2,Uniform,8.45396,0.0327689,8.40926
3261,2,Reshuffle,10.2408,0.0573838,10.3998
3261,2,SignFlip,10.668,0.0683018,10.7919
3261,2,RealAsym,13.5879,0.0337447,13.5808
3261,3,Real,9.95615,0.0534599,9.87415
3261,3,BrokenStick,9.34811,0.0404976,9.27086
3261,3,Uniform,8.14902,0.0327689,8.16409
3261,3,Reshuffle,10.5737,0.0604277,10.6775
3261,3,SignFlip,10.5341,0.0656039,10.5705
3261,3,RealAsym,11.4945,0.030316,11.4847
3261,4,Real,10.0679,0.0534599,9.99461
3261,4,BrokenStick,9.42489,0.0413883,9.35663
3261,4,Uniform,8.1548,0.0327689,8.16243
3261,4,Reshuffle,10.7677,0.0579992,10.7426
3261,4,SignFlip,10.1055,0.0616673,10.163
3261,4,RealAsym,12.3848,0.0374998,12.4707
3289,0,Real,10.1996,0.057736,10.3407
3289,0,BrokenStick,10.2226,0.0491036,10.2955
3289,0,Uniform,8.58754,0.0364252,8.63069
3289,0,Reshuffle,10.8632,0.063636,10.7219
3289,0,SignFlip,9.84819,0.0658278,9.77588
3289,0,RealAsym,13.417,0.0387539,13.4515
3289,1,Real,10.1301,0.057736,10.2924
3289,1,BrokenStick,9.51715,0.0464511,9.54961
3289,1,Uniform,8.82817,0.0364252,8.7558
3289,1,Reshuffle,10.521,0.0656702,10.806
3289,1,SignFlip,9.86227,0.0659832,9.99589
3289,1,RealAsym,13.2081,0.0262273,13.1806
3289,2,Real,10.2594,0.057736,10.3799
3289,2,BrokenStick,9.76772,0.0508444,9.68872
3289,2,Uniform,8.59441,0.0364252,8.5938
3289,2,Reshuffle,10.0039,0.0602229,10.0992
3289,2,SignFlip,9.8836,0.065651,9.95232
3289,2,RealAsym,12.7307,0.0308649,12.8736
3289,3,Real,9.82789,0.057736,9.86714
3289,3,BrokenStick,9.60915,0.0468631,9.61049
3289,3,Uniform,8.37421,0.0364252,8.46959
3289,3,Reshuffle,10.4048,0.0582062,10.5308
3289,3,SignFlip,9.79676,0.0654863,9.82976
3289,3,RealAsym,12.871,0.0261863,12.8537
3289,4,Real,10.0792,0.057736,10.1682
3289,4,BrokenStick,9.87822,0.0484008,9.92835
3289,4,Uniform,8.62021,0.0364252,8.68742
3289,4,Reshuffle,10.0538,0.0601831,10.1158
3289,4,SignFlip,10.2415,0.0648959,10.2714
3289,4,RealAsym,12.5689,0.0399853,12.5588
3290,0,Real,11.3231,0.0812533,11.4313
3290,0,BrokenStick,10.5493,0.0628053,10.7179
3290,0,Uniform,8.5052,0.0383677,8.5155
3290,0,Reshuffle,11.0572,0.082453,11.1137
3290,0,SignFlip,12.6786,0.154832,12.6053
3290,0,RealAsym,11.4762,0.0354983,11.3702
3290,1,Real,11.2999,0.0812533,11.3623
3290,1,BrokenStick,10.6016,0.0626426,10.4643
3290,1,Uniform,8.51664,0.0383677,8.56457
3290,1,Reshuffle,11.5498,0.0848882,11.4912
3290,1,SignFlip,12.7176,0.152648,12.6513
3290,1,RealAsym,13.0116,0.0418097,13.1222
3290,2,Real,11.5331,0.0812533,11.3077
3290,2,BrokenStick,10.8286,0.0671219,10.929
3290,2,Uniform,8.37779,0.0383677,8.39932
3290,2,Reshuffle,11.5152,0.083733,11.7496
3290,2,SignFlip,12.5228,0.157163,12.6979
3290,2,RealAsym,12.8306,0.0393764,12.7999
3290,3,Real,11.2363,0.0812533,11.4182
3290,3,BrokenStick,10.2457,0.0598463,10.4672
3290,3,Uniform,8.37633,0.0383677,8.43328
3290,3,Reshuffle,11.2417,0.0837155,11.4264
3290,3,SignFlip,12.2583,0.140498,12.3407
3290,3,RealAsym,12.1377,0.0407144,12.2423
3290,4,Real,11.2094,0.0812533,11.2109
3290,4,BrokenStick,11.2837,0.0686973,10.9742
3290,4,Uniform,8.35251,0.0383677,8.36507
3290,4,Reshuffle,11.1897,0.0833107,11.3007
3290,4,SignFlip,12.301,0.11024,12.2608
3290,4,RealAsym,12.1396,0.0384166,12.1366
3297,0,Real,8.70516,0.0432515,8.78856
3297,0,BrokenStick,8.52,0.0335562,8.47042
3297,0,Uniform,8.94475,0.0343861,8.90539
3297,0,Reshuffle,9.10128,0.0432782,9.15748
3297,0,SignFlip,8.72927,0.0446378,8.72888
3297,0,RealAsym,14.567,0.0399815,14.6392
3297,1,Real,8.72754,0.0432515,8.77113
3297,1,BrokenStick,9.10549,0.0348669,9.06721
3297,1,Uniform,8.34918,0.0343861,8.44188
3297,1,Reshuffle,9.51021,0.0439368,9.55876
3297,1,SignFlip,8.37249,0.0444198,8.35483
3297,1,RealAsym,11.8118,0.0200282,11.797
3297,2,Real,8.96577,0.0432515,8.89729
3297,2,BrokenStick,9.05873,0.0352423,8.99912
3297,2,Uniform,8.85956,0.0343861,8.82873
3297,2,Reshuffle,9.21288,0.0417654,9.21697
3297,2,SignFlip,8.80601,0.0450219,8.71155
3297,2,RealAsym,14.6588,0.0350306,14.6487
3297,3,Real,8.90701,0.0432515,8.87482
3297,3,BrokenStick,8.8266,0.0336723,8.74602
3297,3,Uniform,8.27949,0.0343861,8.41492
3297,3,Reshuffle,8.91857,0.0425171,8.96759
3297,3,SignFlip,8.42421,0.0441211,8.52115
3297,3,RealAsym,13.4088,0.0426338,13.3621
3297,4,Real,8.89531,0.0432515,8.92477
3297,4,BrokenStick,9.13517,0.0359037,9.11809
3297,4,Uniform,8.4558,0.0343861,8.40711
3297,4,Reshuffle,9.06247,0.043509,9.07142
3297,4,SignFlip,8.9149,0.0448298,9.04423
3297,4,RealAsym,11.0077,0.0334643,11.1492
3308,0,Real,10.0837,0.0660029,10.1057
3308,0,BrokenStick,10.0954,0.0462306,10.0734
3308,0,Uniform,8.12868,0.0360496,8.12826
3308,0,Reshuffle,10.4477,0.0643437,10.4339
3308,0,SignFlip,10.6372,0.073795,10.5967
3308,0,RealAsym,11.8737,0.034715,11.8786
3308,1,Real,9.96266,0.0660029,10.0808
3308,1,BrokenStick,9.9618,0.046479,10.1847
3308,1,Uniform,8.25585,0.0360496,8.27048
3308,1,Reshuffle,10.2184,0.0663029,10.1676
3308,1,SignFlip,10.5185,0.0737316,10.5537
3308,1,RealAsym,13.4584,0.0334653,13.424
3308,2,Real,10.1544,0.0660029,10.2599
3308,2,BrokenStick,9.53556,0.0465902,9.62136
3308,2,Uniform,8.6805,0.0360496,8.56517
3308,2,Reshuffle,10.7617,0.0635286,10.7906
3308,2,SignFlip,10.3825,0.0728866,10.414
3308,2,RealAsym,13.0953,0.0241722,13.1212
3308,3,Real,10.2933,0.0660029,10.3056
3308,3,BrokenStick,10.3251,0.0489128,10.2939
3308,3,Uniform,8.53974,0.0360496,8.56326
3308,3,Reshuffle,10.6766,0.0665647,10.5284
3308,3,SignFlip,9.99525,0.0725946,9.84948
3308,3,RealAsym,13.1413,0.040278,13.2518
3308,4,Real,10.1907,0.0660029,10.1286
3308,4,BrokenStick,9.83047,0.0467775,9.853
3308,4,Uniform,8.27946,0.0360496,8.30086
3308,4,Reshuffle,9.93667,0.0629501,10.0994
3308,4,SignFlip,9.69889,0.0739214,9.74502
3308,4,RealAsym,13.7638,0.03083,13.8203
3346,0,Real,9.7291,0.0473742,9.73084
3346,0,BrokenStick,9.01618,0.0357119,9.1068
3346,0,Uniform,7.39264,0.0300874,7.39604
3346,0,Reshuffle,9.86286,0.0513514,9.94916
3346,0,SignFlip,9.83102,0.0579157,9.98376
3346,0,RealAsym,13.3251,0.0354513,13.2902
3346,1,Real,9.63874,0.0473742,9.47128
3346,1,BrokenStick,8.69847,0.0366728,8.71911
3346,1,Uniform,7.86779,0.0300874,7.91738
3346,1,Reshuffle,10.0307,0.0511104,9.98019
3346,1,SignFlip,10.5301,0.0608783,10.4793
3346,1,RealAsym,12.6038,0.0268919,12.5749
3346,2,Real,9.97673,0.0473742,10.0188
3346,2,BrokenStick,8.49623,0.0361685,8.48841
3346,2,Uniform,7.78456,0.0300874,7.80146
3346,2,Reshuffle,9.7016,0.0525988,9.65047
3346,2,SignFlip,10.117,0.0605218,10.1051
3346,2,RealAsym,13.0827,0.0324611,12.9823
3346,3,Real,9.74174,0.0473742,9.77513
3346,3,BrokenStick,8.36889,0.0329607,8.44591
3346,3,Uniform,7.48223,0.0300874,7.52141
3346,3,Reshuffle,9.79508,0.0524726,9.68085
3346,3,SignFlip,9.88908,0.054401,9.94904
3346,3,RealAsym,12.2047,0.0277269,12.1892
3346,4,Real,9.90383,0.0473742,9.9739
3346,4,BrokenStick,8.05805,0.0305946,8.11611
3346,4,Uniform,7.85878,0.0300874,7.9542
3346,4,Reshuffle,10.1001,0.048798,10.2362
3346,4,SignFlip,9.94316,0.0544088,10.0241
3346,4,RealAsym,12.9012,0.0236046,12.9187
3389,0,Real,10.5623,0.0631977,10.679
3389,0,BrokenStick,9.25621,0.0409706,9.24755
3389,0,Uniform,8.47184,0.0358722,8.44178
3389,0,Reshuffle,11.1409,0.0646828,11.041
3389,0,SignFlip,10.7299,0.0784674,10.7618
3389,0,RealAsym,13.8097,0.0335969,13.8581
3389,1,Real,10.2021,0.0631977,10.2953
3389,1,BrokenStick,9.40104,0.0430247,9.41965
3389,1,Uniform,8.37704,0.0358722,8.458
3389,1,Reshuffle,10.8948,0.0662758,10.8977
3389,1,SignFlip,10.9832,0.077712,11.007
3389,1,RealAsym,11.9268,0.0268883,11.9321
3389,2,Real,10.5991,0.0631977,10.663
3389,2,BrokenStick,9.87993,0.0461943,9.95772
3389,2,Uniform,8.49031,0.0358722,8.42415
3389,2,Reshuffle,11.3274,0.066188,11.4259
3389,2,SignFlip,11.0177,0.0798366,10.962
3389,2,RealAsym,14.5778,0.0406125,14.4793
3389,3,Real,10.5049,0.0631977,10.4151
3389,3,BrokenStick,10.0923,0.0463822,10.0543
3389,3,Uniform,8.35487,0.0358722,8.31087
3389,3,Reshuffle,10.3402,0.0580983,10.3535
3389,3,SignFlip,10.915,0.0843752,10.9706
3389,3,RealAsym,13.9525,0.0346466,13.9965
3389,4,Real,10.3649,0.0631977,10.4954
3389,4,BrokenStick,9.60596,0.0431375,9.66524
3389,4,Uniform,8.46403,0.0358722,8.46135
3389,4,Reshuffle,10.5946,0.0567863,10.6267
3389,4,SignFlip,10.9593,0.0713551,10.8678
3389,4,RealAsym,12.8705,0.0286184,12.9309
3409,0,Real,10.8197,0.0666341,10.9317
3409,0,BrokenStick,10.6086,0.0528552,10.7085
3409,0,Uniform,8.20159,0.0341547,8.28623
3409,0,Reshuffle,11.226,0.0708515,11.1884
3409,0,SignFlip,12.0759,0.114322,12.028
3409,0,RealAsym,12.49,0.0366982,12.4538
3409,1,Real,11.1428,0.0666341,11.0457
3409,1,BrokenStick,10.3004,0.0508769,10.3323
3409,1,Uniform,8.27722,0.0341547,8.30038
3409,1,Reshuffle,11.5572,0.0758181,11.6316
3409,1,SignFlip,12.3795,0.105999,12.3045
3409,1,RealAsym,13.2132,0.0375797,13.2466
3409,2,Real,10.9672,0.0666341,10.9441
3409,2,BrokenStick,9.01458,0.0483,9.1475
3409,2,Uniform,8.26939,0.0341547,8.29491
3409,2,Reshuffle,11.1863,0.0722371,11.2609
3409,2,SignFlip,12.1596,0.112967,12.3021
3409,2,RealAsym,12.5477,0.0439956,12.4464
3409,3,Real,11.0681,0.0666341,11.0723
3409,3,BrokenStick,9.94254,0.0514709,9.91567
3409,3,Uniform,8.22889,0.0341547,8.1142
3409,3,Reshuffle,11.418,0.0732061,11.1658
3409,3,SignFlip,12.2138,0.104832,12.0196
3409,3,RealAsym,12.6303,0.0287414,12.6118
3409,4,Real,11.1298,0.0666341,11.1042
3409,4,BrokenStick,9.52997,0.0491342,9.42078
3409,4,Uniform,8.10206,0.0341547,8.11309
3409,4,Reshuffle,11.3871,0.0722048,11.4086
3409,4,SignFlip,12.263,0.123519,12.2758
3409,4,RealAsym,12.1019,0.03237,12.1729
3415,0,Real,10.566,0.0584129,10.4601
3415,0,BrokenStick,9.01806,0.0481401,9.13695
3415,0,Uniform,8.52188,0.0378825,8.53649
3415,0,Reshuffle,10.6084,0.0675347,10.6767
3415,0,SignFlip,10.4213,0.0694564,10.4785
3415,0,RealAsym,11.3731,0.0422708,11.4416
3415,1,Real,10.4929,0.0584129,10.5728
3415,1,BrokenStick,9.63378,0.0524718,9.68109
3415,1,Uniform,8.16081,0.0378825,8.1916
3415,1,Reshuffle,10.1964,0.0571648,10.2503
3415,1,SignFlip,10.4148,0.0656474,10.3903
3415,1,RealAsym,12.222,0.0381258,12.2169
3415,2,Real,10.7637,0.0584129,10.6836
3415,2,BrokenStick,9.9764,0.0516954,10.1213
3415,2,Uniform,8.39624,0.0378825,8.42175
3415,2,Reshuffle,10.2981,0.0598567,10.1708
3415,2,SignFlip,10.7891,0.0717843,10.9498
3415,2,RealAsym,12.8433,0.0320285,12.8434
3415,3,Real,10.2567,0.0584129,10.3051
3415,3,BrokenStick,9.54448,0.0500369,9.73146
3415,3,Uniform,8.48236,0.0378825,8.55627
3415,3,Reshuffle,11.0403,0.0687585,10.8385
3415,3,SignFlip,10.4578,0.0696911,10.4713
3415,3,RealAsym,11.996,0.0357429,12.0212
3415,4,Real,10.5079,0.0584129,10.375
3415,4,BrokenStick,9.68797,0.0487704,9.77258
3415,4,Uniform,8.40936,0.0378825,8.45574
3415,4,Reshuffle,10.4768,0.0652332,10.5044
3415,4,SignFlip,10.8637,0.0716974,10.8136
3415,4,RealAsym,12.133,0.0389506,12.1802
3423,0,Real,11.4385,0.0719445,11.3968
3423,0,BrokenStick,10.7511,0.0571896,10.8251
3423,0,Uniform,8.29994,0.0370151,8.28166
3423,0,Reshuffle,11.5558,0.0741946,11.4685
3423,0,SignFlip,11.6089,0.0971495,11.7277
3423,0,RealAsym,12.6898,0.0356466,12.7272
3423,1,Real,11.4771,0.0719445,11.263
3423,1,BrokenStick,10.8205,0.0591371,10.7346
3423,1,Uniform,8.21008,0.0370151,8.24848
3423,1,Reshuffle,11.7381,0.0752762,11.8245
3423,1,SignFlip,11.9121,0.0951634,11.9199
3423,1,RealAsym,13.1501,0.031988,13.0903
3423,2,Real,11.2254,0.0719445,11.1885
3423,2,BrokenStick,11.0616,0.05858,10.8659
3423,2,Uniform,8.1203,0.0370151,8.31302
3423,2,Reshuffle,11.5777,0.0764305,11.6815
3423,2,SignFlip,11.8541,0.0967918,11.8975
3423,2,RealAsym,12.8789,0.0319858,12.9756
3423,3,Real,10.9246,0.0719445,10.8957
3423,3,BrokenStick,10.231,0.0539002,10.2973
3423,3,Uniform,8.21316,0.0370151,8.19646
3423,3,Reshuffle,11.3909,0.075211,11.6264
3423,3,SignFlip,12.1047,0.0958287,12.0282
3423,3,RealAsym,12.2449,0.0378048,12.3679
3423,4,Real,11.2106,0.0719445,11.0452
3423,4,BrokenStick,10.7941,0.0604578,10.7573
3423,4,Uniform,8.22906,0.0370151,8.26268
3423,4,Reshuffle,11.0917,0.0713034,11.2356
3423,4,SignFlip,11.7698,0.0925325,11.8193
3423,4,RealAsym,12.2274,0.0372876,12.3108
3441,0,Real,10.2086,0.0586328,10.2685
3441,0,BrokenStick,10.5819,0.055138,10.5837
3441,0,Uniform,8.62035,0.0390266,8.63413
3441,0,Reshuffle,9.94017,0.057596,10.0525
3441,0,SignFlip,10.8589,0.0765714,10.726
3441,0,RealAsym,13.3952,0.0401161,13.3967
3441,1,Real,10.4875,0.0586328,10.5335
3441,1,BrokenStick,9.2774,0.0462203,9.27459
3441,1,Uniform,8.3557,0.0390266,8.31793
3441,1,Reshuffle,10.3274,0.0585904,10.3444
3441,1,SignFlip,10.1312,0.0734711,10.1114
3441,1,RealAsym,12.3174,0.0415813,12.4021
3441,2,Real,10.311,0.0586328,10.2766
3441,2,BrokenStick,10.0729,0.0536602,9.98365
3441,2,Uniform,8.20034,0.0390266,8.3486
3441,2,Reshuffle,10.866,0.0650127,11.0157
3441,2,SignFlip,10.1048,0.0733058,10.1168
3441,2,RealAsym,13.7109,0.0363903,13.5896
3441,3,Real,10.1698,0.0586328,10.0586
3441,3,BrokenStick,9.87181,0.0517999,9.81452
3441,3,Uniform,8.38,0.0390266,8.37827
3441,3,Reshuffle,10.8573,0.068431,10.7105
3441,3,SignFlip,9.74848,0.0681172,9.93626
3441,3,RealAsym,12.7574,0.0423986,12.6721
3441,4,Real,10.512,0.0586328,10.4872
3441,4,BrokenStick,9.27465,0.0465042,9.26802
3441,4,Uniform,8.54411,0.0390266,8.48566
3441,4,Reshuffle,10.296,0.0621789,10.4129
3441,4,SignFlip,10.1058,0.0727375,10.0226
3441,4,RealAsym,12.3092,0.0341802,12.233
3450,0,Real,10.3853,0.0555092,10.2569
3450,0,BrokenStick,9.43605,0.0439081,9.50723
3450,0,Uniform,7.61484,0.0326263,7.61469
3450,0,Reshuffle,9.67016,0.0546871,9.72502
3450,0,SignFlip,10.2725,0.0639056,10.2064
3450,0,RealAsym,13.4048,0.0288166,13.3208
3450,1,Real,10.2817,0.0555092,10.288
3450,1,BrokenStick,9.28687,0.0426979,9.29318
3450,1,Uniform,7.80076,0.0326263,7.79458
3450,1,Reshuffle,10.1629,0.0564992,10.1044
3450,1,SignFlip,10.2507,0.0642151,10.3691
3450,1,RealAsym,13.0647,0.0335951,13.0452
3450,2,Real,10.5244,0.0555092,10.5244
3450,2,BrokenStick,9.91159,0.0492519,9.89468
3450,2,Uniform,7.9802,0.0326263,7.97761
3450,2,Reshuffle,10.8248,0.0623786,10.8435
3450,2,SignFlip,10.248,0.0617254,10.2515
3450,2,RealAsym,12.9953,0.0376146,12.9909
3450,3,Real,10.4261,0.0555092,10.3161
3450,3,BrokenStick,9.54569,0.0445326,9.46168
3450,3,Uniform,7.79916,0.0326263,7.83578
3450,3,Reshuffle,10.7947,0.0701892,10.8743
3450,3,SignFlip,10.424,0.0632422,10.4256
3450,3,RealAsym,14.2207,0.032743,14.2981
3450,4,Real,10.4495,0.0555092,10.4029
3450,4,BrokenStick,9.2831,0.0450339,9.23064
3450,4,Uniform,8.00173,0.0326263,8.00705
3450,4,Reshuffle,10.5279,0.0616282,10.6391
3450,4,SignFlip,10.6026,0.0663499,10.5756
3450,4,RealAsym,12.7219,0.0310398,12.8199
3456,0,Real,9.14248,0.0430872,9.08762
3456,0,BrokenStick,8.54702,0.0345399,8.49739
3456,0,Uniform,8.21768,0.0316924,8.13584
3456,0,Reshuffle,9.53928,0.0454917,9.56347
3456,0,SignFlip,9.35245,0.0498283,9.38746
3456,0,RealAsym,11.8521,0.0279299,11.8934
3456,1,Real,8.8483,0.0430872,8.91239
3456,1,BrokenStick,8.47491,0.0338326,8.53902
3456,1,Uniform,8.09855,0.0316924,8.14317
3456,1,Reshuffle,9.4376,0.0458099,9.47433
3456,1,SignFlip,9.28492,0.0529492,9.36971
3456,1,RealAsym,12.7585,0.0244996,12.7255
3456,2,Real,9.04413,0.0430872,9.03934
3456,2,BrokenStick,8.83877,0.0352345,8.75664
3456,2,Uniform,7.93163,0.0316924,8.00379
3456,2,Reshuffle,9.63367,0.0454329,9.8035
3456,2,SignFlip,9.10162,0.0497276,9.04344
3456,2,RealAsym,11.7505,0.0296034,11.8178
3456,3,Real,8.65942,0.0430872,8.77866
3456,3,BrokenStick,8.47703,0.0343498,8.45362
3456,3,Uniform,8.11699,0.0316924,8.1737
3456,3,Reshuffle,9.32688,0.0465773,9.35392
3456,3,SignFlip,9.275,0.0502392,9.2081
3456,3,RealAsym,12.3301,0.0359663,12.3487
3456,4,Real,8.91405,0.0430872,8.89346
3456,4,BrokenStick,8.30827,0.0342318,8.35454
3456,4,Uniform,8.15428,0.0316924,8.21168
3456,4,Reshuffle,9.24125,0.0455217,9.2198
3456,4,SignFlip,9.30612,0.0525083,9.38865
3456,4,RealAsym,12.6115,0.0331806,12.5901
3460,0,Real,11.6651,0.0796937,11.6173
3460,0,BrokenStick,9.76162,0.05173,9.74445
3460,0,Uniform,8.39974,0.0356906,8.35881
3460,0,Reshuffle,11.8411,0.0854544,11.863
3460,0,SignFlip,11.9466,0.0933643,11.9298
3460,0,RealAsym,12.8986,0.0330101,12.9072
3460,1,Real,11.3767,0.0796937,11.5184
3460,1,BrokenStick,10.0183,0.0518871,9.83953
3460,1,Uniform,8.4973,0.0356906,8.50191
3460,1,Reshuffle,11.4844,0.0767711,11.4194
3460,1,SignFlip,11.9715,0.0970791,11.8925
3460,1,RealAsym,13.7903,0.0357088,13.7878
3460,2,Real,11.1585,0.0796937,11.3347
3460,2,BrokenStick,9.82026,0.047616,9.88833
3460,2,Uniform,8.64944,0.0356906,8.60031
3460,2,Reshuffle,11.546,0.0840086,11.573
3460,2,SignFlip,11.4116,0.0895393,11.582
3460,2,RealAsym,13.5911,0.0367562,13.6669
3460,3,Real,11.3757,0.0796937,11.4771
3460,3,BrokenStick,10.947,0.0543654,10.8435
3460,3,Uniform,8.41773,0.0356906,8.31171
3460,3,Reshuffle,11.9136,0.0856005,11.9235
3460,3,SignFlip,11.6877,0.0964137,11.6727
3460,3,RealAsym,13.9772,0.0312193,14.0304
3460,4,Real,11.2663,0.0796937,11.4397
3460,4,BrokenStick,10.0497,0.0568823,10.1332
3460,4,Uniform,8.6626,0.0356906,8.57607
3460,4,Reshuffle,11.4427,0.0831664,11.3072
3460,4,SignFlip,11.5258,0.0950042,11.728
3460,4,RealAsym,14.0578,0.0309071,14.1468
3466,0,Real,10.3952,0.0603321,10.3636
3466,0,BrokenStick,9.92737,0.0498637,9.99368
3466,0,Uniform,8.43079,0.0383031,8.28839
3466,0,Reshuffle,10.7584,0.0647838,10.5264
3466,0,SignFlip,10.1471,0.0790221,10.08
3466,0,RealAsym,13.1828,0.0451466,13.2102
3466,1,Real,10.1265,0.0603321,10.2765
3466,1,BrokenStick,9.54258,0.0452979,9.47428
3466,1,Uniform,8.49894,0.0383031,8.47213
3466,1,Reshuffle,10.5774,0.0623394,10.4352
3466,1,SignFlip,10.3551,0.0761231,10.2687
3466,1,RealAsym,14.4058,0.0300471,14.4329
3466,2,Real,10.6072,0.0603321,10.5867
3466,2,BrokenStick,9.48974,0.046298,9.57101
3466,2,Uniform,8.50736,0.0383031,8.51536
3466,2,Reshuffle,10.6551,0.0660765,10.4247
3466,2,SignFlip,10.0094,0.0750251,10.2861
3466,2,RealAsym,14.6716,0.0358773,14.5942
3466,3,Real,10.2438,0.0603321,10.3324
3466,3,BrokenStick,10.3752,0.0519329,10.3322
3466,3,Uniform,8.86595,0.0383031,8.76997
3466,3,Reshuffle,10.6122,0.0671405,10.5967
3466,3,SignFlip,10.9462,0.0759834,10.8061
3466,3,RealAsym,13.9971,0.0348814,14.0257
3466,4,Real,10.4849,0.0603321,10.3974
3466,4,BrokenStick,9.50472,0.0438125,9.47338
3466,4,Uniform,8.77544,0.0383031,8.84071
3466,4,Reshuffle,10.2236,0.0698134,10.3254
3466,4,SignFlip,10.1314,0.0662893,9.9778
3466,4,RealAsym,13.52,0.0425091,13.5281
3468,0,Real,10.0307,0.0494674,10.1762
3468,0,BrokenStick,8.60344,0.0346861,8.5785
3468,0,Uniform,7.52786,0.0288734,7.51842
3468,0,Reshuffle,10.4683,0.0540134,10.5666
3468,0,SignFlip,11.1099,0.0733867,11.087
3468,0,RealAsym,13.268,0.0311646,13.2325
3468,1,Real,9.9922,0.0494674,9.99386
3468,1,BrokenStick,8.77387,0.0370949,8.80139
3468,1,Uniform,7.77307,0.0288734,7.80681
3468,1,Reshuffle,10.7373,0.0540847,10.9017
3468,1,SignFlip,11.0231,0.0644914,11.1792
3468,1,RealAsym,12.4606,0.0225945,12.3994
3468,2,Real,10.3445,0.0494674,10.1107
3468,2,BrokenStick,9.00311,0.0349174,9.09118
3468,2,Uniform,7.48119,0.0288734,7.49909
3468,2,Reshuffle,10.0307,0.0527066,10.1533
3468,2,SignFlip,10.7252,0.0698763,10.6787
3468,2,RealAsym,12.797,0.0278681,12.7637
3468,3,Real,9.9951,0.0494674,9.98033
3468,3,BrokenStick,7.41242,0.0296018,7.46687
3468,3,Uniform,7.64911,0.0288734,7.72478
3468,3,Reshuffle,10.632,0.0550134,10.5865
3468,3,SignFlip,11.3694,0.0775547,11.2578
3468,3,RealAsym,13.1705,0.0244294,13.2208
3468,4,Real,10.0366,0.0494674,10.0156
3468,4,BrokenStick,8.8769,0.0348264,8.94901
3468,4,Uniform,7.66047,0.0288734,7.59335
3468,4,Reshuffle,10.4978,0.0493816,10.4572
3468,4,SignFlip,10.6365,0.0641938,10.5601
3468,4,RealAsym,11.5635,0.0283047,11.5455
3507,0,Real,10.4822,0.0642204,10.3351
3507,0,BrokenStick,9.56043,0.0425501,9.48962
3507,0,Uniform,9.33341,0.0406879,9.23313
3507,0,Reshuffle,10.6123,0.0662429,10.6016
3507,0,SignFlip,9.82103,0.0679135,9.77895
3507,0,RealAsym,14.6546,0.0311246,14.6321
3507,1,Real,10.2888,0.0642204,9.94961
3507,1,BrokenStick,9.83473,0.0432107,9.79944
3507,1,Uniform,9.45721,0.0406879,9.36964
3507,1,Reshuffle,10.3933,0.0717423,10.3417
3507,1,SignFlip,10.0971,0.0786407,10.006
3507,1,RealAsym,14.5807,0.0397489,14.6677
3507,2,Real,10.0464,0.0642204,9.84615
3507,2,BrokenStick,10.5414,0.0484779,10.4911
3507,2,Uniform,8.89201,0.0406879,8.94001
3507,2,Reshuffle,9.91122,0.0651719,9.85707
3507,2,SignFlip,10.3284,0.0696962,10.3807
3507,2,RealAsym,14.3482,0.0372186,14.3939
3507,3,Real,9.87496,0.0642204,10.0391
3507,3,BrokenStick,9.69826,0.0466911,9.63224
3507,3,Uniform,8.8847,0.0406879,8.96046
3507,3,Reshuffle,10.4006,0.0641157,10.4391
3507,3,SignFlip,10.3912,0.0750815,10.3874
3507,3,RealAsym,14.0541,0.0355797,14.0516
3507,4,Real,10.222,0.0642204,10.3099
3507,4,BrokenStick,9.59235,0.0452527,9.79334
3507,4,Uniform,9.03202,0.0406879,9.01174
3507,4,Reshuffle,10.7893,0.0721684,10.9068
3507,4,SignFlip,10.393,0.0682193,10.1888
3507,4,RealAsym,14.1685,0.0404069,14.1759
3524,0,Real,8.97931,0.0456388,9.00025
3524,0,BrokenStick,9.35739,0.0407284,9.2762
3524,0,Uniform,8.14889,0.0322728,8.19231
3524,0,Reshuffle,9.18693,0.0485173,9.18259
3524,0,SignFlip,8.48789,0.0502506,8.61312
3524,0,RealAsym,12.2133,0.0294392,12.2726
3524,1,Real,9.4264,0.0456388,9.43784
3524,1,BrokenStick,8.78214,0.0397844,8.71055
3524,1,Uniform,8.15233,0.0322728,8.23693
3524,1,Reshuffle,9.24408,0.0497978,9.27965
3524,1,SignFlip,8.70149,0.0504223,8.71535
3524,1,RealAsym,12.5045,0.0304809,12.4622
3524,2,Real,9.1524,0.0456388,9.19802
3524,2,BrokenStick,8.78342,0.03817,8.76377
3524,2,Uniform,8.02094,0.0322728,7.98719
3524,2,Reshuffle,8.91584,0.0482629,8.98586
3524,2,SignFlip,8.62762,0.049829,8.71128
3524,2,RealAsym,12.8934,0.0286825,12.9348
3524,3,Real,9.08597,0.0456388,9.19256
3524,3,BrokenStick,9.08737,0.0405601,9.1738
3524,3,Uniform,8.29949,0.0322728,8.3132
3524,3,Reshuffle,9.22593,0.0450377,9.30786
3524,3,SignFlip,8.6599,0.0502624,8.62875
3524,3,RealAsym,12.9603,0.0367552,12.9892
3524,4,Real,9.27446,0.0456388,9.23573
3524,4,BrokenStick,9.23696,0.0397389,9.22097
3524,4,Uniform,8.04687,0.0322728,8.17709
3524,4,Reshuffle,9.16833,0.0478926,9.10238
3524,4,SignFlip,8.70523,0.049557,8.67647
3524,4,RealAsym,12.835,0.0322668,12.8054
3544,0,Real,10.5353,0.0571306,10.4855
3544,0,BrokenStick,9.51431,0.0413354,9.43673
3544,0,Uniform,7.70822,0.0311557,7.7472
3544,0,Reshuffle,10.5951,0.0568361,10.6566
3544,0,SignFlip,11.7173,0.081913,11.5143
3544,0,RealAsym,12.6931,0.0302169,12.6745
3544,1,Real,10.8107,0.0571306,10.8471
3544,1,BrokenStick,9.21654,0.0409297,9.24702
3544,1,Uniform,7.88975,0.0311557,7.91378
3544,1,Reshuffle,10.6599,0.0613138,10.8061
3544,1,SignFlip,11.6985,0.0948866,11.6107
3544,1,RealAsym,13.3835,0.0288811,13.4336
3544,2,Real,10.9282,0.0571306,10.8754
3544,2,BrokenStick,9.68002,0.0409595,9.71621
3544,2,Uniform,8.05777,0.0311557,8.04473
3544,2,Reshuffle,10.1168,0.0554321,10.1057
3544,2,SignFlip,11.583,0.0805801,11.5917
3544,2,RealAsym,12.8035,0.0279253,12.8871
3544,3,Real,10.7349,0.0571306,10.7692
3544,3,BrokenStick,9.86307,0.0427886,9.79852
3544,3,Uniform,8.05579,0.0311557,8.04874
3544,3,Reshuffle,10.6785,0.0559961,10.7324
3544,3,SignFlip,11.6199,0.0811295,11.5263
3544,3,RealAsym,12.0274,0.033721,12.1175
3544,4,Real,10.9609,0.0571306,10.8537
3544,4,BrokenStick,9.3344,0.0394922,9.27233
3544,4,Uniform,7.62699,0.0311557,7.66402
3544,4,Reshuffle,10.9523,0.0568012,10.9034
3544,4,SignFlip,12.0757,0.0893357,11.9734
3544,4,RealAsym,11.797,0.0315654,11.901
3555,0,Real,10.4229,0.0539309,10.5808
3555,0,BrokenStick,9.12324,0.0385805,9.16059
3555,0,Uniform,8.68323,0.0338587,8.60657
3555,0,Reshuffle,10.4443,0.0585427,10.4944
3555,0,SignFlip,10.9522,0.0705554,10.8451
3555,0,RealAsym,13.6398,0.0364577,13.6839
3555,1,Real,10.2655,0.0539309,10.2215
3555,1,BrokenStick,9.27351,0.0412566,9.29378
3555,1,Uniform,8.19873,0.0338587,8.25363
3555,1,Reshuffle,10.8895,0.0585087,10.9005
3555,1,SignFlip,10.8236,0.0659388,10.8997
3555,1,RealAsym,15.0791,0.0384025,14.9474
3555,2,Real,10.1574,0.0539309,10.0498
3555,2,BrokenStick,10.0445,0.0458792,10.1435
3555,2,Uniform,8.54887,0.0338587,8.58266
3555,2,Reshuffle,9.79622,0.0528884,9.84444
3555,2,SignFlip,10.6997,0.0641729,10.631
3555,2,RealAsym,13.1852,0.027571,13.2295
3555,3,Real,10.5303,0.0539309,10.5958
3555,3,BrokenStick,9.89699,0.0443973,10.0336
3555,3,Uniform,8.53162,0.0338587,8.53227
3555,3,Reshuffle,10.133,0.0594983,10.1164
3555,3,SignFlip,10.6584,0.0652432,10.5906
3555,3,RealAsym,14.0243,0.03244,14.0882
3555,4,Real,10.0964,0.0539309,10.1594
3555,4,BrokenStick,9.19939,0.0388852,9.16705
3555,4,Uniform,8.60195,0.0338587,8.62646
3555,4,Reshuffle,10.537,0.0603783,10.5836
3555,4,SignFlip,10.9432,0.066153,10.7935
3555,4,RealAsym,13.4038,0.034651,13.4198
3564,0,Real,8.80326,0.0416883,8.88466
3564,0,BrokenStick,8.67233,0.0352134,8.61439
3564,0,Uniform,8.31177,0.0329985,8.37537
3564,0,Reshuffle,8.67456,0.0416068,8.67005
3564,0,SignFlip,8.21004,0.0436503,8.26697
3564,0,RealAsym,12.814,0.031264,12.8661
3564,1,Real,8.84224,0.0416883,8.85662
3564,1,BrokenStick,8.89724,0.0358352,8.87662
3564,1,Uniform,8.24545,0.0329985,8.23506
3564,1,Reshuffle,8.99346,0.0421594,8.89881
3564,1,SignFlip,8.83752,0.0438325,8.82327
3564,1,RealAsym,12.8989,0.037449,13.0704
3564,2,Real,8.73545,0.0416883,8.69894
3564,2,BrokenStick,9.06405,0.0381942,9.03653
3564,2,Uniform,8.33135,0.0329985,8.34707
3564,2,Reshuffle,8.3452,0.0424067,8.38525
3564,2,SignFlip,8.40015,0.0433493,8.4251
3564,2,RealAsym,12.8401,0.0291528,12.8805
3564,3,Real,8.78086,0.0416883,8.87778
3564,3,BrokenStick,8.79837,0.0367976,8.90332
3564,3,Uniform,8.39001,0.0329985,8.3785
3564,3,Reshuffle,8.67306,0.0417905,8.72544
3564,3,SignFlip,8.89547,0.0430168,8.79728
3564,3,RealAsym,11.8585,0.0256758,11.8076
3564,4,Real,8.89427,0.0416883,8.78419
3564,4,BrokenStick,8.91912,0.0361723,8.97172
3564,4,Uniform,8.26956,0.0329985,8.27702
3564,4,Reshuffle,8.45604,0.042225,8.49234
3564,4,SignFlip,8.63471,0.0436804,8.62343
3564,4,RealAsym,14.0867,0.0377481,14.1077
3565,0,Real,9.60885,0.051353,9.68629
3565,0,BrokenStick,9.33372,0.0401407,9.34211
3565,0,Uniform,8.27498,0.0340851,8.3452
3565,0,Reshuffle,9.08775,0.0500994,9.19342
3565,0,SignFlip,10.3164,0.0556332,10.2453
3565,0,RealAsym,13.155,0.0354124,13.1999
3565,1,Real,10.0504,0.051353,9.91779
3565,1,BrokenStick,9.61903,0.0427141,9.67063
3565,1,Uniform,8.25791,0.0340851,8.29853
3565,1,Reshuffle,9.73776,0.0477541,9.78859
3565,1,SignFlip,9.66889,0.0568278,9.66926
3565,1,RealAsym,14.1957,0.0348182,14.2946
3565,2,Real,9.77876,0.051353,9.84837
3565,2,BrokenStick,9.51726,0.0404832,9.42837
3565,2,Uniform,8.10415,0.0340851,8.13186
3565,2,Reshuffle,10.041,0.0535854,9.97433
3565,2,SignFlip,9.76148,0.0593353,9.77729
3565,2,RealAsym,12.6692,0.0255059,12.7382
3565,3,Real,9.76144,0.051353,9.88626
3565,3,BrokenStick,9.16045,0.0397216,9.16523
3565,3,Uniform,7.95826,0.0340851,7.93918
3565,3,Reshuffle,9.73493,0.0544862,9.64085
3565,3,SignFlip,10.0473,0.0557472,10.0125
3565,3,RealAsym,11.3262,0.0326407,11.2846
3565,4,Real,9.76072,0.051353,9.78136
3565,4,BrokenStick,9.28898,0.0403562,9.23636
3565,4,Uniform,8.31508,0.0340851,8.31666
3565,4,Reshuffle,9.48197,0.048881,9.67552
3565,4,SignFlip,9.86708,0.0554273,9.8964
3565,4,RealAsym,12.8935,0.0281982,12.8754
3604,0,Real,10.1801,0.0533295,10.1397
3604,0,BrokenStick,10.3789,0.0529532,10.3324
3604,0,Uniform,8.34091,0.036987,8.35962
3604,0,Reshuffle,10.5058,0.0567425,10.5262
3604,0,SignFlip,10.4134,0.0689872,10.4348
3604,0,RealAsym,12.7468,0.0450101,12.7166
3604,1,Real,10.0706,0.0533295,10.1535
3604,1,BrokenStick,10.0481,0.0460258,9.98969
3604,1,Uniform,8.54907,0.036987,8.51986
3604,1,Reshuffle,10.1262,0.0577908,10.1052
3604,1,SignFlip,10.5372,0.0682292,10.4078
3604,1,RealAsym,11.3195,0.0344224,11.3733
3604,2,Real,10.0501,0.0533295,10.1084
3604,2,BrokenStick,9.60244,0.044491,9.80486
3604,2,Uniform,8.46168,0.036987,8.57912
3604,2,Reshuffle,10.668,0.0576989,10.7252
3604,2,SignFlip,10.7091,0.0676169,10.6131
3604,2,RealAsym,13.7886,0.037376,13.7984
3604,3,Real,10.3218,0.0533295,10.2163
3604,3,BrokenStick,9.50005,0.0462392,9.44556
3604,3,Uniform,8.46373,0.036987,8.43405
3604,3,Reshuffle,9.94525,0.0556004,9.9587
3604,3,SignFlip,10.2165,0.0686162,10.133
3604,3,RealAsym,12.0566,0.0278394,12.1985
3604,4,Real,10.0914,0.0533295,10.2493
3604,4,BrokenStick,10.2667,0.0504093,10.3722
3604,4,Uniform,8.71478,0.036987,8.68881
3604,4,Reshuffle,10.6142,0.0568222,10.5782
3604,4,SignFlip,10.3868,0.0642593,10.3013
3604,4,RealAsym,14.0619,0.0390205,14.1053
3615,0,Real,11.5762,0.0831843,11.5318
3615,0,BrokenStick,9.99031,0.0550534,9.92996
3615,0,Uniform,8.21213,0.0363534,8.2028
3615,0,Reshuffle,11.4377,0.0789694,11.5021
3615,0,SignFlip,11.9722,0.134684,12.2133
3615,0,RealAsym,12.1947,0.0387828,12.233
3615,1,Real,11.7362,0.0831843,11.7258
3615,1,BrokenStick,10.5016,0.0599595,10.4881
3615,1,Uniform,8.23375,0.0363534,8.24986
3615,1,Reshuffle,11.6622,0.083053,11.6849
3615,1,SignFlip,12.1924,0.136869,12.3619
3615,1,RealAsym,12.9136,0.033785,12.9322
3615,2,Real,11.7856,0.0831843,11.7714
3615,2,BrokenStick,10.3087,0.0575978,10.2647
3615,2,Uniform,8.12577,0.0363534,8.2021
3615,2,Reshuffle,11.2677,0.0761047,11.4088
3615,2,SignFlip,12.3872,0.124224,12.2277
3615,2,RealAsym,12.3543,0.0352351,12.2934
3615,3,Real,11.4894,0.0831843,11.5498
3615,3,BrokenStick,10.0863,0.0564664,10.095
3615,3,Uniform,7.91837,0.0363534,7.86138
3615,3,Reshuffle,11.2496,0.0753667,11.3394
3615,3,SignFlip,12.4895,0.130349,12.3373
3615,3,RealAsym,11.7507,0.0370559,11.6862
3615,4,Real,11.8852,0.0831843,11.8164
3615,4,BrokenStick,10.0235,0.0571841,10.1644
3615,4,Uniform,8.1041,0.0363534,8.22622
3615,4,Reshuffle,11.6803,0.0806631,11.7284
3615,4,SignFlip,12.2039,0.116588,12.2669
3615,4,RealAsym,11.9512,0.0338922,11.9734
3690,0,Real,11.0398,0.0681425,11.0354
3690,0,BrokenStick,10.3285,0.0562388,10.467
3690,0,Uniform,8.09542,0.0368896,8.07244
3690,0,Reshuffle,11.1171,0.070609,10.9091
3690,0,SignFlip,11.2537,0.0816827,11.2975
3690,0,RealAsym,12.1706,0.0344431,12.1987
3690,1,Real,11.2865,0.0681425,11.1666
3690,1,BrokenStick,9.90627,0.0505732,9.9992
3690,1,Uniform,8.23661,0.0368896,8.17829
3690,1,Reshuffle,10.6183,0.0657291,10.6105
3690,1,SignFlip,11.0471,0.0795115,11.0712
3690,1,RealAsym,11.9415,0.043322,11.9834
3690,2,Real,11.1444,0.0681425,11.0898
3690,2,BrokenStick,10.5059,0.0539326,10.4202
3690,2,Uniform,8.37098,0.0368896,8.38072
3690,2,Reshuffle,10.4261,0.0643759,10.3804
3690,2,SignFlip,11.3106,0.0805177,11.4646
3690,2,RealAsym,11.9316,0.0363387,11.9848
3690,3,Real,10.9001,0.0681425,11.0435
3690,3,BrokenStick,10.2529,0.0532566,10.2676
3690,3,Uniform,8.62761,0.0368896,8.61605
3690,3,Reshuffle,10.8821,0.0682194,10.7826
3690,3,SignFlip,10.8128,0.0799356,10.8931
3690,3,RealAsym,12.6491,0.037994,12.7458
3690,4,Real,11.1288,0.0681425,11.1168
3690,4,BrokenStick,10.1407,0.0554508,10.2477
3690,4,Uniform,8.29607,0.0368896,8.27643
3690,4,Reshuffle,10.8083,0.0644151,10.6917
3690,4,SignFlip,11.0689,0.0817831,11.2204
3690,4,RealAsym,12.2526,0.0503284,12.4109
3724,0,Real,9.9353,0.0462503,9.97964
3724,0,BrokenStick,8.88666,0.0338026,8.90925
3724,0,Uniform,8.11711,0.0291432,8.16361
3724,0,Reshuffle,10.7675,0.0538202,10.7433
3724,0,SignFlip,10.0894,0.0596195,10.1911
3724,0,RealAsym,12.9203,0.0237683,12.9954
3724,1,Real,9.76501,0.0462503,9.88232
3724,1,BrokenStick,8.19659,0.032091,8.23308
3724,1,Uniform,7.87768,0.0291432,7.85712
3724,1,Reshuffle,9.56441,0.0468874,9.73962
3724,1,SignFlip,10.8963,0.0689793,11.1287
3724,1,RealAsym,14.228,0.0291791,14.203
3724,2,Real,10.2505,0.0462503,10.1656
3724,2,BrokenStick,8.61363,0.0328096,8.57897
3724,2,Uniform,7.68777,0.0291432,7.72983
3724,2,Reshuffle,10.8554,0.0534988,10.8629
3724,2,SignFlip,10.3461,0.0593896,10.4645
3724,2,RealAsym,14.0758,0.0307929,14.0708
3724,3,Real,10.2206,0.0462503,10.2799
3724,3,BrokenStick,9.05547,0.0335309,9.0521
3724,3,Uniform,7.55231,0.0291432,7.64786
3724,3,Reshuffle,10.339,0.0501126,10.3189
3724,3,SignFlip,10.4916,0.0664898,10.6951
3724,3,RealAsym,12.8793,0.0278112,12.899
3724,4,Real,10.2634,0.0462503,10.2222
3724,4,BrokenStick,8.39105,0.0317503,8.43011
3724,4,Uniform,7.72183,0.0291432,7.73668
3724,4,Reshuffle,10.4958,0.0500515,10.5081
3724,4,SignFlip,10.9398,0.0662922,10.8878
3724,4,RealAsym,13.2082,0.0262514,13.2447
3754,0,Real,8.59159,0.0428241,8.62973
3754,0,BrokenStick,8.56955,0.035264,8.4251
3754,0,Uniform,7.92769,0.0306876,8.01887
3754,0,Reshuffle,8.40921,0.043548,8.3656
3754,0,SignFlip,8.54551,0.0465025,8.49686
3754,0,RealAsym,13.2698,0.0366487,13.3362
3754,1,Real,8.70059,0.0428241,8.76174
3754,1,BrokenStick,8.76949,0.037349,8.82622
3754,1,Uniform,7.97281,0.0306876,7.98002
3754,1,Reshuffle,8.80411,0.0435897,8.77289
3754,1,SignFlip,8.75708,0.0458245,8.66912
3754,1,RealAsym,12.879,0.0385099,12.8516
3754,2,Real,8.83082,0.0428241,8.8973
3754,2,BrokenStick,9.22258,0.0409352,9.15605
3754,2,Uniform,8.11716,0.0306876,8.15852
3754,2,Reshuffle,8.9646,0.0444308,9.05862
3754,2,SignFlip,8.30972,0.0458642,8.31324
3754,2,RealAsym,11.6283,0.0403152,11.6235
3754,3,Real,8.66684,0.0428241,8.85212
3754,3,BrokenStick,8.04846,0.0326481,8.16648
3754,3,Uniform,8.07604,0.0306876,8.10176
3754,3,Reshuffle,8.78584,0.0448556,8.87894
3754,3,SignFlip,8.48535,0.0458907,8.48618
3754,3,RealAsym,13.8238,0.0525938,13.872
3754,4,Real,8.87618,0.0428241,8.85312
3754,4,BrokenStick,8.53327,0.036746,8.57894
3754,4,Uniform,8.08877,0.0306876,8.14368
3754,4,Reshuffle,8.96594,0.0440114,8.89454
3754,4,SignFlip,8.67219,0.0460557,8.6481
3754,4,RealAsym,13.6484,0.0400307,13.7327
3818,0,Real,9.99781,0.0489067,9.97059
3818,0,BrokenStick,9.13952,0.0384253,9.25868
3818,0,Uniform,8.11427,0.0316621,8.14732
3818,0,Reshuffle,10.8752,0.0610323,10.7562
3818,0,SignFlip,9.79188,0.0601426,9.89081
3818,0,RealAsym,12.1857,0.0257076,12.1587
3818,1,Real,9.84029,0.0489067,9.91468
3818,1,BrokenStick,9.03703,0.0387578,9.06719
3818,1,Uniform,7.98473,0.0316621,8.00978
3818,1,Reshuffle,10.018,0.0551605,10.026
3818,1,SignFlip,10.2219,0.0598656,10.1958
3818,1,RealAsym,13.7734,0.0255872,13.84
3818,2,Real,9.56032,0.0489067,9.796
3818,2,BrokenStick,9.21962,0.0400204,9.2416
3818,2,Uniform,8.17143,0.0316621,8.19207
3818,2,Reshuffle,10.0582,0.0539479,10.1077
3818,2,SignFlip,9.73755,0.0613614,9.88229
3818,2,RealAsym,13.4916,0.0220073,13.5622
3818,3,Real,9.96654,0.0489067,9.91726
3818,3,BrokenStick,9.41386,0.0407749,9.39695
3818,3,Uniform,7.6377,0.0316621,7.65585
3818,3,Reshuffle,9.78566,0.0532883,9.74557
3818,3,SignFlip,10.4265,0.0570358,10.2392
3818,3,RealAsym,14.2186,0.0340756,14.169
3818,4,Real,9.58703,0.0489067,9.8314
3818,4,BrokenStick,9.09825,0.0394092,9.22296
3818,4,Uniform,8.20134,0.0316621,8.2413
3818,4,Reshuffle,10.2925,0.0526118,10.2565
3818,4,SignFlip,10.4814,0.0601319,10.4862
3818,4,RealAsym,14.7568,0.0326451,14.7749
3830,0,Real,11.6957,0.0842727,11.5984
3830,0,BrokenStick,10.94,0.0580457,10.9894
3830,0,Uniform,9.04487,0.0431359,8.9991
3830,0,Reshuffle,11.7793,0.0871722,11.6431
3830,0,SignFlip,11.888,0.100692,12.1192
3830,0,RealAsym,13.7039,0.0516298,13.7625
3830,1,Real,11.5486,0.0842727,11.5919
3830,1,BrokenStick,10.7542,0.0609658,10.7958
3830,1,Uniform,8.99296,0.0431359,9.03085
3830,1,Reshuffle,11.6991,0.0810989,11.642
3830,1,SignFlip,11.8937,0.106058,11.9255
3830,1,RealAsym,14.4078,0.044775,14.3791
3830,2,Real,11.2164,0.0842727,11.2885
3830,2,BrokenStick,10.9072,0.0588577,11.0501
3830,2,Uniform,8.98287,0.0431359,8.96914
3830,2,Reshuffle,11.6879,0.0799931,11.7673
3830,2,SignFlip,11.9359,0.102134,11.9158
3830,2,RealAsym,13.7369,0.0409082,13.7423
3830,3,Real,11.1656,0.0842727,11.2478
3830,3,BrokenStick,10.1797,0.0590297,10.2913
3830,3,Uniform,9.08402,0.0431359,8.97973
3830,3,Reshuffle,11.7606,0.0815513,11.9427
3830,3,SignFlip,11.4913,0.104995,11.8199
3830,3,RealAsym,12.5878,0.0395798,12.6382
3830,4,Real,11.7348,0.0842727,11.6635
3830,4,BrokenStick,10.7623,0.0585601,10.7706
3830,4,Uniform,8.66629,0.0431359,8.67902
3830,4,Reshuffle,11.8533,0.0801604,11.771
3830,4,SignFlip,12.0054,0.108411,11.9442
3830,4,RealAsym,13.0748,0.0341807,13.037
3838,0,Real,9.4352,0.045987,9.46937
3838,0,BrokenStick,9.09595,0.0399417,9.11723
3838,0,Uniform,8.10805,0.0291992,8.10171
3838,0,Reshuffle,9.42625,0.0491359,9.50876
3838,0,SignFlip,9.22851,0.0506966,9.30087
3838,0,RealAsym,12.0737,0.0233934,12.1077
3838,1,Real,9.21319,0.045987,9.30238
3838,1,BrokenStick,9.12679,0.037901,9.21194
3838,1,Uniform,8.1001,0.0291992,8.07806
3838,1,Reshuffle,9.67775,0.0473211,9.68463
3838,1,SignFlip,8.97956,0.0517734,8.98001
3838,1,RealAsym,12.6808,0.0226578,12.7695
3838,2,Real,9.12563,0.045987,9.18292
3838,2,BrokenStick,8.65151,0.0391401,8.63874
3838,2,Uniform,7.60453,0.0291992,7.66508
3838,2,Reshuffle,9.25144,0.0502861,9.31128
3838,2,SignFlip,9.30087,0.0502917,9.23116
3838,2,RealAsym,12.0487,0.0234147,12.0404
3838,3,Real,9.09466,0.045987,9.21675
3838,3,BrokenStick,9.9557,0.0449356,10.0563
3838,3,Uniform,7.23659,0.0291992,7.3113
3838,3,Reshuffle,9.65928,0.049141,9.74658
3838,3,SignFlip,8.94474,0.0506795,8.98366
3838,3,RealAsym,12.0289,0.0324111,12.0679
3838,4,Real,9.15651,0.045987,9.12141
3838,4,BrokenStick,9.00391,0.038258,9.0496
3838,4,Uniform,7.91359,0.0291992,7.86356
3838,4,Reshuffle,9.05082,0.0454538,9.23463
3838,4,SignFlip,9.03571,0.0508052,9.21283
3838,4,RealAsym,13.3352,0.0306989,13.4012
3849,0,Real,9.91412,0.0468303,10.0262
3849,0,BrokenStick,9.42535,0.0431952,9.34049
3849,0,Uniform,7.4146,0.027627,7.43287
3849,0,Reshuffle,10.2826,0.0489816,10.3392
3849,0,SignFlip,9.59292,0.0592785,9.57605
3849,0,RealAsym,12.5362,0.0260132,12.5299
3849,1,Real,9.97524,0.0468303,9.82906
3849,1,BrokenStick,8.76503,0.0319884,8.74459
3849,1,Uniform,7.66873,0.027627,7.74221
3849,1,Reshuffle,9.66825,0.0488583,9.76979
3849,1,SignFlip,9.96294,0.0618859,9.94358
3849,1,RealAsym,13.3616,0.0336965,13.3517
3849,2,Real,9.72524,0.0468303,9.6371
3849,2,BrokenStick,8.51037,0.0323849,8.48396
3849,2,Uniform,7.28943,0.027627,7.31712
3849,2,Reshuffle,10.1668,0.0521402,10.2115
3849,2,SignFlip,9.64579,0.056596,9.59469
3849,2,RealAsym,12.1376,0.0259787,12.2426
3849,3,Real,9.86488,0.0468303,9.86071
3849,3,BrokenStick,8.63587,0.0325501,8.59728
3849,3,Uniform,7.51376,0.027627,7.56343
3849,3,Reshuffle,9.67469,0.0515427,9.70312
3849,3,SignFlip,10.0242,0.0602177,10.0886
3849,3,RealAsym,12.0023,0.0373689,11.9965
3849,4,Real,9.81265,0.0468303,9.88794
3849,4,BrokenStick,8.75254,0.0342205,8.7397
3849,4,Uniform,7.78211,0.027627,7.79702
3849,4,Reshuffle,10.1125,0.049834,10.0467
3849,4,SignFlip,10.2206,0.0618716,10.1196
3849,4,RealAsym,12.7178,0.0302617,12.789
